full_name,commits_date,file_name,commit_sha,new_commits_sha,commits_times
scikit-signal/tftb,2025-01-28T07:22:32Z,python-app.yml,b9347ca5a775eabd41900da272de2a0b12bc5a1b,b9347ca5a775eabd41900da272de2a0b12bc5a1b,0
jeanralphaviles/comment_parser,2024-12-25T04:43:39Z,test.yml,bd3e1c9cb8d7e52f0a3afd1c86404d3199259f4e,bd3e1c9cb8d7e52f0a3afd1c86404d3199259f4e,0
georgeyk/belogging,2024-12-18T19:45:25Z,ci.yaml,9fdaec6e78d870768ca539c87fb609e002a2521b,9fdaec6e78d870768ca539c87fb609e002a2521b,0
OpenAPITools/openapi-generator-pip,2024-12-01T00:56:14Z,publish.yaml,6561d0606f6484873e817ced45c1a879a5590f72,2832d87cbe2d56f518b1afcd885498d0a8ce348d,8
demianw/tract_querier,2024-11-26T17:18:38Z,test_package.yaml,4549c8e747e617747f5171b79108a157a7a7f3b5,035eebd01cbe920dec8dbe3db402e94544765ff1,1
christianbrodbeck/eelbrain,2024-11-26T17:12:39Z,python-package-conda.yml,77acc09716ce9802e040f21d712fd5cb7deb4dea,fb6ae9450414323245ba3c6f090af91a97dbb1b1,1
cuducos/webassets-elm,2024-11-04T15:09:22Z,tests.yml,61601fca78fbc36efbdda0288c631a98abf7e716,9687fd6af8a57b8020cb7c0db234aab09746289a,1
mozilla/foxpuppet,2024-10-16T16:50:38Z,linux_tests.yml,fafd68928230f6d2f11bd1878ff8b0bf00b86bfb,fafd68928230f6d2f11bd1878ff8b0bf00b86bfb,0
holzhaus/sphinx-multiversion,2024-10-03T21:05:12Z,build.yml,f5bda9ac8a488be51485fdeb6562f11d46d78818,9fcb06e160b530d87c00dd93584bd56fef659d2a,6
sphinx-contrib/multiversion,2024-10-03T21:05:12Z,build.yml,f5bda9ac8a488be51485fdeb6562f11d46d78818,9fcb06e160b530d87c00dd93584bd56fef659d2a,6
jaidevd/numerizer,2024-09-26T08:21:34Z,python-app.yml,4c56149995f22710cda58aabfa1720aab95406a2,4c56149995f22710cda58aabfa1720aab95406a2,0
letterror/ufoprocessor,2024-08-15T19:55:22Z,release.yml,b7afd1681830d2cb87b29503b2a0c5cfe03a752b,b7afd1681830d2cb87b29503b2a0c5cfe03a752b,0
beaglecli/beagle,2024-07-23T14:49:40Z,main.yml,14b57cf19c98aaadc19a120666e615bb9667d937,14b57cf19c98aaadc19a120666e615bb9667d937,0
keeprocking/pygelf,2024-07-09T13:23:21Z,tests.yml,504348d1a3a32028a9249ed38c9a1ee53fd26c23,a8f1d77d0a448bc46dca7757bf3168fc0bc24cf3,1
riptano/ccm,2024-06-16T05:31:57Z,main.yml,09a6553381de70af1a7efde4e3f707d5a5a4e112,09a6553381de70af1a7efde4e3f707d5a5a4e112,0
jacebrowning/datafiles,2024-05-18T21:51:49Z,main.yml,ae3c0663fe1bd18cbfe39030aa658a00f8b7abe8,8b6be2a7d056920e7dddec0b08bf83a20c08d8e2,2
webrecorder/warcio,2024-05-13T15:51:29Z,ci.yaml,2ea7f7de836ced707c78e9e1c8a9a516a4c7862c,92edc563758ac268a5405156d53c66f1e7ceb90c,1
mrworf/iceshelf,2024-04-21T20:26:23Z,python-app.yml,f1a69b55fe8e84245c136ff40fc047e0f5abf5d9,f1a69b55fe8e84245c136ff40fc047e0f5abf5d9,1
areski/python-nvd3,2024-04-18T13:16:04Z,python-tests.yml,b6fa40d68fe07057eda674aa6987175fc463fc4b,b6fa40d68fe07057eda674aa6987175fc463fc4b,0
simon-weber/python-libfaketime,2024-04-12T12:11:42Z,tests.yaml,01c00bf9cc5886fd13481e298b066be4d6c3b651,de827b14628b130d4b5c8b3b8660da2964ef849d,1
posterior/goftests,2024-02-17T03:43:39Z,python-app.yml,0ef0830cf0938b875ec804d6b82d9792e659ea2a,0ef0830cf0938b875ec804d6b82d9792e659ea2a,0
censoredusername/unrpyc,2024-02-12T12:36:02Z,python-app.yaml,68c3d027e29010b29a34fe3f4ff0307a9e94a99b,68c3d027e29010b29a34fe3f4ff0307a9e94a99b,5
dylan-profiler/visions,2021-12-05T19:25:42Z,tests.yml,f9bf82872f6de4c68f18172f33604f094c6608d5,f9bf82872f6de4c68f18172f33604f094c6608d5,3
googlechromelabs/pywebsocket3,2024-01-30T05:46:25Z,python-package.yml,3a1011f8ac40c9df81cec39563c93addb8d9436e,3a1011f8ac40c9df81cec39563c93addb8d9436e,0
clalancette/oz,2024-01-25T01:49:12Z,ci.yml,c59c3417db54c26aac092b1463f130f7540aa33a,8a6b983ce9389abdd75216568323cbca037f70bb,1
andhus/dirhash-python,2024-01-15T21:54:23Z,test.yml,c2f4f53da789aba2f105b892bd66921df8cfc4a7,c2f4f53da789aba2f105b892bd66921df8cfc4a7,0
jmozmoz/cloudmap,2024-01-13T15:22:36Z,python-package.yml,b7fc66e4a0d5ef81b5ce5f573c76af6355c53491,b7fc66e4a0d5ef81b5ce5f573c76af6355c53491,0
alir3z4/html2text,2023-12-22T20:23:12Z,main.yml,8c4f446c97e7b74641af0243e02dde6ac995f1fb,8c4f446c97e7b74641af0243e02dde6ac995f1fb,0
flozz/pypapi,2023-12-12T12:17:06Z,python-ci.yml,5b8cbb960221d34398a42599bcd966fbf5af1018,680717651eb6b73cea415612d1bc0dbeaf295e54,1
jsocol/django-adminplus,2023-12-05T16:35:43Z,ci.yml,6cd2e9e0f93a01afcbfd3383c1f56a89a93b37b0,f44ab3ec782dd8d8ff78f71854de7f0d3aa10b4d,2
awickert/gflex,2023-12-01T21:55:06Z,test.yml,9b38a82b2e5c18e4ab9a424ff3ab1208b5ed68cb,9b38a82b2e5c18e4ab9a424ff3ab1208b5ed68cb,0
decalage2/olefile,2023-11-23T12:32:33Z,test.yml,18acbf4e2ff25c59f97a148b8bc5ba0a17cf9c26,18acbf4e2ff25c59f97a148b8bc5ba0a17cf9c26,0
nap/jaro-winkler-distance,2023-11-11T19:17:20Z,workflow.yml,dc99f738c58ed167348bafabf72fc5bddd0ea2aa,221e858a3b48d773afd06f8c086363e2a34de4ad,1
duecredit/duecredit,2023-11-09T14:54:21Z,test.yml,e7cd73238fe06bf084a31b1665637c5c69efe2c9,e7cd73238fe06bf084a31b1665637c5c69efe2c9,0
benbrostoff/draftfast,2023-11-05T14:55:02Z,main.yml,6de1f7e62f89d1dfc1a597fd91e3807bae0540dc,8f07c013a60ffecf8cb1c6de9e1c1e5e1b852197,5
robweber/xbmclibraryautoupdate,2023-10-20T16:28:19Z,flake8.yml,6a657881cadaca0421e3d11c4f0aa36f83df0f1d,b4310b8f8e84d5c9696c01cf5617b53736f296da,3
molmed/checkqc,2023-10-19T08:35:22Z,unit_tests.yml,17ddc652165fc588d2b5cc3f1683cc3c5b8d6357,17ddc652165fc588d2b5cc3f1683cc3c5b8d6357,0
dirkmoors/drf-tus,2023-10-13T09:33:52Z,ci.yml,c24b82202692f331ab02170107398d84fa326e90,f3357c0b8193bbb5baa04f03910db3d303aefbb4,1
peshay/btcde,2023-10-02T13:37:30Z,main.yml,fa112a3eabc10b954f1d204b9f97b10aa6a5d23b,fa112a3eabc10b954f1d204b9f97b10aa6a5d23b,0
nitmir/django-cas-server,2023-09-13T09:47:45Z,github-actions.yml,97e3b34fb195f4977f68adc8d927d00b911531c4,97e3b34fb195f4977f68adc8d927d00b911531c4,0
pygame/pygameweb,2023-09-10T08:33:00Z,test.yml,f029d2a7a26a6bddcd0f451b8f78cde9b4a80dd4,f029d2a7a26a6bddcd0f451b8f78cde9b4a80dd4,0
sphinx-contrib/apidoc,2023-09-04T09:26:33Z,ci.yaml,31d2857ab604dcd351a1e6f7e9b88fc3975969b5,d0505e0cb621f5dc9ed343fc71bb821f3d01e8b7,3
sammyfung/hk0weather,2023-08-31T15:49:13Z,hk0weather-tests.yml,901723011038756bea4ae6b6abe72f2c81045f21,901723011038756bea4ae6b6abe72f2c81045f21,7
yelp/fuzz-lightyear,2023-08-16T14:47:40Z,fuzz-lightyear-build.yml,98aef57239cb9356927c50ee1c35eddedbe3acd7,1f941c007be8714e6fd866f6872231341bf2e113,1
ricardobranco777/clean_registry,2023-08-06T11:47:10Z,ci.yml,ecf28f98763ca87c3b8685dd72f1f115284540de,61ae717bbc6c23b77113669bc4069d6604a9c8d7,5
lgoodridge/django-uniauth,2023-07-23T03:03:52Z,run_tests.yml,04ac2a6b9d035d87d76fbf86557c77adcfe5dd5b,04ac2a6b9d035d87d76fbf86557c77adcfe5dd5b,0
seantis/suitable,2023-07-19T11:20:58Z,python-pr.yaml,7975ee7b1731c7527dc7c89343008a933b5eb62a,7975ee7b1731c7527dc7c89343008a933b5eb62a,0
oe-alliance/autobouquetsmaker,2023-07-03T16:37:02Z,autobouquetsmaker.yml,1b99ab533a809d5545c87e8738a5b5d1a8ff151d,004ab6347f39503297c2d9c96b9166367658ab90,2
opencagedata/python-opencage-geocoder,2023-06-18T20:35:11Z,build.yml,728e320a132ac423fe2705e7bef108fa68cee392,728e320a132ac423fe2705e7bef108fa68cee392,0
dfki-ric/phobos,2023-06-15T15:03:17Z,gh-pages.yml,32fd8f6927616172e3c824bbf18dd9353083a660,32fd8f6927616172e3c824bbf18dd9353083a660,0
openml/automlbenchmark,2023-06-09T12:58:31Z,run_pytest.yaml,1361ced1350b1bff24b24b6625eb9507d2d65a05,1361ced1350b1bff24b24b6625eb9507d2d65a05,0
whitespy/django-node-assets,2023-06-07T19:33:11Z,code_quality_check.yml,786e3621229a91049bbaf78ec2246996b929d468,786e3621229a91049bbaf78ec2246996b929d468,0
saleguas/context_menu,2023-06-04T07:20:29Z,ci.yml,0207cfcb4fea039c89deaa5635d34797f9d97c84,526ed79ef8f085c86921de6ff5f36ac7b8f775d4,1
edio/randrctl,2023-05-28T20:13:35Z,ci.yml,a974343bcf13b0543935076a58c99cdf10e174d9,e874f5d4f957dc057de2d58e96751b323814afb1,1
pbs/django-atris,2023-04-21T13:58:24Z,test.yaml,2e1c05301a02d6ff4be91cb269fee6df8e52bc1b,8c2380083c37c0a0d975a00ac890e988be68e983,1
stphivos/django-mock-queries,2023-05-04T20:45:18Z,ci.yml,0856f4f76269f0848d12fff6cc8aa1b138c79fe0,30eb2df6dfe46b772733c196350a9a7f2ec8dbe7,1
asuni/wavelet_prosody_toolkit,2023-05-03T03:07:11Z,check-toolkit.yaml,229915e44e96c49d1d6fe4f29de47c27522ebf39,229915e44e96c49d1d6fe4f29de47c27522ebf39,0
python-organizers/conferences,2023-04-27T23:00:08Z,test.yml,e595bc29f7dcee8a9c729afd85dacaa356edb61f,e595bc29f7dcee8a9c729afd85dacaa356edb61f,0
openuado/niet,2023-04-18T16:19:22Z,python-app.yml,c886b9ce604216da4f2f063aa76452cc4b2b3fa7,c886b9ce604216da4f2f063aa76452cc4b2b3fa7,1
jsfehler/renpy-encyclopaedia,2023-04-16T19:23:29Z,test.yml,796c349d660dd6109d125a26ad27675f759736d8,7fa5713e7b4e670d07803087b578cd41600ea7a7,4
moira-alert/moira-trigger-role,2023-04-10T09:16:00Z,run_tests.yml,0c1403ab464d5aa03b7ac5d64124ebff07cdb0cc,0c1403ab464d5aa03b7ac5d64124ebff07cdb0cc,0
meyt/linkpreview,2023-04-06T20:55:14Z,main.yaml,be751249ad058c49e3023a41dc8743cfec7f17f2,cdc91f35e649530dd9b630cba50a0ae0875d707b,1
suse/saphanasr,2023-03-31T19:50:31Z,ChecksAndLinters.yml,4880ed3e6e4506df3605e880bb5877c14eb54d3b,9fb6ff81172943d61df251b6582b0f58ccb358ec,7
metasys-lisbp/isocor,2023-03-30T12:26:07Z,test_suite.yml,b107019819c8855b00491ab9d8a5e3d4af729578,4f30224275864271e93a0388d014df57202713aa,2
kolotaev/vakt,2023-03-28T10:19:29Z,action.yml,c656ba959e61ad9295002d511135d941a29276c4,c656ba959e61ad9295002d511135d941a29276c4,0
glidergeek/pysoar,2023-03-26T19:15:54Z,build.yml,145368de5e5e76000aa3dbd9c792b39863c993c6,08e3310d43bf52e2426f81f34568f8a1734cf0cf,1
paulscherrerinstitute/pcaspy,2023-03-24T07:31:49Z,conda_build.yml,2a59dd5926f0ed60d451cc1fbbb9812e689a303f,40454b313f922d4dc8092775acd9a57ae3285434,2
tsroten/fcache,2023-03-18T21:07:48Z,ci.yml,7306da8074acdbe38a2f121a05558a57d264c5fc,aa3109e6d02dd863bba19810eb091c16627e8137,3
polymonster/jsn,2023-03-16T11:42:25Z,pypi.yaml,5fcb03ef2c4f6d453cdc809bcfdd3de3e9bdcaac,5fcb03ef2c4f6d453cdc809bcfdd3de3e9bdcaac,0
ywangd/pybufrkit,2023-03-07T12:00:49Z,ci.yml,f09dd5a054cb26e5ea506983e039a6ff9d269288,1d424bd50145cafb14eda40c5e8894555e2691d7,2
szastupov/aiotg,2023-02-28T11:33:13Z,python-package.yml,335565e778e54fcd96f35199d087a741cdc75a62,ef802d2d6b681cc397b2fd40e05e647f781dfcde,2
strinking/futaba,2023-02-21T23:32:00Z,ci.yaml,b24262256b36c44d0b15962911b9ef3472e15b28,b24262256b36c44d0b15962911b9ef3472e15b28,0
intgr/topy,2023-02-16T22:58:23Z,tests.yml,4bb0f54f75ab58ee1e6b84c7ccbbc6d987787c9b,99003ae936cb25c01f8a6f3c23aed8574a604185,1
clembou/behave-pandas,2023-02-08T22:53:54Z,python-package.yml,ec9c25dccbbd8d65999c56acc45729f85f9b3c57,ec9c25dccbbd8d65999c56acc45729f85f9b3c57,0
m-mueller/mattermost-poll,2023-02-08T22:15:57Z,pytest.yml,218f8a349f37a8f30e4e87851e6e2e52a3307829,0678c81eb6df7ef24c5da3fc876b6b871c259b37,1
click-contrib/click-repl,2023-02-02T15:15:28Z,tests.yml,0b2db19370eec5ba60fbc2abb73427ed7826dea0,0b2db19370eec5ba60fbc2abb73427ed7826dea0,0
lululxvi/deepxde,2023-01-29T17:24:59Z,build.yml,b472be34a969e6c85bd17a28666539723293365b,b472be34a969e6c85bd17a28666539723293365b,0
kpetremann/mqtt-exporter,2023-01-27T18:06:14Z,ci.yml,4e6c838870cf31ee53de40eece0b60f30b139c18,4e6c838870cf31ee53de40eece0b60f30b139c18,0
usnistgov/fipy,2023-01-10T15:15:32Z,nix.yml,db5292dc147bb9e2d1b06dd9e2c423efe0012ab7,db5292dc147bb9e2d1b06dd9e2c423efe0012ab7,0
radare/radare2-r2pipe-api,2022-12-28T20:58:02Z,python.yml,7f10642007788f596fc97f3d526238880fc9d1db,7f10642007788f596fc97f3d526238880fc9d1db,0
ibm/causallib,2022-12-21T14:50:57Z,build.yml,cbec306a71145452ca36c936025400f31c7b07b7,cbec306a71145452ca36c936025400f31c7b07b7,0
biomedsciai/causallib,2022-12-21T14:50:57Z,build.yml,cbec306a71145452ca36c936025400f31c7b07b7,cbec306a71145452ca36c936025400f31c7b07b7,0
uos/rospy_message_converter,2022-12-19T15:15:11Z,github-actions.yml,32c6deb8d0b35f446e2fea6d80ed62bbcdb6334e,32c6deb8d0b35f446e2fea6d80ed62bbcdb6334e,0
dfki-ni/rospy_message_converter,2022-12-19T15:15:11Z,github-actions.yml,32c6deb8d0b35f446e2fea6d80ed62bbcdb6334e,32c6deb8d0b35f446e2fea6d80ed62bbcdb6334e,0
pypi/conveyor,2022-11-29T18:26:47Z,ci.yml,ca52475f6bb036bf9888f272296734fd4945763c,ca52475f6bb036bf9888f272296734fd4945763c,0
enthought/sat-solver,2022-11-21T11:37:26Z,run-tests.yml,50e00f349858091073f7d61ca2853e8dfa4200f4,50e00f349858091073f7d61ca2853e8dfa4200f4,0
mgaitan/sphinxcontrib-mermaid,2022-11-10T16:14:14Z,test.yml,c753bcaac3f04d730cb6ee2bd3b132abf0e65439,c753bcaac3f04d730cb6ee2bd3b132abf0e65439,0
2gis/k8s-handle,2022-10-28T12:08:32Z,main.yml,a14774d0e98d8ba42449de23adf45a4e64b0b456,a14774d0e98d8ba42449de23adf45a4e64b0b456,0
getslash/flux,2022-10-28T08:25:01Z,main.yml,b326636c682397ce718a77bc2c5d26fe57b16a21,b326636c682397ce718a77bc2c5d26fe57b16a21,0
libvips/pyvips,2022-10-18T15:58:03Z,ci.yml,d6ee323a363bbf599e35c5d354c4a971ba8d3e5d,d6ee323a363bbf599e35c5d354c4a971ba8d3e5d,0
esa-vires/magneticmodel,2022-10-18T15:57:39Z,ci.yml,c4a6ff01134ce5fcfa612fe27e3b374bb72680d5,a37951b2977daa223684a07c989066acda595af2,2
nethserver/dev,2022-10-12T15:06:40Z,build.yml,c6d8c4ac08a64277f6ca8ff5ccf5354da8ff9e6a,c3d1ecc59995047e25bed386bbe294d6e6da5994,1
hugovk/pixel-tools,2022-10-10T15:09:21Z,test.yml,30ebadec3fe9d843d6b9ec598aaad1d6152198a4,687f4fddbe8662dd51835d3a350276c942c3872d,3
mhe/pynrrd,2022-05-11T23:07:37Z,test.yml,7213262c4dd602b903adb2d2c542d7959f3936e9,7213262c4dd602b903adb2d2c542d7959f3936e9,0
pogzyb/whodap,2022-10-03T13:01:57Z,run-build-and-test.yml,c19334d6975a74d85f4275d930950293b7f69143,c19334d6975a74d85f4275d930950293b7f69143,0
mancellin/capytaine,2022-09-19T10:12:28Z,tests.yaml,bcc5b290d15c337e345bbd15e1548db638c5b9fd,69caa373a08b296c7a6776cb214d9fe6513890ce,1
capytaine/capytaine,2022-09-19T10:12:28Z,tests.yaml,bcc5b290d15c337e345bbd15e1548db638c5b9fd,69caa373a08b296c7a6776cb214d9fe6513890ce,1
networktocode/ntc-templates,2022-09-14T13:58:55Z,ci.yml,3bf02eb8b6f91558b5dbb995076aba1aec6901a2,3bf02eb8b6f91558b5dbb995076aba1aec6901a2,0
openmeteo/enhydris,2022-09-10T16:45:36Z,run-tests-automatically.yml,bc75009070b012ac3a91ff96d6135bb0a6419b10,bc75009070b012ac3a91ff96d6135bb0a6419b10,0
fdemmer/django-weasyprint,2022-09-07T11:18:02Z,main.yml,b366751cb71273e5cad3ad9c4ac11d445b8a7ff6,b5d3da1f4a91fef7329f8911929e6c4fa13dd8a1,2
laowantong/paroxython,2022-09-05T06:56:11Z,build.yml,5e1d49e4997f2977742b0da105e1393ab5f1fd74,5e1d49e4997f2977742b0da105e1393ab5f1fd74,0
cenkalti/pypi-notifier,2022-09-04T14:42:51Z,push.yml,7bf2fbb5390309d410c6d93271bf226c10fc61fc,7bf2fbb5390309d410c6d93271bf226c10fc61fc,0
rescuezilla/rescuezilla,2022-08-28T19:14:37Z,build-rescuezilla-iso.yml,dc4ca2ff31ffdedb6752e886a999349fbb20592a,dc4ca2ff31ffdedb6752e886a999349fbb20592a,0
apsl/django-yubin,2022-08-17T15:09:15Z,test.yml,59c44235e0c6140369911ce5b7ad1a6fc64d9eab,ab583bd1a6f4e6b87207ab4b07aa066d1a1b1d5b,3
tompollard/tableone,2022-08-16T22:15:06Z,python-package.yml,c9a7d4368f7644c7fd39c81546b612c2b6e8f8e4,8a72559b1cafb73ea01f1932a90d5febfe2f8ddf,1
quantling/pyndl,2022-08-11T10:08:07Z,python-test.yml,a47618c8b35c3a13603adf9d1e040db1f09a1bcf,a47618c8b35c3a13603adf9d1e040db1f09a1bcf,0
mila-iqia/cookiecutter-pyml,2021-05-28T13:56:31Z,ci.yml,f1398501b2457af0dd0bec1beac62c5cf8352e8e,f1398501b2457af0dd0bec1beac62c5cf8352e8e,0
aosingh/lexpy,2022-08-07T05:31:26Z,lexpy_build.yaml,0455e0270efa0c990e3d2cb3bfbb91a704f75453,dc5b075180bbecf5198b43a40f7c5602cf520615,1
cgatoxford/umi-tools,2022-08-04T08:49:07Z,nosetests.yml,2755393e8e6a83b7d5bf6df80c07fa0785fb5649,6c182d795b4490fa169f0a4f7dcc88910ed757a8,2
frappe/bench,2022-08-01T08:55:04Z,ci.yml,e7c0c264d9669bb0441a2a2b782c0876b27a73b2,7f4f1b9dc688f2ce4fced7f68bc31ff4eccbd9bc,1
pavdmyt/yaspin,2022-07-15T13:27:37Z,lint_test_coverage.yml,9aa8397b2fd4adf8c4dba60d080b2ac480cd7e9c,b01adaaeb38df95d9412cffab3134b33f33311e5,3
disqus/django-bitfield,2022-07-11T22:38:36Z,ci.yml,8634f695d76105362bcbb5d08c0b75e8be15ef31,8634f695d76105362bcbb5d08c0b75e8be15ef31,0
eskerda/pybikes,2022-07-10T17:08:04Z,test.yml,15e9976b9f738a436fc6860d3d9289935cb7bad5,8fde7eeec7537d3ea761613568f698c4d166b25c,1
arshadkazmi42/currency-symbols,2022-07-10T16:15:13Z,pytest.yml,27af1b7121f5c2c4c410b371fcfe9b1aa933bbfd,978c96aae2580b7afb81e245d633ccaed0f17726,2
elmotec/circlify,2022-07-10T15:48:40Z,python-package.yml,082db59402f801397499709d757e23799f81c703,082db59402f801397499709d757e23799f81c703,0
necaris/python3-openid,2022-07-09T17:22:15Z,test.yml,cf82282435b19055d603438c2af230825eabdec1,7a83ffa290edc474df335a5c54497a9eb7093362,3
bodik/soft-webauthn,2022-07-08T09:25:35Z,tests.yml,74351bf495c0327b7c88ec887d4474fd4391a94a,74351bf495c0327b7c88ec887d4474fd4391a94a,0
click-contrib/click-man,2022-07-01T11:54:12Z,ci.yaml,a82192d6ff7cd38df2771d2b187cc674642bcff6,a82192d6ff7cd38df2771d2b187cc674642bcff6,0
py-pa/django-minio-storage,2022-06-23T07:51:43Z,tox.yml,024249b6b5d5ecc4e6b38f0210eb94e1d7e360ef,024249b6b5d5ecc4e6b38f0210eb94e1d7e360ef,0
jbarnoud/panedr,2022-06-20T16:29:14Z,gh-ci.yaml,84cec7707d86994e86197936884d3fbdd34b1ede,84cec7707d86994e86197936884d3fbdd34b1ede,0
mdanalysis/panedr,2022-06-20T16:29:14Z,gh-ci.yaml,84cec7707d86994e86197936884d3fbdd34b1ede,84cec7707d86994e86197936884d3fbdd34b1ede,0
mara/mara-pipelines,2022-06-19T10:33:44Z,build.yaml,7b917262faa043435fb54f63220958379e0ab2c5,7b917262faa043435fb54f63220958379e0ab2c5,0
haddocking/pdb-tools,2022-06-18T23:28:31Z,ci.yml,a781b468f6c8ac43d43c9e3863244c464fad171d,4049ef05ac26a32df61c227445328f2e5e26698b,5
gintas/django-picklefield,2022-06-18T15:44:17Z,test.yml,bf7e4dad4f43daf437c6ec1ad514636272e0dc7c,8e38bb87d5261dc75d9531e8161c48729eb2e9c1,1
jasonacox/tinytuya,2022-06-05T04:25:00Z,test.yml,2e657f487146fdf0cd20aebeaf42af7838a6ad40,2e657f487146fdf0cd20aebeaf42af7838a6ad40,1
kplindegaard/smbus2,2022-06-04T14:05:05Z,python-build-test.yml,1e18f45a6220d8c8cd21dfda9c80a45609f923ca,5f542b5550079c8f8fce2edf0e866136e027b95c,1
libfuse/pyfuse3,2022-05-31T17:37:02Z,test.yml,57fe1f2ebaa7096558a191c714a627a84096ea33,acf73e056724da2c1f0ff0568fa1bc7f12e4718d,4
shaarli/python-shaarli-client,2022-05-27T12:29:53Z,ci.yml,03694c585d5dc9ec97a1c7d437f02cb182e083c9,03694c585d5dc9ec97a1c7d437f02cb182e083c9,0
google/openhtf,2022-05-20T18:33:58Z,build_and_deploy.yml,0edf6c9b5b54c8b36348ddfb1dcc258a9d58634f,3e5a7f2bc4f37743ab1a7ee3babe26dfb42bd1c0,2
simonsobs/pspipe,2022-05-20T14:14:52Z,testing.yml,a5a7c2bde0e7f229ae15a31265f910d11a099624,a5a7c2bde0e7f229ae15a31265f910d11a099624,0
city-of-helsinki/parkkihubi,2022-05-17T06:52:57Z,main.yaml,9d1249e8993f81165884d1832a2cd48814aaed04,9d1249e8993f81165884d1832a2cd48814aaed04,0
amorvincitomnia/vtt-to-srt.py,2022-05-01T23:13:07Z,python-package.yml,cf80b68d38c4e4e6938372580e22176486a71adc,cf80b68d38c4e4e6938372580e22176486a71adc,0
jsonzilla/vtt-to-srt.py,2022-05-01T23:13:07Z,python-package.yml,cf80b68d38c4e4e6938372580e22176486a71adc,cf80b68d38c4e4e6938372580e22176486a71adc,0
modoboa/modoboa-contacts,2022-04-29T13:22:04Z,plugin.yml,cf47ce14183dddbf58db02de48ed6f7e0b9f05b6,39de8f0e42065f4043cbdd1ad6016d041dfd9560,1
modoboa/modoboa-radicale,2022-04-29T13:06:15Z,plugin.yml,11fd424eb38490d8c46104ab7751e207707a7d51,b1af2d65dda9db77d0dad4632f00511ae8913ab2,1
nextstrain/ncov,2022-04-28T20:05:14Z,ci.yaml,0c1ae05f17f5345f78c30a4a72f21cfc02c552d3,035f2161a506c707927039b97fde2e1e3142e833,1
m-lundberg/simple-pid,2022-04-28T19:06:35Z,run-tests.yml,990019811041005c6dee23e495f330e3e96d7a0a,990019811041005c6dee23e495f330e3e96d7a0a,0
in-toto/demo,2022-04-28T13:13:35Z,ci.yml,ed3f37da93a108de53ebebdb0b2b50b22370722d,22337201fd7508d1009a6580be2f217b501890ac,1
mattpitkin/psrqpy,2022-04-27T22:09:44Z,build.yml,33d2c23326ce2cc0f37203abe1764cce77dee78f,cf3b839e3d890360aef0bc86dd003b229157b0aa,9
curiouslearner/django-phone-verify,2022-04-27T05:47:35Z,main.yml,4d6713793e7d7f8d2abd5c51cefd681943d2db00,4d6713793e7d7f8d2abd5c51cefd681943d2db00,0
nchammas/flintrock,2022-04-26T22:22:47Z,flintrock.yaml,6252116ba7bd4ea37751a208bb3332643300712e,409ecaf7221d2f79a58a02b760cd61b234480250,1
mykrobe-tools/mykrobe,2022-04-20T14:34:35Z,build.yaml,e90317b8cfb7eb31fdd6b6a086a1d0bf3275f549,17540f25d6b84b5cb3dfa59973d5838f1e1cb51c,1
standy66/purerpc,2022-04-15T04:19:45Z,ci.yml,62196dc659008d2c17bfa6d6f46022eeae796100,17138bd973bf42ed8232226aac9d088caf4a8f5c,7
python-trio/purerpc,2022-04-15T04:19:45Z,ci.yml,62196dc659008d2c17bfa6d6f46022eeae796100,17138bd973bf42ed8232226aac9d088caf4a8f5c,7
seancline/pythonsymbols,2022-04-12T02:07:20Z,python-symbols-publish.yaml,e001d4720912ab868505c00daa05ddcf9534d3f1,e001d4720912ab868505c00daa05ddcf9534d3f1,0
lebrice/simpleparsing,2022-04-08T23:54:16Z,build.yml,7fe6b14a3e801043abd5e5ffbd77faf0f8b14e18,c9504b3c5d2bf46522d6ddb61d6462b677a83c37,2
nocarryr/python-dispatch,2022-04-04T19:57:27Z,ci.yml,3057f07bc00f6ee8bc51ac4b10538431bb924a22,613694c677bddec6491d3dd28ce6a21341d50726,2
projectmesa/mesa-geo,2022-04-02T02:12:02Z,build_lint.yml,11498aed69448679ebb150118d0468c694a2edf3,a0f9aca14789b5effec34c5f433011113c1b8a15,2
arista-eosplus/pyeapi,2022-03-24T18:59:14Z,ci.yml,37aaf953ba21583a1c59b0fb9bcd2e67f3569675,37aaf953ba21583a1c59b0fb9bcd2e67f3569675,0
agateblue/django-dynamic-preferences,2022-03-24T16:18:54Z,tests.yml,81e5851d83440fc98911fad52abbc721013c928f,1586a6506c09426c67e6e88b3e2a8a902cf385de,4
savoirfairelinux/num2words,2022-03-19T23:12:19Z,ci.yml,b70a28dab7d8228cd6ae7930db31ac1c2a65968c,b70a28dab7d8228cd6ae7930db31ac1c2a65968c,0
scvenus/peekabooav,2022-03-17T13:14:04Z,testsuite.yml,049ad2c93bce72ba3647d255bca2e644cb58469c,048536b39a8232f617c5e62abef0a8c0090744c6,1
rogargon/myrecommendations,2022-03-16T21:16:11Z,cicd.yml,990b725ea32f69e7f2bbd330ca028d3342fb8912,990b725ea32f69e7f2bbd330ca028d3342fb8912,0
starou/simpleidml,2022-03-14T12:14:03Z,runtests.yml,7fe93bf49cd649f99ebd12b756a68b8c59ddb842,7fe93bf49cd649f99ebd12b756a68b8c59ddb842,0
n-wouda/alns,2022-03-13T12:49:55Z,alns.yml,340016f44da79402a415b571c65ea95f66079f5b,cb6260d191fbe1c6d543e42cbb9b8f6259de5645,2
amccaugh/phidl,2022-03-08T20:21:59Z,pytest.yml,e1b1573b1d98ac244201ff03f36409194820d64b,47bcb6785f0dbfa0f3bf7038e1326a4a533cc21e,4
starou/django-thumborstorage,2022-03-07T12:22:42Z,runtests.yml,f03ea4148b56955c8d456e4370be591c6ac9a06b,4d8bcf9a69ce4fe3705dd4773706d4e7b90195a1,2
sphinx-doc/sphinx-doc-translations,2022-03-06T07:33:58Z,main.yml,7426added93ed678c728d7eec8170b82d4e8166e,63d223c0aeb8dcba361f617ff031f3a87a142894,3
numberly/mongo-thingy,2022-03-04T21:02:10Z,tests.yml,65f3002a3466a04c7fee89825ce5c1826cc26106,81748b927b327f0617dca6b063f5217a001b87df,1
refty/mongo-thingy,2022-03-04T21:02:10Z,tests.yml,65f3002a3466a04c7fee89825ce5c1826cc26106,81748b927b327f0617dca6b063f5217a001b87df,1
lukapecnik/niaaml,2022-02-26T13:27:55Z,main.yml,1b907caf56d2a861a55efd5c05082334ce5dd026,1b907caf56d2a861a55efd5c05082334ce5dd026,8
citusdata/django-multitenant,2022-02-24T16:05:32Z,tox.yml,55d8d947369b197f80c52999c0a2621007bef11e,55d8d947369b197f80c52999c0a2621007bef11e,0
flav-io/flavio,2022-02-22T18:04:17Z,test.yml,cc91cf71a7a5f7b4ec185b79dbd2e3e200cafdfa,f9b88dc2402a09c6daeadc99df843d96f018145e,1
geographika/mappyfile,2022-02-21T13:56:41Z,main.yml,41328ea8e2607276b3391d97d5f74ffa34efffe9,1786d39ccdd40fb28517c7449709aa3e3a177961,4
cnvogelg/amitools,2022-02-20T14:52:53Z,test.yml,a2b14207c5ab4b4167a1a0609eb784ea8bb744e8,83be327f828781866b78d5567f4868c42e908204,2
joanbm/full-offline-backup-for-todoist,2022-02-20T12:28:52Z,run-tests.yml,e37685ba0a99f067cbbfdcce0d83ebef8194eb22,aa773f151f7fba3d9568b7d641295dd911095e94,1
cmake-lint/cmake-lint,2022-02-19T05:49:40Z,ci.yml,07952ca2fd4a7d4ffd8913bce6f65b7770a3abe9,2e88a299fb2fddbd4e4b0db23c7f0a01c4e697b2,1
exxamalte/python-georss-ingv-centro-nazionale-terremoti-client,2022-02-15T00:45:03Z,ci.yaml,290f95c8d4954f7a6afc772a3eaf2d9633396607,5e705e5707dd7cd2c9f833b5095946338e880b5a,2
socialpoint-labs/unity-yaml-parser,2022-02-14T12:15:52Z,ci.yml,79f98697b5d23119b7ef50724a586597ceb50931,aef6b0995b70096ff537d4b2f93144eb9f4813c3,19
datalad/datalad-neuroimaging,2022-02-11T18:01:28Z,docbuild.yml,40dc0ff17cb812367be8ba031878d8974a79f12f,40dc0ff17cb812367be8ba031878d8974a79f12f,0
algorand/pyteal,2022-02-10T15:30:16Z,build.yml,20b2346c45a6ac9d40dc782afc7bffe7203e6f98,20b2346c45a6ac9d40dc782afc7bffe7203e6f98,0
esa-vires/vires-python-client,2022-02-08T21:35:08Z,CI.yml,557bdf1c3320ee03189ec5ef9f23ba0016ea5d5b,557bdf1c3320ee03189ec5ef9f23ba0016ea5d5b,0
vslavik/bakefile,2022-02-06T14:29:17Z,ci.yml,66dfcef2a15610431f04675fd5201e3f590c507a,66dfcef2a15610431f04675fd5201e3f590c507a,0
pdfminer/pdfminer.six,2022-02-02T21:24:32Z,actions.yml,b84cfc98e0e48f8dbc5099a6aaa71a6fc7e52895,81f873e1053c90eb8ee33d9c77de25bd1e7bc143,1
thxo/cabrillo,2022-02-02T19:38:53Z,test.yml,fbbe3aa4d4af0da87d484e9968836f498caa1a66,fbbe3aa4d4af0da87d484e9968836f498caa1a66,0
mihaiparvu/screencaplibrary,2022-02-02T14:32:21Z,CI.yml,b0e4f8b470e2ebf4a57cdd6316321798288c4ff7,5508642c3b61b51828c15cada683957b3f3372bb,1
rticau/screencaplibrary,2022-02-02T14:32:21Z,CI.yml,b0e4f8b470e2ebf4a57cdd6316321798288c4ff7,5508642c3b61b51828c15cada683957b3f3372bb,1
jrief/django-entangled,2022-02-02T13:30:22Z,testapp.yml,d03082ce04a36ed9a6ab44870436ba4fe5832bd5,d03082ce04a36ed9a6ab44870436ba4fe5832bd5,0
aboucaud/pypher,2022-01-31T09:51:44Z,pytest.yml,4704116fa2b444d8000c12ce276bbe597dfd17ca,4704116fa2b444d8000c12ce276bbe597dfd17ca,0
pic-iris/ph5,2022-01-27T22:55:11Z,tests.yml,0e60743c852bc76eded383f83b89298a5f94a6ff,0e60743c852bc76eded383f83b89298a5f94a6ff,0
beatonma/django-wm,2022-01-27T14:49:04Z,runtests.yml,0319e4f9ca4e972dbadc3ab9410cca99ce4f61ad,4f2d0009d167892e8485ee0656f161a3856b7263,2
fitnr/censusgeocode,2022-01-21T03:38:46Z,python.yml,7d4d5e6666f1a654bc7a0f4a01a17d44781c022d,37d81dbe2e0a48a8e15062139447942bc7b57ca8,2
jungtaekkim/bayeso-benchmarks,2022-01-12T08:56:50Z,pytest.yml,983ce57169e8234d01654c1840933c1bd86971d0,9567cb8b043776ebc53e0f548cccc88f46eb01ed,2
nirs/pytest-threadleak,2022-01-11T17:44:49Z,run-tests.yml,6020e849bfbeb410bc57c12b53cdd2f16eaf635b,823abd587f6c85bdd69f5136dedc79b95d4d250d,4
r4fek/django-cassandra-engine,2022-01-11T15:58:57Z,tox.yml,6af682a9dac5f0cbdf65ced6143a887c3c0af56b,6af682a9dac5f0cbdf65ced6143a887c3c0af56b,0
evoluxbr/greenswitch,2022-01-11T12:24:16Z,tests.yml,cf8d29c42ccb86f9f33ab6925759501f575b9830,cf8d29c42ccb86f9f33ab6925759501f575b9830,0
codelv/atom-db,2022-01-07T19:46:11Z,ci.yml,65b72ef6030ce930ca69ebe005d52cc706405014,65b72ef6030ce930ca69ebe005d52cc706405014,0
django-tastypie/django-tastypie,2022-01-04T00:56:01Z,python-package.yml,6d06e29da5858de7b51c5e4a42f5669f7e49ae82,2802f0631ad6eed76dc698b4cb7193b97948e58b,1
jealous/stockstats,2022-01-01T09:07:37Z,build-test.yml,6742503ec36acfd894efab2bc22b77ba9bcf0ac8,68f105de6019525b8e940ae369eed308d1065ec5,2
zyegfryed/django-statici18n,2021-12-23T10:30:06Z,python-package.yml,b9e71093db375d79f466712add8ec52bf8caf104,db02ae9831a0c73ad7ff515d56578c3c5d2ba4cd,8
computationalmodelling/nbval,2021-12-22T21:20:03Z,tests.yml,a93143263c3f09aa5eeb5e56b377c40a996781ac,a93143263c3f09aa5eeb5e56b377c40a996781ac,0
djangoadminhackers/django-linkcheck,2021-12-18T18:03:05Z,test.yml,b461743ccceaddeab6753ae42f89915dfc0f1cbe,a9f1bfa26986c70fb4288566dcc15530ddbdc122,1
gabfl/mysql-batch,2021-12-18T03:53:40Z,ci.yml,9a76d65bfabdba168d08f2aa106a72d08e56f52e,9a76d65bfabdba168d08f2aa106a72d08e56f52e,0
gabfl/vault,2021-12-18T02:43:22Z,ci.yml,cc7eecd56fda01a5f44b9d8264b36fb1901f98ba,cc7eecd56fda01a5f44b9d8264b36fb1901f98ba,0
iqbal-lab-org/minos,2021-12-17T14:00:15Z,build.yaml,f219ea4ad6af737749591e92dd3c15b862cf8128,f219ea4ad6af737749591e92dd3c15b862cf8128,0
marcus-oscarsson/pyqtconsole,2021-12-16T17:54:01Z,deploy.yml,6d5b908fc89d64bb929c153a8e97b3fc43d78874,6d5b908fc89d64bb929c153a8e97b3fc43d78874,1
pyqtconsole/pyqtconsole,2021-12-16T17:54:01Z,deploy.yml,6d5b908fc89d64bb929c153a8e97b3fc43d78874,6d5b908fc89d64bb929c153a8e97b3fc43d78874,1
gerardroche/sublime-phpunit,2021-12-14T20:00:06Z,ci.yml,4042e05dea47047b37b42e41a78b91b6c211f6f6,4042e05dea47047b37b42e41a78b91b6c211f6f6,0
zamzterz/flask-pyoidc,2021-12-14T11:14:10Z,ci.yml,01dfa65c241e89b1daf5987cb78daa403c2d4f94,01dfa65c241e89b1daf5987cb78daa403c2d4f94,1
celery/py-amqp,2021-03-07T14:21:32Z,ci.yaml,4eb39c6fed3e911e604ac276f82fe29f11a2b144,4eb39c6fed3e911e604ac276f82fe29f11a2b144,0
changaco/python-libarchive-c,2021-12-12T14:03:45Z,main.yml,ad73e0099d7f22c23c274869f1cbc0faa6b99e2a,ad73e0099d7f22c23c274869f1cbc0faa6b99e2a,0
rhevm-qe-automation/pytest_jira,2021-12-07T11:55:58Z,test.yml,228520d38a4ccdbb7d72823a77e9f18bd0f16356,61661251efcdaed1d192a9b2d7e5d8c25256af70,1
colcon/colcon-ros,2021-12-03T23:10:16Z,ci.yaml,00405a7382f5ad6fb1bba8f3de012acc1b9ed33a,00405a7382f5ad6fb1bba8f3de012acc1b9ed33a,0
ciciui/django-db-logger,2021-11-30T12:34:06Z,db-logger.yml,aaf4b6384de544760f8b8651092e4435ca28c118,1879394a26c112866a51532a1f952dc17ffe5ec1,1
delgan/win32-setctime,2021-11-28T12:01:00Z,tests.yml,d6bf14c4fe1061ce4463f7fa4069e2422510c290,d6bf14c4fe1061ce4463f7fa4069e2422510c290,0
w3c/feedvalidator,2021-11-26T16:09:17Z,test.yml,38f6e0b0a51e1fc9dc9bf0bc96cb702362fb6748,38f6e0b0a51e1fc9dc9bf0bc96cb702362fb6748,0
timeplus-io/proton-python-driver,2021-11-23T17:59:03Z,actions.yml,10a1fdab3a9da2c3480baa53d8ff888f091c9cd6,10a1fdab3a9da2c3480baa53d8ff888f091c9cd6,0
zooniverse/panoptes-cli,2021-11-23T11:34:37Z,run_tests_CI.yml,7c212f620ff6c1f108a3138f2ce63b6115fe0841,7c212f620ff6c1f108a3138f2ce63b6115fe0841,0
modscripps/mixsea,2021-11-22T20:05:09Z,mixsea-pytest.yml,b60333bec34d20432dafd78ea6b0a7afe8ddcf90,b60333bec34d20432dafd78ea6b0a7afe8ddcf90,0
nexpy/nexusformat,2021-11-17T17:51:46Z,ci.yml,8f0928a3ebc5c5f663284d6463d3e1ade89a9d90,9ed0fc76f4ea1a74a538aff0c1d05eb2439cf419,1
django-fluent/django-fluent-blogs,2021-11-17T08:24:03Z,tests.yaml,f41405520c6985f2a3a07c3c3bbe9e18c4d6ba65,f41405520c6985f2a3a07c3c3bbe9e18c4d6ba65,0
edx/edx-analytics-pipeline,2021-11-16T21:32:01Z,ci.yml,b78ef983ef8cf1764417fff1f1d652f13bc610ee,b78ef983ef8cf1764417fff1f1d652f13bc610ee,0
openedx/edx-analytics-pipeline,2021-11-16T21:32:01Z,ci.yml,b78ef983ef8cf1764417fff1f1d652f13bc610ee,b78ef983ef8cf1764417fff1f1d652f13bc610ee,0
aio-libs/aiohttp-sse,2021-11-13T06:25:28Z,ci.yml,8f2aea38a0b51abd9e24629fbc0687a3df332627,da7f6976dc67c200c3ed6646882d8179dbc0ffa4,5
python/cherry-picker,2021-11-10T16:35:41Z,main.yml,3d5310735a792e5298d7d587f3dd3a29b17d3d26,3d5310735a792e5298d7d587f3dd3a29b17d3d26,0
tutorcruncher/pydf,2021-11-10T10:16:06Z,ci.yml,35ff112d616d135c2c243ab9a5defc60ee0bbb70,35ff112d616d135c2c243ab9a5defc60ee0bbb70,0
codezonediitj/pydatastructs,2021-11-09T06:22:13Z,ci.yml,2a89817f2161bfbede0843599e3e1392f8ae3e4f,2a89817f2161bfbede0843599e3e1392f8ae3e4f,0
crccheck/django-object-actions,2021-11-08T06:44:15Z,ci.yml,4340c8958492dfd2e6113fcba6fdcdc90be02e8e,28f0ef7dd62eedbdac9d34ad115245ef8d935c4d,1
korfuri/django-prometheus,2021-11-06T17:56:40Z,ci.yml,ea5edea53092a2240e7af03156f79391d4cdad8e,6260ffc2ec717615145fc98fe6793ffecb28c88d,1
michadenheijer/pynytimes,2021-11-03T18:33:41Z,pypi-publish.yml,0337e9a69cfd6f66e2d3a5065735f7151c5402ee,0337e9a69cfd6f66e2d3a5065735f7151c5402ee,0
openedx/openedx-webhooks,2021-11-02T12:41:32Z,ci.yml,ebcce9b1f3b33c03b94e391fcac855167e1b7ef3,ebcce9b1f3b33c03b94e391fcac855167e1b7ef3,0
ladybug-tools/ladybug-pandas,2021-11-01T17:35:47Z,ci.yaml,3d53c4f412fc72e7a40bf6930f9ed7d3b88c9ddf,380e68c65c0ab53421dbf53eabb85b9263e0a1c0,2
pypa/sampleproject,2021-10-30T18:34:38Z,release.yml,d2bae02873f8dc964b07b27176efc751f2e58860,d2bae02873f8dc964b07b27176efc751f2e58860,2
ncclient/ncclient,2021-10-30T16:18:33Z,check.yaml,f22ee8a8ac5ac3dbeed0a09b98976a439b3f9c77,872b1dcaf5496f3bfc96c618870908ea4fe6a892,1
niwinz/django-jinja,2021-10-28T11:40:11Z,ci.yml,e4a58d69da99dd1f2c8421938be4632ca6aa8f73,2de5df42a8f0d8ad0819d709dbbb0fa925371b6d,1
stonesjtu/pytorch_memlab,2021-10-28T03:54:58Z,pypi-publish.yml,80f9a9d908bae4856518939ee8c4bdb33eeda91e,cb8959dc74cd09616aeeb4aadc802c053f6d269b,2
hugovk/gutenberg-metadata,2021-10-27T12:58:13Z,lint.yml,c58872d8d3cdac990e42ec2f9ec5e6d455c7f8a6,c58872d8d3cdac990e42ec2f9ec5e6d455c7f8a6,0
mschwager/fierce,2021-10-25T20:04:53Z,ci.yml,50ef1c4bfbfdaaecd5f5aac1ff76b67e16fab934,e599768be763294ccdb4173057cc099fd8eadd4b,1
eht16/python-logstash-async,2021-10-24T13:53:32Z,tests.yml,5d2a1f28c4568bba5538102766d6a405b43c5c76,98ec0d0c163fb673dce5cc9a0fd95de3ab3c7dd2,1
pympler/pympler,2021-10-20T19:37:46Z,python-package.yml,5a3ee887b95de6d1f55ac65c92271df050abf887,20e556bcf3c4bde3db30f9b5adf28213fba519fb,4
camptocamp/marabunta,2021-10-13T16:52:27Z,main.yml,b4c3e2d960606d9f66deb829af6265aa4d426ebf,ed2b1b3fdd231d0a1b2a103fd6de549df8571734,1
eugene-eeo/tinyrecord,2021-10-11T12:38:47Z,test.yml,a295d43358cf27d34401f061f6114544e95e3e41,a295d43358cf27d34401f061f6114544e95e3e41,0
django/django-localflavor,2021-10-10T19:33:55Z,test.yml,2032f745369889f7fc15053d359ecf386aff4449,2032f745369889f7fc15053d359ecf386aff4449,0
esrg-knights/Squire,2021-10-09T14:00:12Z,run_tests.yml,a60d5feb4f56164571637afdd0726ccaccb0b7ea,a60d5feb4f56164571637afdd0726ccaccb0b7ea,0
geany/www.geany.org,2021-10-09T08:26:37Z,linting.yml,c07935a903c2c640b10a7cf08a09041a00231162,c07935a903c2c640b10a7cf08a09041a00231162,0
earwig/mwparserfromhell,2021-10-08T06:12:39Z,tests.yml,d3b8469e89d02b24cd8824e8c692c52e72820d30,8bce6ff379ea12d88dacbf0194f81ba6932789fd,-1
jaylinski/kodi-addon-soundcloud,2021-10-07T16:57:00Z,ci.yml,a33f79449c088032b503b54d8baaa66652670fce,a33f79449c088032b503b54d8baaa66652670fce,0
tartley/colorama,2021-10-07T05:52:45Z,test.yml,69f4644d24f6589a27b59d4fbad7e3f8b7750889,69f4644d24f6589a27b59d4fbad7e3f8b7750889,0
canonicalltd/landscape-client,2021-09-24T19:22:12Z,ci.yml,8e2daa926e69f1c36be54fb9b139060b9ab43a69,8e2daa926e69f1c36be54fb9b139060b9ab43a69,0
pytest-dev/unittest2pytest,2021-09-22T14:15:31Z,test.yml,064ecdb39e6ff60f6c5e92841961ca99356400de,498d6e15b00e17561988cac8c10dbc93239faf4a,1
idank/bashlex,2021-09-21T12:10:05Z,test.yml,5fe5d6d0f729f45f3e70a4056f976e1c321201e1,5fe5d6d0f729f45f3e70a4056f976e1c321201e1,0
wimglenn/pytest-structlog,2021-09-21T01:01:51Z,tests.yml,44281c225dcf3d304cb9489052c9654c8820f4fa,44281c225dcf3d304cb9489052c9654c8820f4fa,0
pytest-dev/nose2pytest,2021-09-20T15:50:58Z,test.yml,d94ccfee3d109a3d71eeca3ff884aee12bc71764,b35d7b6ce2f34a164859c27441a2ea408765107b,1
mathandy/svgpathtools,2021-09-18T07:09:44Z,main.yml,43c0d2d80702ebbf1dd1efaeeec0161bbeeb1c9c,4f685e732af23577f87db7b36a2d2fb0ff64e5a8,6
posita/dyce,2021-09-17T23:43:47Z,unit-tests.yaml,332477189e190386eed81dd4e5ad8b6079af8bb4,332477189e190386eed81dd4e5ad8b6079af8bb4,0
drugilsberg/paccmann,2021-09-17T20:22:25Z,build.yml,a5d6edf4ea83aa80c1ae3bb0c1d8d02a7e72c9bc,a5d6edf4ea83aa80c1ae3bb0c1d8d02a7e72c9bc,0
aiven/pglookout,2021-09-14T21:26:59Z,build.yml,5336b4920f0a21972a06f30a54b935d6d5a425a2,5336b4920f0a21972a06f30a54b935d6d5a425a2,0
matoking/protontricks,2020-11-29T10:00:16Z,python-package.yml,c184cba54344b56190b61a9d3ddfff486ab81a50,5604d6465ecb113b3c071f3e5f388d3daa75383c,1
snakyeyes/ade-scheduler,2021-09-12T16:13:06Z,ci.yml,f94ffc4ec8a76df1cba1ad81866a421fd265c74b,f94ffc4ec8a76df1cba1ad81866a421fd265c74b,0
ade-scheduler/ade-scheduler,2021-09-12T16:13:06Z,ci.yml,f94ffc4ec8a76df1cba1ad81866a421fd265c74b,f94ffc4ec8a76df1cba1ad81866a421fd265c74b,0
dlenski/python-zxing,2021-09-10T18:45:49Z,test_and_release.yml,696f8dcc6f476eb8f45c03156634c4006f0eb148,696f8dcc6f476eb8f45c03156634c4006f0eb148,0
strongswan/strongtnc,2021-09-10T17:31:37Z,ci.yml,b83085a98576af971ca0aec8e5b1849676c75d25,b83085a98576af971ca0aec8e5b1849676c75d25,0
lux-org/lux,2021-03-12T06:54:48Z,python-app.yml,4de06dcde22e731132e217068403cef054a970aa,4de06dcde22e731132e217068403cef054a970aa,0
ecshackweek/impedance.py,2021-09-09T02:23:50Z,ci.yml,fe56c49f716b973ef290a644554a251e1f745c46,1b9e4df0cc29358f311f9cb8383b98400f9572ad,2
jschneier/django-storages,2021-09-07T15:05:26Z,ci.yml,aa7545608221ede9be8d0daa2a3b710fee8d7321,aa7545608221ede9be8d0daa2a3b710fee8d7321,0
yetone/olo,2021-09-03T07:51:52Z,test.yml,257c83a6a757ebb3f534d268e7bc0399a88776ea,257c83a6a757ebb3f534d268e7bc0399a88776ea,0
kiwitcms/tenants,2021-09-02T08:26:01Z,testing.yml,c46365ed899855ff50fe3cde6c5056cb093a288c,c46365ed899855ff50fe3cde6c5056cb093a288c,0
certbot/josepy,2021-07-10T17:39:59Z,check.yaml,2ccd58944ac41ad9c932f29bae13abb1adfa1ce4,2ccd58944ac41ad9c932f29bae13abb1adfa1ce4,0
adobe/ops-cli,2021-09-01T09:37:38Z,pypi-publish.yml,899bee878d679a24c5c8889e517a2214d7257792,899bee878d679a24c5c8889e517a2214d7257792,1
shopify/pyreferrer,2021-08-31T16:28:18Z,pyreferrer-ci.yml,29122ceecb68e3781552a89c5db26b008258c24d,29122ceecb68e3781552a89c5db26b008258c24d,0
python-quantities/python-quantities,2021-08-28T16:43:26Z,test.yml,c6699f60bbd172504822e12e54c662c381c926b8,7c243aa4caa09c27aa94e713f650a3cee22f8252,2
spulec/freezegun,2021-08-25T15:04:01Z,ci.yaml,29906e8c50072e4009291646d28b9a58bc75c489,29906e8c50072e4009291646d28b9a58bc75c489,0
python/pythondotorg,2021-08-23T14:11:06Z,ci.yml,8712df09179fe4423d8040c57a44dfd91e64240d,8712df09179fe4423d8040c57a44dfd91e64240d,0
django-compressor/django-appconf,2021-08-22T17:38:13Z,tests.yml,5d5a9f173cbdb38fad82efc37e957e90ad7a3060,5d5a9f173cbdb38fad82efc37e957e90ad7a3060,0
flask-extensions/flask_simplelogin,2021-08-22T17:13:00Z,tests.yaml,4cc82d5885a5122dad0e6297a070659cde49b11e,4cc82d5885a5122dad0e6297a070659cde49b11e,0
circuits/circuits,2021-08-20T03:20:19Z,python-app.yml,8dd8cc7d0fb09cbb4fc3ffdf33a8594d4cd5c6ca,50c8a4d80734b15b69c84805f1ff5f4fe27daa53,1
craigds/django-typed-models,2021-08-19T21:33:08Z,tests.yml,f2fd9f2f1eacd0bf8c4bf35170981627d77d5184,f2fd9f2f1eacd0bf8c4bf35170981627d77d5184,0
asmeurer/removestar,2021-08-19T12:36:50Z,main.yml,6a734ff6c1d2fe7c0e23855bfb9c8a0a627e33d1,6a734ff6c1d2fe7c0e23855bfb9c8a0a627e33d1,0
exodus-privacy/exodus-standalone,2021-08-17T14:27:50Z,main.yml,d214df58c52a10667cfa1cb4d7d5407020e13b1c,d214df58c52a10667cfa1cb4d7d5407020e13b1c,0
exodus-privacy/exodus-core,2021-08-17T14:10:28Z,main.yml,aa9f8db1d9f1a666efc1e04ebca075d8a87765b2,aa9f8db1d9f1a666efc1e04ebca075d8a87765b2,0
exodus-privacy/etip,2021-08-17T08:50:53Z,main.yml,7e693296f20e2aa61501eccc5c78b3d746d8421e,7e693296f20e2aa61501eccc5c78b3d746d8421e,0
avocado-framework/avocado-vt,2021-07-08T11:15:32Z,ci.yml,63d12cf9982e782da1396baaa61775cbfed5de05,63d12cf9982e782da1396baaa61775cbfed5de05,0
python-zk/kazoo,2021-08-06T02:28:38Z,release.yml,8eb462f26cb7af090d863850f71618594620d223,8eb462f26cb7af090d863850f71618594620d223,0
yezyilomo/django-restql,2021-08-05T18:28:52Z,main.yml,21eaa5b3c7c5367d91beefe5139ba8308d8e1014,3f6abb4076fecfa7cae242883a8b9fe7b170aabe,2
ssec/sift,2021-08-03T21:19:30Z,ci.yaml,c33b31bf06934bf5173eaa1f26d505674f924d15,c33b31bf06934bf5173eaa1f26d505674f924d15,0
django-import-export/django-import-export,2021-08-01T13:36:55Z,django-import-export-ci.yml,3106328a9bfbf68a913ff379442e286f06826dc2,3106328a9bfbf68a913ff379442e286f06826dc2,0
dbiir/uer-py,2021-07-30T06:14:33Z,github-actions.yml,61f7142feb76ef0de6b1f20afcc75dd0b203b507,61f7142feb76ef0de6b1f20afcc75dd0b203b507,0
ovh/celery-director,2021-07-28T13:59:54Z,tests.yml,48de3dfc5aa826ad6e584870ec345acb5da72fac,48de3dfc5aa826ad6e584870ec345acb5da72fac,0
pytries/marisa-trie,2021-07-27T14:03:00Z,tests.yml,be041cf0f3524b474cd7f12017a8d208990759c5,be041cf0f3524b474cd7f12017a8d208990759c5,0
becksteinlab/gromacswrapper,2021-07-21T00:37:00Z,ci.yaml,7f79dba8b732683ec6d46bccaac0153c465f165d,823939d817d956b4452525fe5e7081f3e2f497c2,1
coding-kitties/investing-algorithm-framework,2021-07-16T11:03:55Z,build.yml,d7f52bede74e73d0e215f93b4a181e798f99f431,132b1b5b69f246e782dcbec0c289de54240f912d,15
jumptrading/luddite,2021-07-16T18:50:22Z,tests.yml,10fea55cefdb17172bac746956ce9c5393dcb9b4,10fea55cefdb17172bac746956ce9c5393dcb9b4,0
autotest/tp-qemu,2021-07-16T09:00:40Z,ci.yml,ac8bfb5e5c7abbbffa44f8368caa888b01aed513,ac8bfb5e5c7abbbffa44f8368caa888b01aed513,0
jonlabelle/trimmer,2021-07-14T07:51:40Z,ci.yml,58dbc5998415d36f93e604f1c6007910f9c998ac,58dbc5998415d36f93e604f1c6007910f9c998ac,0
cgevans/scikits-bootstrap,2021-07-12T20:22:27Z,python-package.yml,119bb3e78429ba7ef0503156559786c51336681b,a961286831d74657649ab8189e0d12845408e6f8,9
delph-in/pydelphin,2021-07-12T09:21:05Z,checks.yml,e8c3c99b44f7c3c0832057e6110cccedbdcc1f29,e8c3c99b44f7c3c0832057e6110cccedbdcc1f29,0
mwilliamson/python-vendorize,2021-07-11T12:32:28Z,tests.yml,e35f292c738de7d4d93dcb0db2c3003eab9365c3,e35f292c738de7d4d93dcb0db2c3003eab9365c3,0
xflr6/gsheets,2021-07-11T09:45:46Z,build.yaml,a897ea45d78ab40fb87522f2eee5a493579a64b2,562110940d490ef2b654fb9623b991ad9740af03,2
arthurdejong/python-pskc,2021-07-09T15:18:45Z,test.yml,dce78b0a78bccf00bed611b53e3201f3cf0e7102,dce78b0a78bccf00bed611b53e3201f3cf0e7102,0
chembl/chembl_structure_pipeline,2021-07-08T21:30:10Z,ci.yml,1817eb1ae51615d9fcac02ef9c96218940d8c149,7acbcc47d93ef194b01b1f0ca4a4ef446e846505,1
mhkit-software/mhkit-python,2021-07-08T15:29:16Z,main.yml,5a7152e8e15b39ace3c1a5515f19a2a07051c667,53e19bc61e97f5490bb8ce38ddbaa4fb568c8ad5,1
carrotquest/django-clickhouse,2021-07-08T07:27:35Z,python-tests.yml,3fba185be2000aaeff13411fb30034aff5ae555b,3fba185be2000aaeff13411fb30034aff5ae555b,0
cnes/pandora,2021-07-06T09:02:31Z,pandora_ci.yml,db277ab09154c32f020c904439a98f01cfb0de1c,f55421f1335853f78476279cdd08ba6ab746a7d0,1
alanhamlett/pip-update-requirements,2021-07-05T18:39:38Z,tests.yml,b99bc00e81a6325d9394b74080325ae58149a9fd,b99bc00e81a6325d9394b74080325ae58149a9fd,0
autotest/tp-libvirt,2021-07-05T10:28:29Z,ci.yml,6704c64f183805133d1c60664ba42c81f181c839,6704c64f183805133d1c60664ba42c81f181c839,0
s3tools/s3cmd,2021-07-04T18:14:01Z,test.yml,608e3dd4c13f1f517a517022d78ba1415c467596,608e3dd4c13f1f517a517022d78ba1415c467596,0
liminspace/django-mjml,2021-07-04T15:32:59Z,test.yml,5b940b3f1bc3e518e10c8da3a199e2112fb4cd48,5b940b3f1bc3e518e10c8da3a199e2112fb4cd48,0
liqd/adhocracy-plus,2021-07-01T08:18:47Z,django.yml,045efa46fbd9278d1c0aa9955d898f20ed79a526,045efa46fbd9278d1c0aa9955d898f20ed79a526,0
nir0s/distro,2021-07-01T00:02:51Z,ci.yaml,2db4793be15ad95e9034e52d95d12bbff2de1c69,9dbde83ba762580367cb2b6a2a24fd88ef8bfdac,3
liqd/adhocracy4,2021-06-30T11:57:22Z,django.yml,5fd060662cc6b50237e5ff6588b5ff19d17c6797,5fd060662cc6b50237e5ff6588b5ff19d17c6797,0
modoboa/modoboa-amavis,2021-06-29T07:10:58Z,plugin.yml,57c1404ec3bbdcde4d782e02a6d647b8dce67350,18e5a210ac2eb007ce28d70675f4188d93e1b822,3
aiven/pghoard,2021-06-29T05:25:02Z,build.yml,470fdadab852654283a37ea09c14032d3b693a7a,470fdadab852654283a37ea09c14032d3b693a7a,0
serge-sans-paille/gast,2021-06-28T19:36:12Z,core.yml,159cb50a32130a719c5eb037384213ef60ebe5a5,159cb50a32130a719c5eb037384213ef60ebe5a5,0
liormizr/s3path,2021-06-28T05:58:15Z,github-actions-demo.yml,0519b96e97e859f37a261efd743affdf0044c6a3,0519b96e97e859f37a261efd743affdf0044c6a3,0
qiskit/qiskit-bot,2021-06-25T16:00:39Z,main.yml,24026e132e6f872cbd0afcba2ccb21ab6cd96d58,24026e132e6f872cbd0afcba2ccb21ab6cd96d58,0
tohojo/flent,2021-06-24T22:43:19Z,selftests.yml,3c7292bce2e824e5296feb6a98eb4df14553f7f1,6712e3bd13566814276cfedba68a853471d957af,8
openstax/openstax-cms,2021-06-24T13:08:15Z,tests.yml,7e915a3506b731faea85dcfbeda96d8f2b15f10a,7e915a3506b731faea85dcfbeda96d8f2b15f10a,0
jsonpickle/jsonpickle,2021-06-24T12:24:11Z,test.yml,3197067057681968e3cf9655f8edb2175d55349c,3197067057681968e3cf9655f8edb2175d55349c,0
igordejanovic/parglare,2021-06-19T08:16:05Z,ci-linux-ubuntu.yml,73a9851f8a7a83dc570040ffe2a6ad312c0c5726,06e1033216b5012abeacaa73cada1f0169642401,1
ithaka/apiron,2021-06-18T20:21:41Z,main.yml,0c89c9e4f76c3e3a5b74d462c11aecf8b6bd6d1f,097f7ed0b9bdd25f5412567bf31a882fa4317818,1
mbj4668/pyang,2021-06-18T15:54:53Z,run-tests.yml,a7439c3798dc6f89e68e6edf97a7cda92047041f,6a09ff6188759aa72f3e54e2248d50d09ebd4696,1
skalenetwork/transaction-manager,2021-06-18T12:46:01Z,publish.yml,0718f26e7ddcb5dd36f3de7b2c330245c9216a2f,0718f26e7ddcb5dd36f3de7b2c330245c9216a2f,0
devicetree-org/dt-schema,2021-06-14T20:47:57Z,ci.yml,244f5052681be1f42cab21465526b270e7a8181e,244f5052681be1f42cab21465526b270e7a8181e,0
pyro-ppl/pyro,2021-06-11T19:04:53Z,ci.yml,fbe42589b828be246359a97b602fc4bd9badfcd1,a6d120d0429436940bc9104e315ef4613cf3979d,2
zalando/connexion,2021-06-10T12:19:28Z,pipeline.yml,f72fbc4d257e75925af4b962132db7ea664efa01,f72fbc4d257e75925af4b962132db7ea664efa01,0
spec-first/connexion,2021-06-10T12:19:28Z,pipeline.yml,f72fbc4d257e75925af4b962132db7ea664efa01,f72fbc4d257e75925af4b962132db7ea664efa01,0
nens/dask-geomodeling,2021-06-08T12:40:11Z,test.yml,44cf31734c358ca78f42136fc578bdcf1c9cb277,44cf31734c358ca78f42136fc578bdcf1c9cb277,0
robpol86/sphinx-disqus,2021-06-07T18:31:18Z,ci.yml,e53d386256658eaedbc5734d6764c70ff5654354,4b1f158353865c76591d94978602ea9c8fcc4df4,3
gedaskir/qmeq,2021-06-06T20:40:02Z,build_wheels.yml,9571db4bc3cf34ab8af7f2670ed20f8109c9871b,9571db4bc3cf34ab8af7f2670ed20f8109c9871b,0
thp/urlwatch,2021-06-06T09:10:41Z,unit-tests.yml,10fd8ad645a4dc1f035aba01dd06b06a67618542,10fd8ad645a4dc1f035aba01dd06b06a67618542,0
opencivicdata/python-opencivicdata,2021-06-03T20:48:06Z,package.yml,d30bb7fbc9ecbdb8adcc0c732a0995b69e2f272d,d30bb7fbc9ecbdb8adcc0c732a0995b69e2f272d,0
rodrigo-arenas/sklearn-genetic-opt,2021-06-02T17:03:07Z,ci-tests.yml,986b280f38402e4acd223413e82e1a09b1e3ab41,986b280f38402e4acd223413e82e1a09b1e3ab41,1
crew102/reprexpy,2021-05-30T22:41:59Z,build.yml,7262c60b8c9bb596222a6337d0288eb42a543b6a,7262c60b8c9bb596222a6337d0288eb42a543b6a,0
bmwcarit/python-dlt,2021-05-26T15:22:46Z,python-dlt-ci.yaml,acd3af149d171b28b78b3242c5ef597c637013c4,acd3af149d171b28b78b3242c5ef597c637013c4,0
ckan/ckanext-archiver,2021-05-26T11:14:16Z,test.yml,cf3e2662f44116ef018928d8e3eee8f1484612bc,c1e2727033232ad4ad106bf21a72df60f55926be,1
som-st/pysom,2021-05-25T22:26:10Z,ci.yml,897c46a96f7c6bad7382431095d917978837f9d0,4d222e6405eaf42eb8faf5e9a3b7676ac574f3ea,3
smarr/pysom,2021-05-25T22:26:10Z,ci.yml,897c46a96f7c6bad7382431095d917978837f9d0,4d222e6405eaf42eb8faf5e9a3b7676ac574f3ea,3
pyar/asoc_members,2021-05-23T22:34:08Z,tests.yaml,ae0f5072415f853e33bb6ed6d74af2e142a49879,c4a17932aac55c7d08fa4b2ee2dcb82554e096ae,3
modlinltd/django-advanced-filters,2021-05-23T08:18:41Z,test.yml,4d78bd29fc42877d25974f4363cffb92ca33d62b,da6fe7f24982a0fa69fcebff79d658b087de5e5b,1
marcusva/py-sdl2,2021-05-20T22:05:30Z,run_tests.yml,a8e33236d8009d40701196603c9282b18a0c3bb6,cf035246b02cd1871f058e8e9ee490e56fc17c52,1
py-sdl/py-sdl2,2021-05-20T22:05:30Z,run_tests.yml,a8e33236d8009d40701196603c9282b18a0c3bb6,cf035246b02cd1871f058e8e9ee490e56fc17c52,1
stefan-grafberger/mlinspect,2021-05-18T09:33:32Z,build.yml,65d5659868cd5377b346ac37afbcabcb56307fb0,5c82927fd71b5be448649c463cdf70b215ffc9e3,1
packagecontrol/st_package_reviewer,2021-05-16T20:51:50Z,ci.yml,ec428ff424d5f574f60513c6dcb3ab6d015c2bd7,6fadbe5ea8302a89f5ca734f3d9e2e3a92bf9e10,4
click-contrib/click_params,2021-05-16T19:53:44Z,ci.yml,5dcd414b9dc819f14f6a370bc198d381ff305ff0,5dcd414b9dc819f14f6a370bc198d381ff305ff0,0
mahmoud/boltons,2021-05-15T07:08:53Z,tests.yaml,8e1526e8a5367e79b9542609a326c5ab1d7ad160,05db15d78d376860f647e403c183e95fc2bc7f8f,1
ariebovenberg/snug,2021-05-14T12:46:30Z,tests.yml,3c69a6759d6b3eef5d3337464824980a0612854d,3c69a6759d6b3eef5d3337464824980a0612854d,1
python/core-workflow,2021-05-12T20:30:05Z,tests.yml,f1b2d35109d1b4c7eaf30904817fee5f03781d8f,f1b2d35109d1b4c7eaf30904817fee5f03781d8f,0
int-brain-lab/ibllib,2021-05-04T21:08:28Z,ibllib_ci.yml,a5887e3c649fb57cc7e440490cc90bc0a3a043e0,116cede6bd1f5ab5924141c9a5e1dac8458da23f,1
jvkersch/pyconcorde,2021-05-09T06:17:03Z,run-unittests.yml,4a03199810c1fc4731f091a0d12fd403de9df845,4a03199810c1fc4731f091a0d12fd403de9df845,0
bogdanp/django_dramatiq,2021-05-06T06:49:28Z,push.yml,225f5a35ded98d916082a2c0032d58a637029ecd,225f5a35ded98d916082a2c0032d58a637029ecd,0
percipient/django-allauth-2fa,2021-05-05T07:06:17Z,ci.yml,193a4acaaadbc8e1c465347ca114e7602694caf5,e1e5051f9ea2aca809a155cfe780b09e206384a9,2
valohai/django-allauth-2fa,2021-05-05T07:06:17Z,ci.yml,193a4acaaadbc8e1c465347ca114e7602694caf5,e1e5051f9ea2aca809a155cfe780b09e206384a9,2
hatchet/hatchet,2021-05-03T19:43:12Z,unit-tests.yaml,33972127b66384649c215c6b6a1738f4b8d66882,33972127b66384649c215c6b6a1738f4b8d66882,0
telegraphic/hickle,2021-05-03T18:29:56Z,test.yml,9c5a99ef7df8a48c8c3e1c34ea5d56af08130b69,9c5a99ef7df8a48c8c3e1c34ea5d56af08130b69,0
cherab/core,2021-05-02T12:23:47Z,ci.yml,5fd23ab4507021655389b4129f6915949f2e5d0b,582a3d0040d244fec3b00ea8766c221ed1396b2e,1
torchbox/wagtail-markdown,2021-04-28T15:12:44Z,ci.yml,cebf1a980ad96ff01fe938b52506b1cd172a0acd,72a6f12e99caefbdaf78f1b9ec578e2cd724db75,1
martenson/disposable-email-domains,2021-04-28T11:54:09Z,pr.yml,760a6e52b45f188bcf1d075aea0f2c36afad26ff,760a6e52b45f188bcf1d075aea0f2c36afad26ff,0
disposable-email-domains/disposable-email-domains,2021-04-28T11:54:09Z,pr.yml,760a6e52b45f188bcf1d075aea0f2c36afad26ff,760a6e52b45f188bcf1d075aea0f2c36afad26ff,0
timniederhausen/gn-build,2021-04-27T22:14:39Z,posix.yml,55dba22298276b42b4faad67f9ce0a4bd7f87a95,21a5944d6603f1aae1230654b058a9f3bf83a4bc,1
openshift-scale/cerberus,2021-04-26T16:14:39Z,ci.yml,3f2d7e9763bb84bf167f78b592efcd54018efb3c,3f2d7e9763bb84bf167f78b592efcd54018efb3c,0
cloud-bulldozer/cerberus,2021-04-26T16:14:39Z,ci.yml,3f2d7e9763bb84bf167f78b592efcd54018efb3c,3f2d7e9763bb84bf167f78b592efcd54018efb3c,0
chaos-kubox/cerberus,2021-04-26T16:14:39Z,ci.yml,3f2d7e9763bb84bf167f78b592efcd54018efb3c,3f2d7e9763bb84bf167f78b592efcd54018efb3c,0
freebsd/iocage,2021-04-24T20:44:42Z,test.yaml,942d3e48e4521cb093845f518524acdc4d1a0663,942d3e48e4521cb093845f518524acdc4d1a0663,0
greyli/bootstrap-flask,2021-04-22T12:39:20Z,build.yml,6c4792cd716618c9b98da8ac03e174b1d56dfbe8,6c4792cd716618c9b98da8ac03e174b1d56dfbe8,0
m3t0r/tpl,2021-04-21T00:07:58Z,tests.yaml,3d2817d947c2d5302e4de5acbf551a0d5ba7595a,3d2817d947c2d5302e4de5acbf551a0d5ba7595a,0
jupyter/kernel_gateway,2021-04-18T13:13:29Z,tests.yml,f3339970c6e73ad8579c63cdb9b1ced7daffaba7,f3339970c6e73ad8579c63cdb9b1ced7daffaba7,0
jupyter-server/kernel_gateway,2021-04-18T13:13:29Z,tests.yml,f3339970c6e73ad8579c63cdb9b1ced7daffaba7,f3339970c6e73ad8579c63cdb9b1ced7daffaba7,0
urlab/incubator,2021-04-17T11:31:07Z,push.yml,2da2d923677ba1edd690d2ba8ce42d8e179603e3,c197bc6b5fb647545a0cd50be5cd4a0bfd03933d,2
wirepas/gateway,2021-04-14T13:58:18Z,release_artefacts.yml,629930be70a2d788d97bb9343b5eec5cf5aaa9bd,629930be70a2d788d97bb9343b5eec5cf5aaa9bd,0
metabrainz/brainzutils-python,2021-04-12T19:45:43Z,ci.yml,5af5e0971f748d5fe326920b34cade04b8ba2617,b8e3d6e485bbf3270092f431bca95d38df33e51c,1
Josh-XT/pytube2,2020-11-09T01:26:36Z,ci.yml,b4a85510dfec1df68f66141a408a07a57c88409b,e0d67e25315519bbc11aff3df75f1039a4488830,1
saadmk11/django-newsfeed,2021-04-11T09:41:38Z,test.yaml,21854663e449998b37aade92704fb79d4e5c19b6,21854663e449998b37aade92704fb79d4e5c19b6,6
nameko/nameko,2021-04-08T13:39:06Z,ci.yaml,b0862d7f390f4e58f6de847305ad07a48ce127ae,b0862d7f390f4e58f6de847305ad07a48ce127ae,0
nathanhi/pyfatfs,2021-04-05T12:00:04Z,release.yml,a140ed7c6b444046bebfe3c95a1a0565c9a74c01,425c077b3679ce0caf08b338c027dec7e10105b1,2
parquery/icontract,2021-04-03T21:55:39Z,ci.yml,d890e545fa8d7ca32706868f9f60b5a820ef6bf6,d890e545fa8d7ca32706868f9f60b5a820ef6bf6,0
scikit-fuzzy/scikit-fuzzy,2021-04-03T13:36:10Z,main.yml,b4cb96d89d32d2ccf215606be1ff39a76026402a,1c135bfe773c4559024f7ced2df6a0e9e08ead22,1
sirver/ultisnips,2021-04-02T20:25:30Z,main.yml,e96733b5db27b48943db86dd8623f1497b860bc6,d4330c4a5a6f90522e7f06dadb440918d3361385,3
modoboa/modoboa-webmail,2021-04-02T14:35:16Z,plugin.yml,51fb053259fc74500b7fa1b32540fbb3c718cfa4,f817dc1281559a3fcdf3368b6256a570d01c995c,1
unode/firefox_decrypt,2021-04-01T14:26:20Z,main.yml,90a0060fcfa49cee6099bf31eea5bc295fea04cb,0e99765d421907cfc431174c57cbd55367bcf8b8,2
bittremieux/spectrum_utils,2021-04-01T00:00:30Z,tests.yml,d7429f4017a52dc3df693eac6812edfd9ba77779,6370e3e25ba5c85617aa368b148bc949580b1b7b,1
pythoncapi/pythoncapi_compat,2021-03-25T19:27:00Z,build.yml,8ae53ae884a13c2596d3415172fe4413ebaf745d,62600048b5a7afcb63c5df8a5b457f3731aca960,2
python/pythoncapi-compat,2021-03-25T19:27:00Z,build.yml,8ae53ae884a13c2596d3415172fe4413ebaf745d,62600048b5a7afcb63c5df8a5b457f3731aca960,2
python/pyperformance,2021-03-24T16:48:44Z,main.yml,24748f9d0b9f76d3acf6d545f136b0e2faf6392b,24748f9d0b9f76d3acf6d545f136b0e2faf6392b,2
cyberbotics/urdf2webots,2021-03-22T11:48:11Z,test.yml,5c1a26218ff91cea7532631a1fbe77418365040f,5c1a26218ff91cea7532631a1fbe77418365040f,0
arthurdejong/python-stdnum,2021-03-21T13:40:34Z,test.yml,5785afbf4079c3fd27c700b0e2153f91974319f0,5785afbf4079c3fd27c700b0e2153f91974319f0,0
cher-nov/cryptg,2021-03-20T19:28:17Z,wheels.yml,97538ab8cd3ceef95ac7d5c74c4956d15bf6cb8d,58fd15debbc832a292f5c7784a30768b09887966,2
potassco/telingo,2021-03-19T10:12:33Z,test.yml,5cae3d9978ce495e58f47811a14e9c9bb797dcca,5cae3d9978ce495e58f47811a14e9c9bb797dcca,0
vstinner/python-ptrace,2021-03-17T20:15:41Z,build.yml,ac9fc588b7d4ec01240d524fa69e366ce0209073,ac9fc588b7d4ec01240d524fa69e366ce0209073,0
qgallouedec/panda-gym,2021-03-13T08:15:56Z,build.yml,df497b04d6334a6db7f9f9e0631424c293029ceb,df497b04d6334a6db7f9f9e0631424c293029ceb,2
simoninireland/epydemic,2021-03-11T14:27:31Z,ci.yaml,2ff36a5a749c44079adac8a6f60966331272bb76,cc535f4a7ac7c26ea61af47e07899161b688889a,2
skontar/cvss,2021-03-11T07:21:04Z,main.yml,4cf18bc810a267f16b69a82c2e07a01e4517d977,4cf18bc810a267f16b69a82c2e07a01e4517d977,0
districtdatalabs/yellowbrick,2021-03-10T23:39:00Z,ci.yml,77e1e16b02772436a3f1ec89b9e719bbee0e6d00,77e1e16b02772436a3f1ec89b9e719bbee0e6d00,0
jamescooke/flake8-aaa,2021-03-10T10:02:19Z,build.yml,f2b3e396e298ada9848df1a3b5b367c37e6675ee,f2b3e396e298ada9848df1a3b5b367c37e6675ee,0
aureliojargas/replace,2021-03-09T22:24:01Z,check.yml,dbac38e9131cb1a6a5da5791c580533bd03ff342,dbac38e9131cb1a6a5da5791c580533bd03ff342,0
peeringdb/django-peeringdb,2021-03-09T16:07:56Z,tests.yml,f1f93dc2c29cbc1c53264d0cd65bac2ff2c22a03,f1f93dc2c29cbc1c53264d0cd65bac2ff2c22a03,0
ricequant/rqalpha,2021-03-09T03:16:32Z,test.yml,6e3b725cbb823521a600435a23bba797a252ecf3,cbdb3808b7a1f518a04d40cf1038d31a4f0776cf,3
jfjlaros/demultiplex,2021-03-08T18:30:31Z,python-package.yml,6bc446cc359be99ea6be1b7d3f4623fd8b81a97e,6bc446cc359be99ea6be1b7d3f4623fd8b81a97e,3
telefonica/toolium,2021-03-08T17:32:24Z,ci.yml,773b0c3cbff136015c9e0fb157c9666f418ba042,773b0c3cbff136015c9e0fb157c9666f418ba042,0
Infinidat/infinisdk,2021-03-08T14:38:07Z,python-package.yml,d5bdb4fffe12f02b029215fa2427ea732186940c,d5bdb4fffe12f02b029215fa2427ea732186940c,0
openownership/data-standard,2021-03-08T14:31:05Z,test.yml,bb4b26acd1c87387406a14f4fd96cfb4920f5c2a,bb4b26acd1c87387406a14f4fd96cfb4920f5c2a,0
regebro/pyroma,2021-03-07T13:08:13Z,test.yml,02098cc598564678aa7aa9573376b25f45c7e7e6,02098cc598564678aa7aa9573376b25f45c7e7e6,0
llimllib/limbo,2021-03-05T20:09:46Z,ci.yml,321b4814325f3fd8b7f437baacba66aedb529f86,f5a1e7f5c928c68d2834b168a465c224b2a02778,1
vxgmichel/aiostream,2021-03-05T10:30:59Z,ci.yml,09c65a49ac20a9273cb1d93958f0ffcb12f8d73b,09c65a49ac20a9273cb1d93958f0ffcb12f8d73b,0
w3c/openscreenprotocol,2021-03-03T18:25:19Z,pr-push.yml,684e1e50986b4566549858e8c056bd2fedd43b9f,684e1e50986b4566549858e8c056bd2fedd43b9f,0
wwu-mmll/photonai,2021-03-03T14:43:01Z,python-test.yml,ce2f03452e3282bffeafa2b91ccda289f4215047,983a4cac74289eb58665ff005c0e5fcad3ef8b70,5
sklarsa/django-sendgrid-v5,2021-03-02T02:29:30Z,pipeline.yml,d5abebed637938d81a64356f5820d7b37b9e9b07,d6627efb0c600bc91c53018e45b7a49621d008a4,1
dakrauth/django-swingtime,2021-02-28T04:04:31Z,test.yml,bcc66bc41233a8b9620a7ad958e3646a01699959,bcc66bc41233a8b9620a7ad958e3646a01699959,0
dlenski/aztec_code_generator,2021-02-24T07:34:10Z,test_and_release.yml,1793ab6c68bf185fb2f6f23c101d83652b934a7d,1793ab6c68bf185fb2f6f23c101d83652b934a7d,0
trusted-ai/aif360,2021-02-22T19:35:23Z,ci.yml,a44df437dc870d9fb91ad868e5fd8205b8b5ea32,60ba1b7aef1f46d075ca030e7bcfe1ce4ce88503,1
pusher/pusher-http-python,2021-02-22T10:44:43Z,test.yml,2a238bc09149df311e3612058930fb34f995ffae,2150cc042086a6d1efec25aeb7ac1ee4c6700c24,1
ucla-irl/ndn-python-repo,2021-02-19T01:31:47Z,pythonpackage.yml,7a69b1b24e27a2f539aa4f2480306e862e35c1f7,7a69b1b24e27a2f539aa4f2480306e862e35c1f7,6
stackstorm/orquesta,2021-02-17T05:15:43Z,tox.yml,53a2540908e9c00223861dfa926d922a3ebe0cd5,a1fc702c879ecd4d05d6259cfc3fe3a0646c7423,2
mgalardini/pyseer,2021-02-15T15:31:27Z,azure_ci.yml,5c821d3616348ce2f6b9eff80c43ecdf470ceec7,5c821d3616348ce2f6b9eff80c43ecdf470ceec7,0
koed00/django-q,2021-02-14T17:59:04Z,test.yml,7d03536e891fba5a206821272752f289c57f905e,7d03536e891fba5a206821272752f289c57f905e,0
gday/django-q2,2021-02-14T17:59:04Z,test.yml,7d03536e891fba5a206821272752f289c57f905e,7d03536e891fba5a206821272752f289c57f905e,0
revsys/django-tos,2020-04-04T16:41:45Z,django.yml,7280fde66203afc4ab4f483f71d36a3e21106d30,7280fde66203afc4ab4f483f71d36a3e21106d30,0
mitya57/secretstorage,2021-02-08T18:51:59Z,main.yml,3a85b93c26f9f01ecfb73dd1b82d4154ccd90557,3a85b93c26f9f01ecfb73dd1b82d4154ccd90557,0
dorianbrown/rank_bm25,2021-02-08T18:23:00Z,pytest.yml,f6ac8abd42cbdcc15afed2a7fd4bf206a58ddd18,b557917775587a83be3a8aba9ff9a9869748e43b,2
novnc/websockify,2021-02-08T10:02:48Z,test.yml,e4e85f808270211f510620c611923fdb2196ea1d,24c3f75edefe49473389c5e11f4af335d49b6e75,4
payu-org/payu,2021-02-07T23:50:17Z,CI.yml,e1948c48856db7e051743be6d14a63632b28f72f,e1948c48856db7e051743be6d14a63632b28f72f,0
collective/collective.solr,2021-02-07T19:49:47Z,ci.yml,0d82b18993864866c1d3b2ef917f367c19ca44f8,0d82b18993864866c1d3b2ef917f367c19ca44f8,0
danirus/django-comments-xtd,2021-02-06T10:40:30Z,ci-pipeline.yml,1447fa2003165f09ace81635c69abc6e0dafca3b,b4de63d7d5cc5dfa9e739a728739eaa67c66fe43,1
linuxmuster-docs/main,2021-02-05T13:19:21Z,main.yml,98ac71b7ba6a231512be3ad4336b1c8a8696a395,98ac71b7ba6a231512be3ad4336b1c8a8696a395,2
williamjameshandley/fgivenx,2021-02-04T21:49:09Z,CI.yml,9d79a3fc1921c5b526ae52615e1e762cc149a1de,9d79a3fc1921c5b526ae52615e1e762cc149a1de,0
wildfish/django-star-ratings,2021-02-04T15:51:12Z,ci.yml,69d4b06f347f43b34839c299ceb78dd9a93a331a,e67efb49387a8fb6688549394a7b8277328b36d8,3
zodb/perfmetrics,2021-02-04T12:05:51Z,tests.yml,d4c95edf297405498113055b8f017f5e7993fd53,d4c95edf297405498113055b8f017f5e7993fd53,0
alubbock/thunor,2021-02-04T06:01:13Z,python-publish.yml,bcb38d962510e4a18acffdf4c277c55b530a33b0,bcb38d962510e4a18acffdf4c277c55b530a33b0,0
yelp/aactivator,2021-02-03T22:16:44Z,ci.yaml,b772bc304cc71bcc16d099b86e4b457e9088f06d,caef1a17cea62308e327337ee4f85283192977a7,2
fatal1ty/aioapns,2021-02-03T22:15:22Z,ci.yml,b62d4de224694a78243ad16b4119ae498d7a9540,eb85c7d301a41abeff179df6cdabc4e42075ebf3,1
django-oscar/django-oscar-api,2021-02-02T14:05:50Z,ci.yml,223b8be1afc667c01ed5d1e3a006d8f9499f54c3,4243f6979a593563d9476dece7c006f16f3b5136,1
lyft/cartography,2021-02-02T01:03:48Z,test_suite.yml,1c6014a42eeb1c566808a4bc3f0e0c76ffe0cdca,1c6014a42eeb1c566808a4bc3f0e0c76ffe0cdca,0
cartography-cncf/cartography,2021-02-02T01:03:48Z,test_suite.yml,1c6014a42eeb1c566808a4bc3f0e0c76ffe0cdca,1c6014a42eeb1c566808a4bc3f0e0c76ffe0cdca,0
bigswitch/pybsn,2021-02-02T00:30:39Z,run-tests.yml,832808263e63a1b364dcee8a0e9bccbf69a3c373,832808263e63a1b364dcee8a0e9bccbf69a3c373,0
adacore/e3-core,2021-02-01T10:58:28Z,ci.yaml,04b05023b1fbb1201a2c2ba99e2926c16b7f49cd,04b05023b1fbb1201a2c2ba99e2926c16b7f49cd,0
convexfi/riskparity.py,2021-01-30T01:53:09Z,pythonpackage.yml,70058f15ca00622b24b942894abb1831556579a5,70058f15ca00622b24b942894abb1831556579a5,0
dib-lab/screed,2021-01-29T16:04:48Z,python.yml,714e039eccd5a9f55ed02b79ff7bf0633e04e912,714e039eccd5a9f55ed02b79ff7bf0633e04e912,0
nexb/scancode.io,2021-01-29T08:08:31Z,ci.yml,cbd43d21eec982f151af9970130a15b7ac1ed58d,cbd43d21eec982f151af9970130a15b7ac1ed58d,0
aboutcode-org/scancode.io,2021-01-29T08:08:31Z,ci.yml,cbd43d21eec982f151af9970130a15b7ac1ed58d,cbd43d21eec982f151af9970130a15b7ac1ed58d,0
thoth-station/micropipenv,2021-01-28T20:19:25Z,main.yml,bccd4ee51480dbdbe4d1e9fff09e3d877dc8a3da,bccd4ee51480dbdbe4d1e9fff09e3d877dc8a3da,0
solvebio/solvebio-python,2021-01-28T16:03:22Z,python-package.yml,8a0da10282e58f836f72ea3006adca9d12b7342e,8a0da10282e58f836f72ea3006adca9d12b7342e,0
pusher/push-notifications-python,2021-01-28T09:59:54Z,ci.yml,010605f798c8891c1107b122e81d4263fc3aed44,dfdbc6e330c06eba00dafe2cbd23510b5ef6a533,3
learning-unlimited/esp-website,2021-01-28T02:39:21Z,tests.yml,0d4c05a59c8227415498e8b0f5f8ddec3111341b,0d4c05a59c8227415498e8b0f5f8ddec3111341b,0
ably/ably-python,2021-01-27T20:42:21Z,check.yml,06d2ef52e99507e785744c11194523a372647f40,191bf1f8b4e9eb72f535f73bc9adf16788f4c04d,4
rlworkgroup/metaworld,2021-01-27T20:22:52Z,python-package.yml,b80dd3701ed8f4580ffd384c6d6fe0470895a914,b80dd3701ed8f4580ffd384c6d6fe0470895a914,0
zaproxy/zap-api-python,2021-01-27T13:04:41Z,ci.yml,7893e30f2ec0edf5c6069bc38f767ae04bb1a71a,1e53bbfeaf8e8daf19fc446efcc05808378a23b2,1
hotdoc/hotdoc,2021-01-27T02:58:05Z,python.yml,f30f4e67696ccf615e09f704babb42a07c164ae5,f30f4e67696ccf615e09f704babb42a07c164ae5,0
kiwicom/structlog-sentry,2021-01-26T20:35:46Z,push.yml,8152682e78bda8c802c88c79d8f166a184707192,8152682e78bda8c802c88c79d8f166a184707192,0
prompt-toolkit/ptpython,2021-01-25T15:44:29Z,test.yaml,3dac89a804473d041906cb1649d1b1429675b46a,3dac89a804473d041906cb1649d1b1429675b46a,0
crate/docker-crate,2021-01-25T14:35:54Z,test.yml,a7bc4f518b08e321b3d7fbede4e8d297504e54d9,a7bc4f518b08e321b3d7fbede4e8d297504e54d9,0
nottinghamtec/pyrigs,2021-01-25T01:20:12Z,django.yml,8ad629a47e0f0dca558e7a3aa1746c83174b1e03,2bf017578608d93ba1a96df578a38887c4bee39c,1
nose-devs/nose2,2021-01-22T23:37:36Z,build.yaml,a48d9d1a0cb849c2119d7d89b2972ea54ab6d3c8,72c1cc68b155bb64cfb2c6a342b6baa8d95edae9,5
joalla/discogs_client,2021-01-21T22:42:53Z,discogs_client-build.yml,7dda3501fd99efea3b0f51fb2fe06f3dcadd7a58,86361e20adce4098b3e40f04b52a6c8a8f0be8f8,1
floooh/fips,2021-01-21T16:05:06Z,main.yml,e0376b256399dae1439c7853e1c391c1bceb2ded,83809fc2f1214bce539b2d15bb13a216cb4cc255,2
openwisp/openwisp-users,2021-01-21T15:24:44Z,ci.yml,0251808cb13c449093f57bd934d02e32e1f2c00a,0251808cb13c449093f57bd934d02e32e1f2c00a,0
retext-project/pymarkups,2021-01-20T12:52:25Z,main.yml,d301d84889064c08c055253b3271d667ad1abbe6,15d49966f1cd721e439ecdba484bfa4ba71bf07c,3
xanaduai/thewalrus,2021-01-19T17:01:21Z,tests.yml,567be83a46bb4a0dc5ffd18d2df9f6efd7ed6c13,567be83a46bb4a0dc5ffd18d2df9f6efd7ed6c13,0
fuhrysteve/marshmallow-jsonschema,2021-01-19T16:20:50Z,build.yml,cb70706f7a537c85006757f652422b427074c249,cb70706f7a537c85006757f652422b427074c249,0
bundlewrap/bundlewrap,2021-01-19T14:26:28Z,tests.yml,d108daeee79f3d7cf7d6ced58ae3df56b4549c0a,63b52dd300ed5b23e31fb0cf0dca6f626fc9bb72,1
f-dangel/backpack,2020-12-03T18:38:15Z,test.yaml,d6a1ee932ec7a07adb1046e06fe7d42b23040296,d6a1ee932ec7a07adb1046e06fe7d42b23040296,0
polyconseil/django-cid,2021-01-17T09:37:24Z,ci.yml,53c563db41538551b1666a70f04f4281d69e9549,460133d79a37710c3a72d1209665d61dd337d9dd,1
vifactor/repostat,2021-01-14T19:22:52Z,repostat_ubuntu.yml,89ab87c506746ea7eada395f2529e55ddaf2292b,89ab87c506746ea7eada395f2529e55ddaf2292b,9
chaoss/grimoirelab-graal,2021-01-14T12:49:14Z,ci.yml,3598af1b07109fd78bb944dbd6a7185b24e7548c,3598af1b07109fd78bb944dbd6a7185b24e7548c,0
strongswan/strongman,2021-01-13T17:18:17Z,ci.yml,23e62d8be7664d81333082ede49bafcf021755da,23e62d8be7664d81333082ede49bafcf021755da,0
20c/rdap,2021-01-13T02:33:22Z,tests.yml,fdbf912095abd1f7d10a2d43cecb1cc98ee4eb0b,43bad2a9d93882726e56296e8408a3503ca41efd,1
tiran/defusedxml,2021-01-12T16:29:45Z,main.yml,e1ef14e7dc763fe356f0b6142be23972e4a2310b,2be0182d145d086306435f30ab997711bb5b3fb1,1
bihealth/sodar-core,2021-01-12T10:46:16Z,build.yml,9914963d7c44f9412afb5b8c5f587800c1b7c61c,9914963d7c44f9412afb5b8c5f587800c1b7c61c,0
abusix/ahocorapy,2021-01-11T08:41:09Z,pythontest.yml,a6dc39b4e4146847139ce8c4b7bbc46685c00472,4147d927fcf90b2ee31a9178ddb97871c91eaa1b,6
keiserlab/e3fp,2021-01-09T12:35:42Z,ci.yml,65b8f8497d6d0b956f5c4c47c3a028a09017a9ca,b556110243fb535243cdea8d10875f9e4046bbfa,1
jocketf/fimfarchive,2021-01-08T20:20:21Z,main.yml,93a40b65f4c6f67e18f33a152be094d39f307ace,93a40b65f4c6f67e18f33a152be094d39f307ace,0
radiocosmology/driftscan,2021-01-07T18:51:55Z,main.yml,1cec781e15de19c49037333af9b3f36726cb5979,f09d19e23a6abb3c612a34b6dcfabcd27a0af940,1
tue-robotics/node_alive,2021-01-05T21:18:45Z,main.yml,8b56227f65aa69ff6d0cf5ee1eda953ff44dde7b,8b56227f65aa69ff6d0cf5ee1eda953ff44dde7b,0
pytorch/tnt,2021-01-05T19:36:17Z,test.yml,b6b01bd4a4380e4fc32f75d0b238dbd631d6557e,b6b01bd4a4380e4fc32f75d0b238dbd631d6557e,0
spinlud/py-linkedin-jobs-scraper,2021-01-05T12:09:42Z,ci.yml,1be6c96ad4f467a9a9be65187fc229144d50a003,cbf1d887156f54d4170f3d6212d632c51bdc5c65,1
danjac/pyramid_storage,2021-01-04T21:25:19Z,test.yml,665dd3e20bade18ace176251f7dbb217dcfdacec,665dd3e20bade18ace176251f7dbb217dcfdacec,0
preset-io/elasticsearch-dbapi,2021-01-04T13:19:51Z,ci.yml,f7842d772af632a3ff50aa28d5f0024766a97928,f7842d772af632a3ff50aa28d5f0024766a97928,0
uf3/uf3,2021-01-04T03:12:43Z,tests.yml,6c99ec36577e8619d7e4f93228cd10f237976715,bea814603d40680e76e9765504a479536ae29f28,4
MrParosk/pyDenStream,2021-01-03T13:57:14Z,master.yml,c8738f67650bef1f14a0b11b9a3fa3815589d684,1be029df542063972f022b3635637e0787a720d8,3
grigorig/stcgal,2021-01-02T14:24:46Z,python.yml,77b3f0e1b7140b2f5c7da025cae46c99ec2a62b0,d7ed8bd5308f87e40736a06828daf8f9b3a77f16,2
ab-ce/abce,2021-01-01T04:39:50Z,python.yml,bbf6e67df59ce9ff2021afe83a19b858aa2f9206,31ee3b6ec718e25ad671948b256853e60f0c86b5,4
1adrianb/face-alignment,2020-12-30T08:56:46Z,test.yml,651e83d533d0d5670600c6bb036d3a86a6c81d46,651e83d533d0d5670600c6bb036d3a86a6c81d46,0
kipe/pycron,2020-12-28T16:42:29Z,python-test.yml,7283fbc2d6c6d8200cc32627cf1777d56ee6cba7,56bd58568f1b8c1c8c534863c9d5bcc5379981db,1
chaoss/grimoirelab-sirmordred,2020-12-28T12:20:23Z,ci.yml,ca6c405ebe209d3b1a896f01bb5227b354c6e617,ca6c405ebe209d3b1a896f01bb5227b354c6e617,0
rm-hull/luma.emulator,2020-12-27T09:57:05Z,main.yml,b7a4c778ca5a3f66eace1ff5d170419de0b6b72b,b7a4c778ca5a3f66eace1ff5d170419de0b6b72b,0
nickjj/flask-static-digest,2020-12-23T22:24:31Z,ci.yml,50bf4e6f85b6c57fa28a10bc897df2939022f586,120c80d2c00f32b1e457be804ff85ebd225aa19b,1
opensvc/opensvc,2020-12-22T20:37:54Z,ci.yml,7f1601ff0dd05e0022c6367827c2c4896622ad1f,c34b142dfedebee6ecddbcf9c22768ebd459910a,8
yunojuno/django-management-command-log,2020-12-22T12:27:41Z,tox.yml,489d621b14ee6621bf9fa7d405ebf49a65d661dd,11eb68705f48c6fad1e9eafa9fc801ed19b173eb,1
inveniosoftware/invenio-app-ils,2020-12-22T11:50:40Z,tests.yml,26cb5a7a93a58750b2f0c89e1100adca26d69e5a,26cb5a7a93a58750b2f0c89e1100adca26d69e5a,0
thomasballinger/curtsies,2020-12-21T19:56:49Z,build.yaml,f37892b5dad3e1171a69024a3bf9bb3036dfc68b,31355f3fcaf9f9ce7ed08eb9fe37a3f8993e18cf,3
dtcooper/python-fitparse,2020-12-20T14:45:22Z,test.yml,5c0bff19c7f0de6b87532ee2899d844e2d2372ab,5c0bff19c7f0de6b87532ee2899d844e2d2372ab,0
plone/plone.rest,2020-12-20T12:28:01Z,ci.yml,14637bb8cedf28ccdb833c61877ae2338c7ff57a,14637bb8cedf28ccdb833c61877ae2338c7ff57a,0
dobiasd/undictify,2020-12-19T06:03:46Z,ci.yml,f644b868591c4fee7a810e30414357fd8523e611,6e81bdee95fec5e7414d0b154c3c8d4322e7c379,8
strateos/transcriptic,2020-12-18T04:25:29Z,ci.yml,202e252dd52411c6906e1a31227d5b93373f685a,6417cae6bc096c18dc7939fd92984c0b9de3bf11,1
mtgjson/mtgjson,2020-12-17T18:05:32Z,tests.yml,aef2ae3ee3e130dce2dc7956ee89d728490958db,aef2ae3ee3e130dce2dc7956ee89d728490958db,0
edx/edx-rest-api-client,2020-12-17T09:43:49Z,ci.yml,5d8bb023995160c755be95a1f8890d53883637e0,5d8bb023995160c755be95a1f8890d53883637e0,0
coleifer/wtf-peewee,2020-12-16T22:34:26Z,tests.yaml,59145ba164386715fc1d5c880167de1d341e11fd,59145ba164386715fc1d5c880167de1d341e11fd,0
coleifer/flask-peewee,2020-12-16T22:31:12Z,tests.yaml,c66386069b816064f9cb73cea73f547271129c06,c66386069b816064f9cb73cea73f547271129c06,0
coleifer/walrus,2020-12-16T21:53:48Z,tests.yaml,deb438b60e46898db2483ade262742120cf3cf1c,9b4b767bbd743f3586537cf8f7a83dcfac9acc43,1
coleifer/scout,2020-12-16T21:52:37Z,tests.yaml,4597ad83fa79230d805af52cbb0ffca86c5c599c,4597ad83fa79230d805af52cbb0ffca86c5c599c,0
luispedro/jug,2020-12-16T03:50:49Z,python-package.yml,fab635589ad67b51de4197ed6f861a1515b6eae1,9e13c5f9d2382b13e9d08b0b089937b689ac9e0f,4
linode/linode-api-docs,2020-12-15T19:24:51Z,test.yaml,9525603fd46f6f156dda547a66f8f3ba786bb5a5,9525603fd46f6f156dda547a66f8f3ba786bb5a5,0
astropy/astroplan,2020-12-15T14:53:52Z,ci_tests.yml,b7d67921db75718ea44a344207180d339e4d4470,03fef9503dc7f8df465e23f7cbbacc5b0ffbb345,3
hugovk/random-street-view,2020-12-15T14:44:14Z,test.yml,69c1f91fe2cecb0197e7c443ab9568bd928a3319,69c1f91fe2cecb0197e7c443ab9568bd928a3319,0
wee-slack/wee-slack,2020-12-15T07:26:18Z,wee-slack.yml,b08dcca160687e54ab0773e44729cfd12e5f0100,7174d5b008611effa84abeef4fb196bd46711b73,2
aiidateam/aiida-cp2k,2020-12-14T15:10:13Z,ci.yml,5f5d2b20a380d0a9cae0d079c7e62c0877976ac7,5f5d2b20a380d0a9cae0d079c7e62c0877976ac7,0
CERNDocumentServer/cds-ils,2020-12-13T13:53:29Z,tests.yml,69bf3432470f46db7e7fe35e25db7b8f9e9a28d7,78d1e895f97751025feecd48c749d5b2f7f49bcf,1
daoo/autodesk,2020-12-13T10:26:53Z,python-ci.yml,a9cdf05eb518656281528deaa0b838aa820f8ae3,f6a6fdbe38bc45d6bb34e2e0004bc404f26e729e,2
dlenski/what-vpn,2020-12-10T02:38:49Z,test_and_release.yml,d5d4a2b9b5fbdab7f466066aa8fd64da144fe3be,c8cc752a48a3bccd8b51900cce0b86fb2e6893cb,2
jupyter/enterprise_gateway,2020-12-09T20:51:27Z,build.yml,8387ca907423baaf78d3bb6f9211fa98fc74827f,8387ca907423baaf78d3bb6f9211fa98fc74827f,0
jupyter-server/enterprise_gateway,2020-12-09T20:51:27Z,build.yml,8387ca907423baaf78d3bb6f9211fa98fc74827f,8387ca907423baaf78d3bb6f9211fa98fc74827f,0
pyfeeds/pyfeeds,2020-12-09T16:19:45Z,tox.yml,505385aaa6263cdc258e5e39f820bf203ec964bd,505385aaa6263cdc258e5e39f820bf203ec964bd,0
learnables/learn2learn,2020-12-06T00:51:05Z,python_unittest.yaml,365d15a4aedc2fd15cc0a01bf28d4a948b688d27,b2b4b51c8532822a3334bc3e8c0f5b3e3b218961,1
aequitas/python-rflink,2020-12-08T21:14:30Z,release.yml,6b702aa785b5e0f6aeccbfd40c914adaf0056b15,e64a97baa88dc8257b2cd12ca2732c99f7415533,1
gecrooks/quantumflow-dev,2020-12-08T09:46:22Z,build.yml,d6f2bc7f0794b93b6258fa7f422075fe9b5d6bc3,6a6191725983ba72db093d1eee9365cd80cccf73,2
barrust/mediawiki,2020-12-07T22:13:13Z,python-package.yml,4b8b3f70a4dcbae84ca391f5841fb94d6de7e63c,4b8b3f70a4dcbae84ca391f5841fb94d6de7e63c,0
rm-hull/luma.lcd,2020-12-07T17:48:40Z,main.yml,dd3960946198ce9ca53e9a0f254909956f41a5de,dd3960946198ce9ca53e9a0f254909956f41a5de,0
alphagov/digitalmarketplace-frameworks,2020-12-04T14:12:09Z,test.yml,1c1478a2fec30c3f490393469f9006f43e940753,1c1478a2fec30c3f490393469f9006f43e940753,0
crown-commercial-service/digitalmarketplace-frameworks,2020-12-04T14:12:09Z,test.yml,1c1478a2fec30c3f490393469f9006f43e940753,1c1478a2fec30c3f490393469f9006f43e940753,0
django-oscar/django-oscar,2020-12-04T10:04:03Z,test.yml,a11bd4d5d1a09ca353c46d6e4d330185152d7abb,806ef2e65ccea1ad9edfd361a1663d992ddb9f50,1
geoalchemy/geoalchemy2,2020-12-04T09:28:23Z,test_and_publish.yml,1801c3ab0932dcabd5445e55543e07af09359f27,1801c3ab0932dcabd5445e55543e07af09359f27,0
pycqa/pyflakes,2020-12-03T21:50:02Z,test.yml,632e346c3296e8f37a80949eba268d9f49ab86be,0e4194b238ffd006441f1a33373062d9c7272d0e,1
pollination/queenbee,2020-12-02T20:54:29Z,ci.yaml,10d93a166a9b5e8b567caa5e42be29e8b46425c0,f59bb775368e9e72957f5102b85be8b78a20ce40,8
chaoss/grimoirelab-elk,2020-12-02T11:28:00Z,ci.yml,4167fa26fbdfef7168051f3ebbfa842e30e8e1d9,4167fa26fbdfef7168051f3ebbfa842e30e8e1d9,0
googlecloudplatform/click-to-deploy,2020-12-02T01:35:46Z,ci-tests.yaml,bcc713f3a7d5c37ae008805eed0aa55355e791da,bcc713f3a7d5c37ae008805eed0aa55355e791da,0
crown-commercial-service/digitalmarketplace-supplier-frontend,2020-12-01T16:17:13Z,test.yml,d1468765f5d57de0833b3068b5a78d73b5f2fb5f,4d5ec44edc60abc5d923909f161a54e5504ed97c,4
inveniosoftware/invenio-records,2020-12-01T14:02:44Z,pypi-publish.yml,6aba2cb48848f2be8d45a565ad0533095fb091b7,6aba2cb48848f2be8d45a565ad0533095fb091b7,0
arm-software/workload-automation,2020-12-01T11:07:15Z,main.yml,4ddd610149f682250a3937e7fdf5fe84cbfa96ce,4ddd610149f682250a3937e7fdf5fe84cbfa96ce,0
sciris/sciris,2020-11-30T05:18:56Z,tests.yaml,84d1c6fed4150520d8cb9e73bb11187dd226126d,84d1c6fed4150520d8cb9e73bb11187dd226126d,1
rm-hull/luma.core,2020-11-29T23:33:08Z,main.yml,ce7da13a091ab473c3ed642c9917e58de43b12d4,ce7da13a091ab473c3ed642c9917e58de43b12d4,0
hugovk/strava-tools,2020-11-29T12:36:07Z,lint.yml,a27e76f1486a48bf536063d9074d9031f1737bee,a27e76f1486a48bf536063d9074d9031f1737bee,0
containers/udica,2020-11-27T20:03:44Z,checks.yml,3f15e5dba2188ab895c62d1e70479f4ebdc59c80,3f15e5dba2188ab895c62d1e70479f4ebdc59c80,0
edx/repo-tools,2020-11-27T12:20:53Z,ci.yml,53be72900054e278a24e29c166f945dd9062d4c1,53be72900054e278a24e29c166f945dd9062d4c1,0
dictation-toolbox/caster,2020-11-27T01:55:55Z,pythonpackage.yml,dc66f9ab73f4f2bbb9b1604ccf0d67c812a36a37,dc66f9ab73f4f2bbb9b1604ccf0d67c812a36a37,0
tue-robotics/image_recognition,2020-11-26T16:10:20Z,main.yml,aa5e64e3ee24d91dc63490fd6c0cbe63a319da7f,6d49355deba0536d6d09b4d7e7ebee6ffa95e2c1,1
3yourmind/django-migration-linter,2020-11-26T15:18:38Z,ci-build.yml,321b41ddd0cf23be481afec4896bef4cd3fc66fd,b38da345d7fa367bcc307b92638f5c4d3d199d3b,2
raimon49/pip-licenses,2020-11-26T11:33:55Z,python-package.yml,32b5c84ef0377b69e9b7e48f0289e38fc4a64077,32b5c84ef0377b69e9b7e48f0289e38fc4a64077,0
fedora-selinux/selinux-policy,2020-11-25T21:54:06Z,build.yml,67c68907c5e41a7b1458058b8f642e5535037fa2,85c7870b7f6e99deb2ef34b9b12781b56e782b1d,1
enjoy-digital/litescope,2020-11-24T12:55:54Z,ci.yml,0a67448ce9337e63b002d1b0ea77ebad8ed668ea,0a67448ce9337e63b002d1b0ea77ebad8ed668ea,0
enjoy-digital/litedram,2020-11-24T12:43:43Z,ci.yml,68cd462bd4b40d9437ac1f4de1ea1516ffd42cf8,af979bbd3149c1bfe617320c22b4e4759de1182d,1
enjoy-digital/liteeth,2020-11-24T12:33:40Z,ci.yml,5737aaa67c9de1c92fd02b062a6b4515b4b0ec43,5737aaa67c9de1c92fd02b062a6b4515b4b0ec43,0
pycqa/flake8-bugbear,2020-11-23T22:47:50Z,ci.yml,43ff775ba5132ecfd23f1625a6d3baf240595810,43ff775ba5132ecfd23f1625a6d3baf240595810,0
ebi-gene-expression-group/scanpy-scripts,2020-11-23T09:19:45Z,python-package.yml,99a9cce60bdb7a5f2fbc6747b35f1415fe3f0574,a80ab0c8ac71de1b16a4aa65faada9650d7e4eb6,1
spl0k/supysonic,2020-11-21T16:33:38Z,package.yaml,bca91041471734247cf1fe6406c9fb06609deb4c,8cef6282191696e1df480016b8247c654cee9826,2
jrfonseca/jmdict-kindle,2020-11-21T11:29:50Z,build.yml,11d41c367e7087a33d76eefda565fd938f364dc7,11d41c367e7087a33d76eefda565fd938f364dc7,0
jmdict-kindle/jmdict-kindle,2020-11-21T11:29:50Z,build.yml,11d41c367e7087a33d76eefda565fd938f364dc7,11d41c367e7087a33d76eefda565fd938f364dc7,0
tommyod/efficient-apriori,2020-11-20T23:18:42Z,build.yml,c578a63363dcb36b64439999be9f0ec040fe0bfd,c578a63363dcb36b64439999be9f0ec040fe0bfd,0
aws-cloudformation/cloudformation-cli-python-plugin,2020-11-20T22:17:13Z,pr-ci.yml,81c1ce6c35bf4aec01cc4919b9adc8c876a276ed,81c1ce6c35bf4aec01cc4919b9adc8c876a276ed,0
julienpalard/oeis,2020-11-20T08:52:59Z,build.yml,300446e7735a90af10f14353366326bfcff33ae4,c40cbb6f9141e0e2d1150db522810e24d70635a0,2
tenable/pytenable,2020-11-19T21:10:23Z,unit_tests.yml,7ca4ef855930ceee3192f1d26f6c11e68e22babd,7ca4ef855930ceee3192f1d26f6c11e68e22babd,0
tarantool/test-run,2020-11-19T15:09:01Z,test.yml,22400bd43385b921af8d8b50085a35604f87b01c,22400bd43385b921af8d8b50085a35604f87b01c,0
idr/idr-metadata,2020-11-19T10:24:17Z,main.yml,f156d24faa6a27de63dd27c5867a01e806b48d5e,f156d24faa6a27de63dd27c5867a01e806b48d5e,0
pymoca/pymoca,2020-11-17T11:57:10Z,ci.yml,a4d123f151107a6a86293e3bc86cbf383e917ee3,a4d123f151107a6a86293e3bc86cbf383e917ee3,0
simonit/spotifylyrics,2020-11-15T22:42:01Z,build.yml,e8d25f5546c7524e41837edcb77ee6fa37d42f21,f2088ae4a0c5eaf3c6e876569f52d8996cdf393e,3
flozz/nautilus-terminal,2020-11-15T13:10:20Z,python-ci.yml,715c3de701bfac8da71ddccd06c62e28e144f76e,715c3de701bfac8da71ddccd06c62e28e144f76e,0
dask/dask-ml,2020-11-13T17:43:39Z,ci-docs.yaml,c9dfdccd30466009d67039248c2d86d343f0061e,c55c1898bcf05ccd0c572d7df793d938a3b7e9af,1
abusix/querycontacts,2020-11-13T13:50:27Z,test.yml,582c1377e154d0d5056c123674e006a13af1c8b2,9e67d712a462290f9eac5cfaa0383e1171e2e3d7,1
p4lang/ptf,2020-11-13T01:10:55Z,build.yml,4e7d3c80f06c9de959e91796f33c1f9120bd0e8b,4e7d3c80f06c9de959e91796f33c1f9120bd0e8b,0
chronicle/api-samples-python,2020-11-12T18:17:41Z,python-app.yml,5419075967172cbc46c820f2260943a301664cad,5419075967172cbc46c820f2260943a301664cad,0
duosecurity/duo_openvpn,2020-11-12T15:22:45Z,openvpn-ci.yml,7f4aadd10237ac96b419af0b1e04e513516cf819,1197145c0585cf7e273432b0e2d6100992affa32,1
dask/partd,2020-11-12T14:35:14Z,ci.yml,9aa66f502dea501345267d1f0c0a56c49a639061,07dd0dc7e89126b465b5388b32efe52008ba1668,1
reata/sqllineage,2020-11-12T12:13:43Z,python-package.yml,15c08d01f65abf04923e079bf5ad409e295200f4,15c08d01f65abf04923e079bf5ad409e295200f4,0
pimoroni/grow-python,2020-11-11T21:51:10Z,test.yml,0dc091d05fb0e157e69e8932901b3f73219555a0,0dc091d05fb0e157e69e8932901b3f73219555a0,0
pytest-dev/pytest-testinfra,2020-11-11T17:05:51Z,tox.yml,9b5fa7570c74a1c6b93a3c320c30120317ce6d15,f1c70d0bd81e9639a0773b22620693a284551306,1
python-babel/babel,2020-11-10T14:19:04Z,test.yml,58de8342f865df88697a4a166191e880e3c84d82,58de8342f865df88697a4a166191e880e3c84d82,0
python-semver/python-semver,2020-11-11T07:57:21Z,python-testing.yml,aa58f62b1b6f8ef378a9c270a643182a17b72228,aa58f62b1b6f8ef378a9c270a643182a17b72228,0
vmiklos/ged2dot,2020-11-08T15:53:19Z,tests.yml,73657d7992c89f950de2eb7c738aa77915b9c971,804eed073fccb295a3ebabc94045f65eed3a84cf,2
django-dbbackup/django-dbbackup,2020-11-07T22:32:42Z,build.yml,0bc32b47bb724224e31f800a4e5fd5517091dcfa,0bc32b47bb724224e31f800a4e5fd5517091dcfa,0
jazzband/django-dbbackup,2020-11-07T22:32:42Z,build.yml,0bc32b47bb724224e31f800a4e5fd5517091dcfa,0bc32b47bb724224e31f800a4e5fd5517091dcfa,0
ebook-utils/css-parser,2020-11-06T14:53:43Z,ci.yml,0913df57be1194dab13c2d67289146e09188449f,7521caa9f09e49ac1a569d5eea5c044869180544,2
openwisp/openwisp-notifications,2020-11-06T07:52:13Z,build.yml,5e6da1b440428bc6478be741389663e8692f104b,5e6da1b440428bc6478be741389663e8692f104b,0
getsentry/reload,2020-11-05T21:14:45Z,ci.yml,e7241d7d23eb12597c657b71560b8c0f777118a5,e7241d7d23eb12597c657b71560b8c0f777118a5,0
duosecurity/duo_universal_python,2020-11-05T16:54:18Z,python-ci.yml,791964bd567a740e8be6befbfcc896f3016724fb,791964bd567a740e8be6befbfcc896f3016724fb,0
jpuigcerver/pylaia,2020-11-03T02:58:44Z,build.yml,d0226548258ae2cf1c74d8f5886bf9a875eef4f4,1b13cf4865a2dc969f7e81917ced8f91444b7497,3
dgilland/sqlservice,2020-10-29T16:16:55Z,main.yml,2df26b3c6243381a40649b5de5cc3809538e0fb7,2df26b3c6243381a40649b5de5cc3809538e0fb7,0
dgilland/cacheout,2020-10-28T20:19:25Z,main.yml,6195b8516a417a803ee9738b5915e0f650c0adcd,6195b8516a417a803ee9738b5915e0f650c0adcd,0
mrbean-bremen/pytest-order,2020-10-28T06:53:36Z,builddocs.yml,f41dc26611de9c9742a302da3052988ddd7d21cd,fec609b24a2c2e5aa0e3485004ceb087b9f5c9cd,2
soimort/you-get,2020-10-28T02:12:06Z,python-package.yml,2a7fcdc8e9b28ba34148e131b737f7f2385b1d2d,2a7fcdc8e9b28ba34148e131b737f7f2385b1d2d,1
dokku/ansible-dokku,2020-10-27T18:14:15Z,ci.yml,73a8c91bbb512382ca1d076beb0bec402fe4c8c9,73a8c91bbb512382ca1d076beb0bec402fe4c8c9,0
dassencio/mapgen,2020-10-26T17:55:07Z,functional-tests.yml,e8c83291fd224e705d1a162d44915c8aaf5b441e,42330f2094b9d55883b4a1379f22e6707050f624,1
dpgaspar/flask-appbuilder,2020-10-26T08:36:14Z,ci.yml,7dc255d936947ae9f73dd717ece18a6e6adc3341,7dc255d936947ae9f73dd717ece18a6e6adc3341,0
pylons/pyramid_debugtoolbar,2020-10-21T22:55:27Z,ci-tests.yml,af5f83ee9e046539b4b9cd106a04923aa9bfed67,af5f83ee9e046539b4b9cd106a04923aa9bfed67,0
django/daphne,2020-10-20T14:44:54Z,tests.yml,b96720390fc2298617d9a86adac3fa7641ada9b4,b96720390fc2298617d9a86adac3fa7641ada9b4,0
ome/omero-web,2020-10-20T07:47:30Z,main.yml,7e9974d69f29f3c177d66750926d37630a0f8599,7e9974d69f29f3c177d66750926d37630a0f8599,0
tigge/openant,2020-10-19T21:23:31Z,build.yml,648378df2a850d99b80f199df9cd1d7fd7e11b00,15d11676d4844afa9d21b6262a0331808084bca8,1
rust-lang/homu,2020-10-15T14:16:11Z,ci.yml,43cc56736de70e115e4f3c308e57fc4cdd6c4366,673b1d591cb3b086815fc022f0ad54e05e5c76d7,2
bbc2/shuffled,2020-10-10T14:44:42Z,main.yml,fb514d17b13b01019fa96d0b4f95638f667a5cdf,b0ec146f12e0cb824dcf96ac327f3e1b882014fb,2
dabapps/django-enforce-host,2020-10-09T10:23:36Z,ci.yml,f63e726e45aa6a8c862d87f06492996533aa1ec3,f63e726e45aa6a8c862d87f06492996533aa1ec3,0
dabapps/django-zen-queries,2020-10-09T10:17:13Z,ci.yml,f857c4e15cb209469959b3638112149f10f9d45d,81199ebd92ea09af453bcd6d1a7301e0636d20c1,1
filestack/filestack-python,2020-10-04T10:19:34Z,tests.yml,e5528aeeaa7b68a141e7bebcca64bb365cedcae0,e5528aeeaa7b68a141e7bebcca64bb365cedcae0,0
apache/fluo-muchos,2020-10-02T15:28:39Z,ci.yaml,c46aa98b5f7671bb55ffc0721c3f16197a95444f,c46aa98b5f7671bb55ffc0721c3f16197a95444f,0
anexia-it/django-rest-multitokenauth,2020-10-02T15:15:27Z,tests.yml,c5c4e5436a3df7c443c1ac70407983ccc301330f,6e747f393090c6e4052b389bc5140ed0d0d69a05,2
anexia/drf-multitokenauth,2020-10-02T15:15:27Z,tests.yml,c5c4e5436a3df7c443c1ac70407983ccc301330f,6e747f393090c6e4052b389bc5140ed0d0d69a05,2
provinzkraut/cologne_phonetics,2020-09-30T14:40:04Z,CI.yml,38201727ae77a611b5a76ead81957f0ecffc78cb,27a959adc891a5f8ede5c183f9fe7a423c2054d5,1
benbarth/hacktoberfest-swag,2020-09-29T23:41:41Z,Validate.yml,d9261ae93cea44f46c6f371697d8eb249f88afa9,9bdb1159a6a86eeaf8dbde67bccf18af17c8a947,3
konikvranik/pycec,2020-09-27T18:20:25Z,ci.yml,52cfbd2ff958b99918b0e1b80ec374edc23dc329,cf9d2cf22a94b9ecb6603e4105036632351ccf99,1
kislyuk/argcomplete,2020-09-27T05:54:44Z,pythonpackage.yml,9f8c7d6d0cae40f0dc178ca2547368b1e0f23dde,9f8c7d6d0cae40f0dc178ca2547368b1e0f23dde,0
eliben/pss,2020-09-23T13:26:18Z,ci.yml,73047312dba7a27c9fcea82dbd290780b39b8696,73047312dba7a27c9fcea82dbd290780b39b8696,0
regebro/tzlocal,2020-09-21T18:29:53Z,test.yml,7fc9c40abe36296530d3a3a9896cc0e1c90774d5,7fc9c40abe36296530d3a3a9896cc0e1c90774d5,0
xmatthias/pywnedpasswords,2020-09-16T05:38:24Z,main.yml,f7357d89f5becc1a6c481b4acbf846b1b36e8e65,f7357d89f5becc1a6c481b4acbf846b1b36e8e65,2
mpolden/jarvis2,2020-08-21T12:58:51Z,ci.yml,315c9db4a6a8e163a3ce33da7c0119b9ffd41d79,315c9db4a6a8e163a3ce33da7c0119b9ffd41d79,1
gpiozero/gpiozero,2020-08-16T17:30:02Z,test.yml,a5036e5da3a9f0f55fb506aa5c17e88c4526d71a,a5036e5da3a9f0f55fb506aa5c17e88c4526d71a,0
kristianoellegaard/django-health-check,2020-08-15T14:46:02Z,ci.yml,46245d4a339de648d3e49c5cb4619fc56eb91ddf,46245d4a339de648d3e49c5cb4619fc56eb91ddf,0
revsys/django-health-check,2020-08-15T14:46:02Z,ci.yml,46245d4a339de648d3e49c5cb4619fc56eb91ddf,46245d4a339de648d3e49c5cb4619fc56eb91ddf,0
piwheels/piwheels,2020-08-12T18:43:11Z,test.yml,b59cc15da3d5cf9dcaa2f2a02886485ca6b82ec3,e30e38907f2c8bb3fdb5860e964f61eeef3d16eb,0
openxbox/xbox-webapi-python,2020-08-09T01:11:12Z,build.yml,d6450888e3782c16aa35eb66ef9fddc6212af77d,18b73c4d4e81424a1e520923addbf56bf1d8686d,1
circus-tent/circus,2020-08-06T21:15:26Z,ci.yml,2036a26567387e8802c3e6c6b9f5263312f39c2f,2036a26567387e8802c3e6c6b9f5263312f39c2f,0
charmed-kubernetes/jenkins,2020-08-04T15:42:36Z,test.yml,550013b565364ae34e5851ad7836d8285d6f28d2,139aec8f6622e8165c91dc0dbd9c4873c588511e,1
hypothesis/bouncer,2020-08-03T10:54:50Z,continuous-integration.yml,d16fffe29ff5aed262bb1e238603ef610389d161,d16fffe29ff5aed262bb1e238603ef610389d161,0
quantumlib/openfermion-pyscf,2020-07-31T22:34:42Z,ci.yml,35ceecebfa7fbfbb08091cae9785306ac64ce3af,35ceecebfa7fbfbb08091cae9785306ac64ce3af,0
nmigen/nmigen-soc,2020-07-22T09:29:06Z,main.yaml,e352e2d3266d671d0a1b286e85a98344dbafe965,e352e2d3266d671d0a1b286e85a98344dbafe965,0
amaranth-lang/amaranth-soc,2020-07-22T09:29:06Z,main.yaml,e352e2d3266d671d0a1b286e85a98344dbafe965,e352e2d3266d671d0a1b286e85a98344dbafe965,0
uptick/pymyob,2020-07-10T06:01:09Z,lint.yml,59ad359210431597d3c8479a12eea944417473ab,bf58d9488f00c9e5892b72554689e7d4025d9855,4
samuelcolvin/harrier,2020-07-07T15:41:40Z,ci.yml,d4af5e89c246278418de50a804467493b4d31e15,d4af5e89c246278418de50a804467493b4d31e15,0
graalvm/mx,2020-07-02T15:59:05Z,gate.yml,adbdff1e5f3dd8cb9ecb7d46ef23a72455f25649,adbdff1e5f3dd8cb9ecb7d46ef23a72455f25649,0
cesnet/libyang-python,2020-07-01T17:30:32Z,main.yml,5d4dcd1f9905e70bfdb872afacc6d58174472cd3,73922fbd024653afbf9eb24cdb60d9c2f22f317f,1
drivendataorg/deon,2020-06-25T05:30:58Z,tests.yml,b9fc9f6bf8318e90c68b0b89f3da6cba1a4c0592,b9fc9f6bf8318e90c68b0b89f3da6cba1a4c0592,0
whatwg/misc-server,2020-06-15T15:54:50Z,test.yml,a83d0ad1f858660895eed905665adfb84e3ca93a,6357d7c9fd1de053f2f25e195e626bd59c53d488,1
picterra/picterra-python,2020-06-06T08:12:49Z,python-package.yml,2fd79ea891760cc49e6fd160e6d040d51bff12cd,3fe7399fa51766224811b3886989e084a7fe8785,1
aiidateam/kiwipy,2020-06-05T15:22:50Z,ci.yml,3f8ba239d95d29c91410397d4125cf44144c314d,fc22f62bfc04691e98851b373d91bc1cd81a0ba4,1
cfstacks/stacks,2020-05-29T17:40:58Z,ci.yaml,77281801a4050851e6b498a57830d798cab02efc,b4fdeb08a1cc8aa4f1c1fa4b241e2bd07751e265,1
lki/chinese-calendar,2020-05-28T15:56:25Z,build.yml,ee6eaffbfe18f08c4a87ee4bb577bc0f951b9781,ee6eaffbfe18f08c4a87ee4bb577bc0f951b9781,0
colcon/colcon.readthedocs.org,2020-05-18T19:29:14Z,ci.yml,53253ef76b7f5cd316ff7a1a7ca2d8107c46e581,53253ef76b7f5cd316ff7a1a7ca2d8107c46e581,0
amancevice/influxalchemy,2020-05-16T15:04:10Z,pytest.yml,3983cf594ef236f44aa3fc3b222ae8d1c71129fc,99f0aa75622e2c5601ab607be5e4b4d0d041fe5e,1
zac-hd/hypothesis-jsonschema,2020-05-13T03:48:59Z,ci.yml,22013103937725c516b769166a7fb2a1f9b40440,b9997f951e007baa4f78b117a83b08447804c29e,1
mahjongrepository/mahjong,2020-05-11T12:10:24Z,pythonapp.yml,421d5d484a19fe7d0ece07f4a8ed0ae971d58905,e7301138aff61800ba68ab6e9c50ade69a7739cd,2
wncc/instiapp-api,2020-05-01T09:14:55Z,test.yml,1adb1d1f0cc5731201ae4a77079e65195c3ef16a,4813f6dd7881b55dbf964107b7543ad0abf6f49d,1
remcohaszing/pywakeonlan,2020-04-25T14:56:23Z,test.yaml,2a5c6972de06733c0fead3ec6614f9b5bf333e78,2a5c6972de06733c0fead3ec6614f9b5bf333e78,0
eth-brownie/brownie,2020-04-25T11:22:30Z,main.yaml,cb781296c2bd665a1ca622a3cde766cfa2549ec0,1daa9bcba970709a1a8d3c51e4f58c8d08770473,1
iamdefinitelyahuman/py-solc-x,2020-04-25T10:37:00Z,main.yaml,ba59b80df702c6638810b061357bdc838eb78cbb,ba59b80df702c6638810b061357bdc838eb78cbb,0
daffidwilde/matching,2020-04-23T15:40:52Z,ci.yml,0558bb709a2e0eb870a101eaba5d4758d7e650fd,0558bb709a2e0eb870a101eaba5d4758d7e650fd,0
rt-net/crane_x7_ros,2020-04-22T01:13:54Z,industrial_ci.yml,bc7aff936cf0e1a144d41470df3a950bb95d8bcc,bc7aff936cf0e1a144d41470df3a950bb95d8bcc,0
wemake-services/docker-image-size-limit,2020-04-15T08:40:50Z,test.yml,fc40081ecd5152ec49cf1a7d204480c8ce406881,fc40081ecd5152ec49cf1a7d204480c8ce406881,0
djc/rnc2rng,2020-04-06T07:18:25Z,ci.yml,f0b10db3e70979ff88a0d0fbeb8191965fe3a953,f0b10db3e70979ff88a0d0fbeb8191965fe3a953,0
ppinard/matplotlib-scalebar,2020-04-05T11:02:52Z,python.yml,a6db11c3a9cbce0c110b02d87567c0f16f2b7343,774198708f7e018c00761bc371a4fbbd424f6bc9,3
kanboard/python-api-client,2020-03-27T03:46:50Z,ci.yml,a565345fe9b52274dcd976c7928ae3c7b90200cf,a565345fe9b52274dcd976c7928ae3c7b90200cf,0
tramcar/tramcar,2020-03-27T03:20:57Z,django.yml,f002080604c9b3b67a71005ed0d2a5d3fc159211,f002080604c9b3b67a71005ed0d2a5d3fc159211,0
damnever/pigar,2020-03-11T16:35:16Z,ci.yml,1e447dac5070ce2f75a8119fc14f230a5dfe93c6,1e447dac5070ce2f75a8119fc14f230a5dfe93c6,0
treasure-data/td-client-python,2020-03-11T04:55:03Z,pythontest.yml,00cd327dc584bda64d8ad3108191984f0e8ec21a,00cd327dc584bda64d8ad3108191984f0e8ec21a,0
yaph/logya,2020-02-11T23:26:41Z,pythonpackage.yml,9d0a40b78c50377469e884b8c7e9ac8417d3213e,a726d2b6268502a516316d6e3c18398f61380969,3
netbox-community/go-netbox,2020-02-09T20:21:06Z,main.yml,c2b0be26b46f460f4995a656bc48ec2368018aa6,c2b0be26b46f460f4995a656bc48ec2368018aa6,0
horizonrobotics/alf,2020-01-29T03:39:00Z,test.yml,dccefccc40fe82256f554a3b633c2ec93e6aa57f,dccefccc40fe82256f554a3b633c2ec93e6aa57f,0
pjuu/pjuu,2020-01-18T16:20:25Z,main.yml,475af3e63f9428fff5a6529b5d781fc032cc9707,32ba5c93a624505c0c28add6068f02dc0dd609a7,1
fkie/catkin_lint,2020-01-15T16:04:54Z,ci.yml,de564622e64e9ef46c07e33b2cd7070c5707bdff,6467f0057bbbce3dbf25f35ff09ee533bf675846,6
owasp/cheatsheetseries,2020-01-15T10:04:34Z,publishing-check.yml,9b3a61ee5fecb1d038bcef253fec4c5048065419,9b3a61ee5fecb1d038bcef253fec4c5048065419,0
jack1142/jackcogs,2020-01-14T18:09:38Z,black.yaml,86b119678a73f46d08e74ff265d96a479466108b,e80408a14450887bf273948c108c4240e6195d84,3
trailofbits/manticore-examples,2020-01-08T01:41:07Z,ci.yml,c8fa19235accd8177a988c0f1d0588563c82fa59,c8fa19235accd8177a988c0f1d0588563c82fa59,0
hexlet/hexlet-friends,2020-01-07T17:22:17Z,CI.yml,6e9db5824751f5ab24d864c02a5a272eb26d8352,9cae16f410a3a4bc9d0a26f27ecc4a9ed2a8e223,1
codingpirates/forenings_medlemmer,2019-12-26T22:44:46Z,check-pull-request.yml,9ac4fdb803bc790574496d8f435dc4b750f0d48d,9ac4fdb803bc790574496d8f435dc4b750f0d48d,0
drvinceknight/nashpy,2019-12-03T14:54:23Z,config.yml,1bae244afb20296e80cdc7bcaa4a1ffebfe5a3d3,1bae244afb20296e80cdc7bcaa4a1ffebfe5a3d3,0
tanghaibao/goatools,2019-11-24T20:48:15Z,build.yml,f8a5433c0f5684b19f589d0aa6c0e5edec4b8d78,ad36dabc27471161b7b1916f7183c01b0a74ebdd,1
tanghaibao/jcvi,2019-11-24T10:09:11Z,build.yml,2ea171075acd82e1f004f7aa6750d14b1b8a005d,a8f8d9434095fd2a087b1ad8a6cdb7df8d331c36,1
roclark/sportsipy,2019-09-24T13:27:32Z,exhaustive.yml,22039a5964d014325ee33a7ce53b556372af06af,22039a5964d014325ee33a7ce53b556372af06af,0
siddhantgoel/beancount-ing,2019-09-17T16:55:35Z,main.yml,fe8bcac6686f9f50c10492778f2d06b48c0aba1a,fe8bcac6686f9f50c10492778f2d06b48c0aba1a,0
siddhantgoel/beancount-dkb,2019-09-17T16:51:43Z,main.yml,05acf9478b640a42647aaa863545fe937390e59d,05acf9478b640a42647aaa863545fe937390e59d,0
siddhantgoel/flask-filealchemy,2019-09-12T22:40:35Z,main.yml,1d458a065fc12e2032321f629199f17fd78aba8e,1d458a065fc12e2032321f629199f17fd78aba8e,0
