full_name,travisredate,file_name,commit_sha,new_commits_sha,commits_times
jongracecox/anybadge,2024-12-30T13:44:36Z,python-package.yaml,267939bcea7353dabd33ebbfa8726baa23174fb6,67af6673fc578cc2bfad91e0e15b844ca96907ab,7
opencivicdata/python-opencivicdata,2021-06-03T20:48:06Z,package.yml,d30bb7fbc9ecbdb8adcc0c732a0995b69e2f272d,d30bb7fbc9ecbdb8adcc0c732a0995b69e2f272d,1
m-mueller/mattermost-poll,2023-02-08T22:15:57Z,pytest.yml,218f8a349f37a8f30e4e87851e6e2e52a3307829,0678c81eb6df7ef24c5da3fc876b6b871c259b37,2
makerdao/bite-keeper,2021-10-11T10:48:17Z,tests.yaml,416ea8b6dcc1acb6616fb10a17bb8e0c22b5a51b,416ea8b6dcc1acb6616fb10a17bb8e0c22b5a51b,1
seeing-things/point,2021-06-01T03:50:32Z,lint.yml,8fa3be51e3e13973555a862c5f9e5b193a796346,8fa3be51e3e13973555a862c5f9e5b193a796346,1
metasys-lisbp/isocor,2023-03-30T12:26:07Z,test_suite.yml,b107019819c8855b00491ab9d8a5e3d4af729578,4f30224275864271e93a0388d014df57202713aa,3
sentinel-hub/sentinel2-cloud-detector,2022-04-04T12:31:35Z,ci_action.yml,af69ea2713752826bd0e139c1ce0e4b03dc90835,5eed12f8683398bc3bd572c66f0a3cba87e95bf5,2
gerardroche/sublime-phpunit,2021-12-14T20:00:06Z,ci.yml,4042e05dea47047b37b42e41a78b91b6c211f6f6,4042e05dea47047b37b42e41a78b91b6c211f6f6,1
hugovk/twitter-tools,2021-11-27T18:29:39Z,lint.yml,48688020b7d9ff926b63199864fbb14781472088,48688020b7d9ff926b63199864fbb14781472088,1
brean/python-pathfinding,2023-08-13T14:49:44Z,publish-pypy.yml,3d5a9a38ede54cda2fc0297172a56c5ebfde404c,c96519f1506abdfeb9ce7c56968ccadd8d08d5be,3
zecure/shadowd_python,2022-07-29T11:52:09Z,analyze.yml,9020cb6b3a9304e6a2df5129b0a66ee655176a84,9020cb6b3a9304e6a2df5129b0a66ee655176a84,1
vaipatel/morphops,2021-10-04T15:14:53Z,build.yml,eb645f670e4f6efb0a8ad6205ca3224c1bd2bc3a,d2c4bb344e267a650c0cd3b63f77bf234fa59193,2
frejanordsiek/hdf5storage,2021-04-25T13:59:48Z,unit_tests.yml,6e8f42e3e004981cdfd8bbb2fd3deeb2a67bb9ff,2e268324b0d5d8311b0be4b9ed35f1d870c275fd,4
rogargon/myrecommendations,2022-03-16T21:16:11Z,cicd.yml,990b725ea32f69e7f2bbd330ca028d3342fb8912,990b725ea32f69e7f2bbd330ca028d3342fb8912,1
modscripps/mixsea,2021-11-22T20:05:09Z,mixsea-pytest.yml,b60333bec34d20432dafd78ea6b0a7afe8ddcf90,b60333bec34d20432dafd78ea6b0a7afe8ddcf90,1
strongswan/strongtnc,2021-09-10T17:31:37Z,ci.yml,b83085a98576af971ca0aec8e5b1849676c75d25,b83085a98576af971ca0aec8e5b1849676c75d25,1
mozilla/agithub,2021-10-04T22:51:29Z,test.yml,be315dd0545f80b750da23c892d845bdef39bd0b,be315dd0545f80b750da23c892d845bdef39bd0b,1
rkrahl/pytest-dependency,2021-12-24T19:03:13Z,run-tests.yaml,8b05acf9c5aceb54ab34efe172449cdbacec676b,f6a43ac0b2b95075b0adc0769ee2bb3ffd6b0c52,2
opencivicdata/scrapers-ca,2023-10-05T18:50:46Z,lint.yml,791b327df5b6e511df8c6242dbcee8ba0d0b0efd,9ccc35f6dd1f9ba59e228bceaf03f6616b6c7b22,2
adobe/ops-cli,2021-09-01T09:37:38Z,pypi-publish.yml,899bee878d679a24c5c8889e517a2214d7257792,899bee878d679a24c5c8889e517a2214d7257792,2
s3rvac/weechat-notify-send,2021-10-28T04:59:41Z,tests.yml,d432d01af067e86cab7268f827f96b75dcb320ad,d432d01af067e86cab7268f827f96b75dcb320ad,1
tramcar/tramcar,2020-03-27T03:20:57Z,django.yml,f002080604c9b3b67a71005ed0d2a5d3fc159211,f002080604c9b3b67a71005ed0d2a5d3fc159211,1
vaibhavsingh97/random-word,2021-02-12T22:08:08Z,build.yml,6a6d1ce2de818b8da7ca47680d7197af2e350588,74de35c2f8a87043548c9064e45aa31a43819e8e,2
pytest-dev/pytest-stress,2021-09-22T03:41:26Z,test.yml,8b5048a47a99cff2e4faa38177a3ce1b47e52f64,8b5048a47a99cff2e4faa38177a3ce1b47e52f64,1
dorianbrown/rank_bm25,2021-02-08T18:23:00Z,pytest.yml,f6ac8abd42cbdcc15afed2a7fd4bf206a58ddd18,b557917775587a83be3a8aba9ff9a9869748e43b,3
amancevice/influxalchemy,2020-05-16T15:04:10Z,pytest.yml,3983cf594ef236f44aa3fc3b222ae8d1c71129fc,99f0aa75622e2c5601ab607be5e4b4d0d041fe5e,2
curiouslearner/django-phone-verify,2022-04-27T05:47:35Z,main.yml,4d6713793e7d7f8d2abd5c51cefd681943d2db00,4d6713793e7d7f8d2abd5c51cefd681943d2db00,1
xyproto/setconf,2024-07-27T18:31:40Z,build.yml,e0ae759d766d9e0907c1672cc8e7ee05de08497b,1b728c097b86d0a1fce25738f32b7d9340181456,4
ithaka/apiron,2021-06-18T20:21:41Z,main.yml,0c89c9e4f76c3e3a5b74d462c11aecf8b6bd6d1f,097f7ed0b9bdd25f5412567bf31a882fa4317818,2
wimglenn/pytest-structlog,2021-09-21T01:01:51Z,tests.yml,44281c225dcf3d304cb9489052c9654c8820f4fa,44281c225dcf3d304cb9489052c9654c8820f4fa,1
hexlet/hexlet-friends,2020-01-07T17:22:17Z,CI.yml,6e9db5824751f5ab24d864c02a5a272eb26d8352,9cae16f410a3a4bc9d0a26f27ecc4a9ed2a8e223,2
twisted/ampoule,2023-12-15T19:06:30Z,test.yaml,4405e85f58490db46bb8af6d3aa62e0343bbf823,4405e85f58490db46bb8af6d3aa62e0343bbf823,1
jimdo/django-prometheus-metrics,2021-12-14T15:27:20Z,ci.yml,bbdf8ac109872e673444e86debfa1e49cb77e49b,bbdf8ac109872e673444e86debfa1e49cb77e49b,1
asmeurer/removestar,2021-08-19T12:36:50Z,main.yml,6a734ff6c1d2fe7c0e23855bfb9c8a0a627e33d1,6a734ff6c1d2fe7c0e23855bfb9c8a0a627e33d1,1
okpy/ok-client,2020-01-01T21:11:10Z,main.yml,837717b1d6bcb48ce146796ff7d4d52ec3f1936d,44f8184846b13cbcf9bb243d2e6036a646645930,2
andhus/dirhash-python,2024-01-15T21:54:23Z,test.yml,c2f4f53da789aba2f105b892bd66921df8cfc4a7,c2f4f53da789aba2f105b892bd66921df8cfc4a7,1
edx/xqueue-watcher,2021-11-05T10:55:58Z,ci.yml,1f684ef44cc28779d0fcedd74d1dc63535cc20c2,1f684ef44cc28779d0fcedd74d1dc63535cc20c2,1
nolze/msoffcrypto-tool,2023-02-27T18:56:22Z,ci.yaml,02363308e6f8b898f1a1f0b2908471dda19b5a1f,2e4519c2613c92d07a61f8cff272858759306de6,3
cdown/srt,2022-01-24T01:13:09Z,main.yml,24d8e57568fe00f06d66edc22a04518e3beb0b58,f79fc8f9c7adcda8ff0cc508385e3b7becf0eff7,3
nmigen/nmigen-soc,2020-07-22T09:29:06Z,main.yaml,e352e2d3266d671d0a1b286e85a98344dbafe965,e352e2d3266d671d0a1b286e85a98344dbafe965,1
strongswan/strongman,2021-01-13T17:18:17Z,ci.yml,23e62d8be7664d81333082ede49bafcf021755da,23e62d8be7664d81333082ede49bafcf021755da,1
citusdata/django-multitenant,2022-02-24T16:05:32Z,tox.yml,55d8d947369b197f80c52999c0a2621007bef11e,55d8d947369b197f80c52999c0a2621007bef11e,1
shaarli/python-shaarli-client,2022-05-27T12:29:53Z,ci.yml,03694c585d5dc9ec97a1c7d437f02cb182e083c9,03694c585d5dc9ec97a1c7d437f02cb182e083c9,1
alexhill/django-relativity,2023-04-27T18:34:56Z,tests.yml,fac076119afdff61383b93ea1f201aeec5083766,fac076119afdff61383b93ea1f201aeec5083766,1
strongswan/swidgenerator,2021-08-24T17:35:48Z,ci.yml,0a30f8fbc65f050ce6e9f213aa468002d06151d1,0a30f8fbc65f050ce6e9f213aa468002d06151d1,1
django-cms/django-sekizai,2022-01-19T13:29:22Z,test.yml,932db39f0f1928918bfec315bddd43b8f44909ec,a650d089260c5ea958e42afff0d570c443bfe73d,5
zestsoftware/zest.releaser,2021-11-01T18:23:54Z,tests.yml,ac3906d12a3fbd9932f5cb222bdbe59ce5db7a13,ac3906d12a3fbd9932f5cb222bdbe59ce5db7a13,1
blue-yonder/sqlalchemy_exasol,2020-05-27T18:47:45Z,CI-CD.yml,9c4048720f949d73d0a0b0d3f47e180add28f6b2,9c4048720f949d73d0a0b0d3f47e180add28f6b2,1
mammothb/symspellpy,2021-11-13T13:52:15Z,tests.yml,d5b10db23568340aebb71b5d7b972c0849f9cdda,54e5053051c4bfd34e158dc48f2c3616061bd6e1,5
komuw/naz,2019-09-06T07:34:55Z,ci.yml,8201ceea992199969aaf331f329bd30131822a1a,43586061da36887f09eb16afb191d9c82d2a536c,2
glucometers-tech/glucometerutils,2021-05-16T22:34:40Z,pytest.yml,4111470f352e4dba11caff701920d4551bf52de9,4111470f352e4dba11caff701920d4551bf52de9,1
delgan/win32-setctime,2021-11-28T12:01:00Z,tests.yml,d6bf14c4fe1061ce4463f7fa4069e2422510c290,d6bf14c4fe1061ce4463f7fa4069e2422510c290,1
gristlabs/asttokens,2021-12-06T03:29:10Z,build-and-test.yml,cbd8d8e9bc2c1f650e6206c9037845460efbc1fe,e0ec050a4c40d6359b0340375fd2258c16b42e57,10
intgr/topy,2023-02-16T22:58:23Z,tests.yml,4bb0f54f75ab58ee1e6b84c7ccbbc6d987787c9b,99003ae936cb25c01f8a6f3c23aed8574a604185,2
molmed/checkqc,2023-10-19T08:35:22Z,unit_tests.yml,17ddc652165fc588d2b5cc3f1683cc3c5b8d6357,17ddc652165fc588d2b5cc3f1683cc3c5b8d6357,1
clalancette/pycdlib,2021-12-14T02:39:20Z,test.yml,029d72925b310a645e217874401d53aceb74102a,029d72925b310a645e217874401d53aceb74102a,1
takluyver/pyxdg,2022-06-05T11:28:03Z,test.yml,3f6a5205f500634c8df33a79619591cabc6738e3,43dbcac84ee31adea8ae35c9d7c855c919e5be53,2
luispedro/mahotas,2021-01-13T10:37:40Z,python-package-conda.yml,128d0ee19c03d74e6e7e82d182beab67d5f698b4,128d0ee19c03d74e6e7e82d182beab67d5f698b4,1
sentinel-hub/sentinelhub-py,2021-10-06T09:12:17Z,ci_action.yml,e5a0818b393ab74ab67daef2372a98a1614cf446,e5a0818b393ab74ab67daef2372a98a1614cf446,1
yelp/fuzz-lightyear,2023-08-16T14:47:40Z,fuzz-lightyear-build.yml,98aef57239cb9356927c50ee1c35eddedbe3acd7,1f941c007be8714e6fd866f6872231341bf2e113,2
w3c/openscreenprotocol,2021-03-03T18:25:19Z,pr-push.yml,684e1e50986b4566549858e8c056bd2fedd43b9f,684e1e50986b4566549858e8c056bd2fedd43b9f,1
exxamalte/python-georss-ingv-centro-nazionale-terremoti-client,2022-02-15T00:45:03Z,ci.yaml,290f95c8d4954f7a6afc772a3eaf2d9633396607,5e705e5707dd7cd2c9f833b5095946338e880b5a,3
mattpitkin/psrqpy,2022-04-27T22:09:44Z,build.yml,33d2c23326ce2cc0f37203abe1764cce77dee78f,cf3b839e3d890360aef0bc86dd003b229157b0aa,10
awickert/gflex,2023-12-01T21:55:06Z,test.yml,9b38a82b2e5c18e4ab9a424ff3ab1208b5ed68cb,9b38a82b2e5c18e4ab9a424ff3ab1208b5ed68cb,1
stevearc/dynamo3,2021-12-04T20:21:44Z,tests.yml,7a28ac1006011d438ec7600104196109bd20de18,7a28ac1006011d438ec7600104196109bd20de18,1
verybadsoldier/backtrader_plotting,2021-06-12T08:24:39Z,run_tests.yml,454b231899c33fe6d4972ba3312e7d1154ee5133,9fdcce85bfcf9e63f92c9474e935706c675f2b50,2
wtheisen/terminusbrowser,2020-02-07T17:50:09Z,pythonapp.yml,b27642c62f24b6309b891a6dd7d26cca0d1555d0,b27642c62f24b6309b891a6dd7d26cca0d1555d0,2
sammyfung/hk0weather,2023-08-31T15:49:13Z,hk0weather-tests.yml,901723011038756bea4ae6b6abe72f2c81045f21,901723011038756bea4ae6b6abe72f2c81045f21,8
modoboa/modoboa-webmail,2021-04-02T14:35:16Z,plugin.yml,51fb053259fc74500b7fa1b32540fbb3c718cfa4,f817dc1281559a3fcdf3368b6256a570d01c995c,2
mykrobe-tools/mykrobe,2022-04-20T14:34:35Z,build.yaml,e90317b8cfb7eb31fdd6b6a086a1d0bf3275f549,17540f25d6b84b5cb3dfa59973d5838f1e1cb51c,2
modoboa/modoboa-amavis,2021-06-29T07:10:58Z,plugin.yml,57c1404ec3bbdcde4d782e02a6d647b8dce67350,18e5a210ac2eb007ce28d70675f4188d93e1b822,4
modoboa/modoboa-dmarc,2021-06-28T19:16:06Z,plugin.yml,b201639c1c5fc9f619a94ab9e70068ecbf8df881,ddb444022c7171e52d734c5b291912a7856b5ddf,3
mercadona/rele,2023-02-22T16:17:18Z,pr.yml,61eb58e6410dbbc3e0c5be42ec68b0c3776ebc13,61eb58e6410dbbc3e0c5be42ec68b0c3776ebc13,1
dlebech/lyrics-generator,2021-05-01T07:50:05Z,python-app.yml,b0aeb3e23a6ff165448ce12f201e8b62a8e47440,44ea8979cba88f4dcca877b5a84067115abbee56,3
yezyilomo/django-restql,2021-08-05T18:28:52Z,main.yml,21eaa5b3c7c5367d91beefe5139ba8308d8e1014,3f6abb4076fecfa7cae242883a8b9fe7b170aabe,3
ricardobranco777/clean_registry,2023-08-06T11:47:10Z,ci.yml,ecf28f98763ca87c3b8685dd72f1f115284540de,61ae717bbc6c23b77113669bc4069d6604a9c8d7,6
ianlini/flatten-dict,2021-08-04T15:02:26Z,ci.yml,dd0bc0026922cada24ad373ba10db46707c8812d,dd0bc0026922cada24ad373ba10db46707c8812d,1
hugovk/gutenberg-metadata,2021-10-27T12:58:13Z,lint.yml,c58872d8d3cdac990e42ec2f9ec5e6d455c7f8a6,c58872d8d3cdac990e42ec2f9ec5e6d455c7f8a6,1
jfilter/split-folders,2022-01-30T00:25:42Z,test.yml,64e8e7d9715a31839ce15762210c00a03fa11e1f,64e8e7d9715a31839ce15762210c00a03fa11e1f,1
socialpoint-labs/unity-yaml-parser,2022-02-14T12:15:52Z,ci.yml,79f98697b5d23119b7ef50724a586597ceb50931,aef6b0995b70096ff537d4b2f93144eb9f4813c3,20
cher-nov/cryptg,2021-03-20T19:28:17Z,wheels.yml,97538ab8cd3ceef95ac7d5c74c4956d15bf6cb8d,58fd15debbc832a292f5c7784a30768b09887966,3
openstack-charmers/openstack-bundles,2021-10-05T11:57:05Z,tox.yaml,52efe2e51cb0e33d187a1284f6ee4fb797179086,52efe2e51cb0e33d187a1284f6ee4fb797179086,1
williamjameshandley/fgivenx,2021-02-04T21:49:09Z,CI.yml,9d79a3fc1921c5b526ae52615e1e762cc149a1de,9d79a3fc1921c5b526ae52615e1e762cc149a1de,1
zopefoundation/zope.interface,2021-02-26T13:41:55Z,tests.yml,a99dc79884acac5e9e35de2fd222266365bd7c53,9438f25e2e9e582e11afd7ad29275b5763ef5fef,3
webrecorder/warcio,2024-05-13T15:51:29Z,ci.yaml,2ea7f7de836ced707c78e9e1c8a9a516a4c7862c,92edc563758ac268a5405156d53c66f1e7ceb90c,2
torchbox/django-pattern-library,2021-05-19T09:48:45Z,ci.yml,9eb3cac13fe9ac22ebd0a07cfe3a3968bf680be1,026c87fc25d50bc1aa5bb8ee402802f28d3a106b,9
centerforopenscience/waterbutler,2021-12-14T02:48:52Z,test-build.yml,b9c380fc5872f0de82c68583b3b7ab51268ef03e,b9c380fc5872f0de82c68583b3b7ab51268ef03e,1
opencagedata/python-opencage-geocoder,2023-06-18T20:35:11Z,build.yml,728e320a132ac423fe2705e7bef108fa68cee392,728e320a132ac423fe2705e7bef108fa68cee392,1
humancellatlas/metadata-schema,2022-07-05T11:01:44Z,schema-tests.yml,802c586fef2202c5e901b34896d49d1b9232d169,802c586fef2202c5e901b34896d49d1b9232d169,1
tubular/sparkly,2022-12-17T00:02:23Z,ci.yaml,77e4c055721b720e1d987826139c95362c8bdc37,77e4c055721b720e1d987826139c95362c8bdc37,1
jungtaekkim/bayeso-benchmarks,2022-01-12T08:56:50Z,pytest.yml,983ce57169e8234d01654c1840933c1bd86971d0,9567cb8b043776ebc53e0f548cccc88f46eb01ed,3
facebookincubator/bowler,2019-08-26T23:34:33Z,build.yml,f894e322847787ddc09cffc7124f8949a18dea0f,f894e322847787ddc09cffc7124f8949a18dea0f,1
justinfx/fileseq,2021-02-20T03:26:13Z,ci.yml,bc15c6d1a9ab23f42d8d3eea34cf6787cd5db3e5,e2b1b0e7e17de4c80fdbbadf79ca6fc8f2ff37ee,5
w3c/feedvalidator,2021-11-26T16:09:17Z,test.yml,38f6e0b0a51e1fc9dc9bf0bc96cb702362fb6748,38f6e0b0a51e1fc9dc9bf0bc96cb702362fb6748,1
getsentry/reload,2020-11-05T21:14:45Z,ci.yml,e7241d7d23eb12597c657b71560b8c0f777118a5,e7241d7d23eb12597c657b71560b8c0f777118a5,1
openxbox/xbox-smartglass-core-python,2020-08-09T01:19:31Z,build.yml,3d1555051a58f0470a6c0b77cb64e7e4fa664e1f,46cc061db84db01c470695e3e158dc57c04da69b,2
pygame/pygameweb,2023-09-10T08:33:00Z,test.yml,f029d2a7a26a6bddcd0f451b8f78cde9b4a80dd4,f029d2a7a26a6bddcd0f451b8f78cde9b4a80dd4,1
tuupola/pybranca,2021-06-23T12:04:59Z,tests.yml,2ff22487b63133516cc09685a7213a3b4322f81c,2ff22487b63133516cc09685a7213a3b4322f81c,1
arthurdejong/python-pskc,2021-07-09T15:18:45Z,test.yml,dce78b0a78bccf00bed611b53e3201f3cf0e7102,dce78b0a78bccf00bed611b53e3201f3cf0e7102,1
django-tastypie/django-tastypie,2022-01-04T00:56:01Z,python-package.yml,6d06e29da5858de7b51c5e4a42f5669f7e49ae82,2802f0631ad6eed76dc698b4cb7193b97948e58b,2
jfilter/clean-text,2021-08-31T19:46:50Z,test.yml,4cfbfb9cfded3c91fd402291d18b13fa9e0b58ff,4cfbfb9cfded3c91fd402291d18b13fa9e0b58ff,1
heroku/salesforce-bulk,2021-09-16T17:15:07Z,sf-bulk-tests.yml,0ff15d33030da3fc0ec2d9be84f85435922ff15c,0ff15d33030da3fc0ec2d9be84f85435922ff15c,1
django-oscar/django-oscar-accounts,2021-07-16T11:03:59Z,test.yml,9a6759c61a1a4bb11312fade99633592db7a4a9d,b3c22c57410af1dc85cddb006c12854def7149b8,3
openshift-scale/cerberus,2021-04-26T16:14:39Z,ci.yml,3f2d7e9763bb84bf167f78b592efcd54018efb3c,3f2d7e9763bb84bf167f78b592efcd54018efb3c,1
petrikvladimir/pyphysx,2021-08-27T07:20:08Z,workflow.yml,49d51ed3afc06042f398b0fbf756fd926676cf56,49d51ed3afc06042f398b0fbf756fd926676cf56,1
pimoroni/grow-python,2020-11-11T21:51:10Z,test.yml,0dc091d05fb0e157e69e8932901b3f73219555a0,0dc091d05fb0e157e69e8932901b3f73219555a0,1
noripyt/django-cachalot,2021-04-30T18:26:28Z,ci.yml,6108d8e5b6fbffe91e404005b42618eb5211df25,6108d8e5b6fbffe91e404005b42618eb5211df25,1
benbrostoff/draftfast,2023-11-05T14:55:02Z,main.yml,6de1f7e62f89d1dfc1a597fd91e3807bae0540dc,8f07c013a60ffecf8cb1c6de9e1c1e5e1b852197,6
notanumber/xapian-haystack,2021-08-22T15:25:18Z,test.yml,20af9d214e73224a84d40629f121a196d133ed76,20af9d214e73224a84d40629f121a196d133ed76,1
rickdb/plexanisync,2021-02-06T15:25:31Z,CI.yml,14a2ce39d43c2098609ba0e268d6511c8e2e05f3,14a2ce39d43c2098609ba0e268d6511c8e2e05f3,1
censoredusername/unrpyc,2024-02-12T12:36:02Z,python-app.yaml,68c3d027e29010b29a34fe3f4ff0307a9e94a99b,68c3d027e29010b29a34fe3f4ff0307a9e94a99b,6
p4lang/ptf,2020-11-13T01:10:55Z,build.yml,4e7d3c80f06c9de959e91796f33c1f9120bd0e8b,4e7d3c80f06c9de959e91796f33c1f9120bd0e8b,1
lgoodridge/django-uniauth,2023-07-23T03:03:52Z,run_tests.yml,04ac2a6b9d035d87d76fbf86557c77adcfe5dd5b,04ac2a6b9d035d87d76fbf86557c77adcfe5dd5b,1
claudep/swiss-qr-bill,2021-10-16T14:47:48Z,test.yml,1e48553d8113c25da7e1312514ea957dd1a6e258,1e48553d8113c25da7e1312514ea957dd1a6e258,1
sentinel-hub/eo-learn,2021-09-13T19:01:03Z,ci_action.yml,e96e7d3dd9d404aaf12ed9b39f9412f74d830de9,d09459528c7735af42c542f2ded04de78f21e270,2
python/buildmaster-config,2021-09-03T12:59:58Z,build.yml,e1ceb8451540fd67236e65afa4f2873a64d23ba8,e1ceb8451540fd67236e65afa4f2873a64d23ba8,1
jfcherng-sublime/st-openuri,2020-06-14T13:17:18Z,python.yml,2696ad969b52edb1d29e7682b134eab4bceeb895,2696ad969b52edb1d29e7682b134eab4bceeb895,1
googlechromelabs/pywebsocket3,2024-01-30T05:46:25Z,python-package.yml,3a1011f8ac40c9df81cec39563c93addb8d9436e,3a1011f8ac40c9df81cec39563c93addb8d9436e,1
suse/shaptools,2021-02-25T14:16:45Z,shaptools-ci.yml,5ca2c4dacbb983bf597efd4c5e44f5ea995f1504,ca4a344c691ce910c1ce778dd80b015d219b9ad7,2
nchammas/flintrock,2022-04-26T22:22:47Z,flintrock.yaml,6252116ba7bd4ea37751a208bb3332643300712e,409ecaf7221d2f79a58a02b760cd61b234480250,2
box/box-python-sdk,2022-02-02T10:15:10Z,build.yml,2db93b5692659bf9017f3ead394f137480d55290,2db93b5692659bf9017f3ead394f137480d55290,1
tommyod/efficient-apriori,2020-11-20T23:18:42Z,build.yml,c578a63363dcb36b64439999be9f0ec040fe0bfd,c578a63363dcb36b64439999be9f0ec040fe0bfd,1
jeanralphaviles/comment_parser,2024-12-25T04:43:39Z,test.yml,bd3e1c9cb8d7e52f0a3afd1c86404d3199259f4e,bd3e1c9cb8d7e52f0a3afd1c86404d3199259f4e,1
raphaelm/python-fints,2022-06-05T18:13:01Z,tests.yml,9e80e6bab933ec2651c34526caec360a0e000d56,9e80e6bab933ec2651c34526caec360a0e000d56,1
icrar/ijson,2023-01-01T16:36:25Z,deploy-to-pypi.yml,ab4b8b26e895ae4918f4b0369fbaba24d4b29108,ab4b8b26e895ae4918f4b0369fbaba24d4b29108,3
fdemmer/django-weasyprint,2022-09-07T11:18:02Z,main.yml,b366751cb71273e5cad3ad9c4ac11d445b8a7ff6,b5d3da1f4a91fef7329f8911929e6c4fa13dd8a1,3
wwu-mmll/photonai,2021-03-03T14:43:01Z,python-test.yml,ce2f03452e3282bffeafa2b91ccda289f4215047,ce2f03452e3282bffeafa2b91ccda289f4215047,1
enjoy-digital/litejesd204b,2020-11-24T12:50:23Z,ci.yml,7228931a2697ba2694e563028acc399c57b88dbb,7228931a2697ba2694e563028acc399c57b88dbb,1
in-toto/demo,2022-04-28T13:13:35Z,ci.yml,ed3f37da93a108de53ebebdb0b2b50b22370722d,22337201fd7508d1009a6580be2f217b501890ac,2
ebi-gene-expression-group/scanpy-scripts,2020-11-23T09:19:45Z,python-package.yml,99a9cce60bdb7a5f2fbc6747b35f1415fe3f0574,a80ab0c8ac71de1b16a4aa65faada9650d7e4eb6,2
davidmascharka/detection-utils,2021-02-17T17:59:56Z,python-package.yml,8109f707fa02e0b260a947f2c5eb38af7072f353,8109f707fa02e0b260a947f2c5eb38af7072f353,1
pylons/pyramid_debugtoolbar,2020-10-21T22:55:27Z,ci-tests.yml,af5f83ee9e046539b4b9cd106a04923aa9bfed67,af5f83ee9e046539b4b9cd106a04923aa9bfed67,1
aws-cloudformation/cloudformation-cli-python-plugin,2020-11-20T22:17:13Z,pr-ci.yml,81c1ce6c35bf4aec01cc4919b9adc8c876a276ed,81c1ce6c35bf4aec01cc4919b9adc8c876a276ed,1
spinlud/py-linkedin-jobs-scraper,2021-01-05T12:09:42Z,ci.yml,1be6c96ad4f467a9a9be65187fc229144d50a003,cbf1d887156f54d4170f3d6212d632c51bdc5c65,2
mhkit-software/mhkit-python,2021-07-08T15:29:16Z,main.yml,5a7152e8e15b39ace3c1a5515f19a2a07051c667,53e19bc61e97f5490bb8ce38ddbaa4fb568c8ad5,2
python/pyperformance,2021-03-24T16:48:44Z,main.yml,24748f9d0b9f76d3acf6d545f136b0e2faf6392b,24748f9d0b9f76d3acf6d545f136b0e2faf6392b,3
fabiocaccamo/django-colorfield,2021-12-06T23:11:25Z,pythonpackage.yml,8bc3711bc02e647e204a6dc54d6c6595829c9c16,0d5654cecfa66c014ec2132aca32056fbbee4831,3
jrobichaud/django-structlog,2022-03-31T21:18:05Z,main.yml,ca78e4894e97ab606e05628e097ad9b8ba833be4,1657538124486d7bd7f33108519b3ba61a8f3c85,2
jwodder/check-wheel-contents,2020-11-22T22:42:11Z,test.yml,40d3de96e4cb397bccd7a58aa00791e9df7e0d57,40d3de96e4cb397bccd7a58aa00791e9df7e0d57,1
conda-incubator/grayskull,2020-01-08T18:20:21Z,flake8.yml,7a1423de01bfedc620c6d5414afbeee2508e6525,7a1423de01bfedc620c6d5414afbeee2508e6525,1
nethserver/dev,2022-10-12T15:06:40Z,build.yml,c6d8c4ac08a64277f6ca8ff5ccf5354da8ff9e6a,c3d1ecc59995047e25bed386bbe294d6e6da5994,2
fabiocaccamo/django-extra-settings,2021-12-06T23:24:12Z,pythonpackage.yml,8a6b040cbd45bd6e18c1fe4f57b699c9049d9a4d,2f14f9d17482a060c1bd090c90240e2736259085,5
jwodder/inplace,2020-11-22T23:01:04Z,test.yml,0f6578574278be416c69ee018e4c737636a0d9ca,50d61bab0dad0d9814c5f76d5c1d8cb0eb20b2f6,2
release-engineering/kobo,2022-01-25T10:29:08Z,main.yml,2f8f182123334b0c56e497894227fa9324d73cb2,c4604f168e7acb874da35d1be123c040c7bcbea2,2
jwodder/apachelogs,2020-11-22T22:40:05Z,test.yml,32134e70266733d93403afe1802e0656761851a0,22d5cbffd6752754d9fb932973427ff512d99312,3
daffidwilde/matching,2020-04-23T15:40:52Z,ci.yml,0558bb709a2e0eb870a101eaba5d4758d7e650fd,0558bb709a2e0eb870a101eaba5d4758d7e650fd,1
enthought/codetools,2022-03-11T13:47:05Z,test-with-edm.yml,96f52148adce62d3eb7c86637663ea21c87eb0cd,96f52148adce62d3eb7c86637663ea21c87eb0cd,1
laowantong/paroxython,2022-09-05T06:56:11Z,build.yml,5e1d49e4997f2977742b0da105e1393ab5f1fd74,5e1d49e4997f2977742b0da105e1393ab5f1fd74,1
jwodder/javaproperties,2020-11-22T23:09:56Z,test.yml,279097f84a0193b98080fc5ca006d2dd5402f3e7,82218434805c55e706e0f6236274fc1b6a9dad27,4
modoboa/modoboa-contacts,2022-04-29T13:22:04Z,plugin.yml,cf47ce14183dddbf58db02de48ed6f7e0b9f05b6,39de8f0e42065f4043cbdd1ad6016d041dfd9560,2
ulauncher/ulauncher,2023-03-05T15:21:49Z,tests.yml,5a7f5db60ff73d1dc7219c361436e2e1105fed3a,67d35f6a7197e450cb1c377ca35e87406ba48e01,2
frappe/bench,2022-08-01T08:55:04Z,ci.yml,e7c0c264d9669bb0441a2a2b782c0876b27a73b2,7f4f1b9dc688f2ce4fced7f68bc31ff4eccbd9bc,2
amzn/ion-python,2021-09-17T20:26:57Z,main.yml,0c6a622d5591b41d16ff39c91c075de09872eb33,0c6a622d5591b41d16ff39c91c075de09872eb33,1
timniederhausen/gn-build,2021-04-27T22:14:39Z,posix.yml,55dba22298276b42b4faad67f9ce0a4bd7f87a95,21a5944d6603f1aae1230654b058a9f3bf83a4bc,2
hpc-carpentry/hpc-python,2021-03-04T13:34:33Z,test_and_build.yml,989634b66c2b59a3bd921b42aa6f63d1a5009559,3cb331b3ae64e4f3a9ec0ef39f245ece72612418,3
robweber/xbmclibraryautoupdate,2023-10-20T16:28:19Z,flake8.yml,6a657881cadaca0421e3d11c4f0aa36f83df0f1d,b4310b8f8e84d5c9696c01cf5617b53736f296da,4
zhuyifei1999/guppy3,2022-01-05T14:59:05Z,workflow.yml,f514471e1be5c122c4b39f5ff9d2346c53daf651,f514471e1be5c122c4b39f5ff9d2346c53daf651,1
eht16/python-logstash-async,2021-10-24T13:53:32Z,tests.yml,5d2a1f28c4568bba5538102766d6a405b43c5c76,98ec0d0c163fb673dce5cc9a0fd95de3ab3c7dd2,2
grrttedwards/wow-addon-updater,2020-04-23T23:51:08Z,build-and-test.yml,d209619fce82fe2138f4c1e6d5b69f4dc5ecf007,937c21f65d58a43c21d0794a20286e92bcc961b0,2
zamzterz/flask-pyoidc,2021-12-14T11:14:10Z,ci.yml,01dfa65c241e89b1daf5987cb78daa403c2d4f94,01dfa65c241e89b1daf5987cb78daa403c2d4f94,2
meadsteve/lagom,2020-12-02T15:29:37Z,main.yml,0d1db0365a2731e314e55160367bdda890119859,0d1db0365a2731e314e55160367bdda890119859,1
globus/globus-cli,2020-10-07T18:54:41Z,test.yaml,3afb2728854a1c634d735a882168302b0ae5dccd,3afb2728854a1c634d735a882168302b0ae5dccd,1
p4lang/p4runtime-shell,2021-10-13T23:57:39Z,test.yml,09fc827b0a884231fb0afc0072d80ad4406dc669,ae91f38bd15992873b466e015d7f49a429bac169,2
apache/airavata-django-portal,2023-01-10T19:48:37Z,build-and-test.yaml,a4ab56c01fae411c586998bfdb1b6b3d253c0e40,4f7ef315b59f97d9ba34efa4a986ee3e76d6269a,6
stonesjtu/pytorch_memlab,2021-10-28T03:54:58Z,pypi-publish.yml,80f9a9d908bae4856518939ee8c4bdb33eeda91e,cb8959dc74cd09616aeeb4aadc802c053f6d269b,3
pyslurm/pyslurm,2021-11-12T23:23:23Z,pyslurm.yml,22b35474a2608448e36d9e6f83b13ea9ecb46084,22b35474a2608448e36d9e6f83b13ea9ecb46084,1
nitmir/django-cas-server,2023-09-13T09:47:45Z,github-actions.yml,97e3b34fb195f4977f68adc8d927d00b911531c4,97e3b34fb195f4977f68adc8d927d00b911531c4,1
vifactor/repostat,2021-01-14T19:22:52Z,repostat_ubuntu.yml,89ab87c506746ea7eada395f2529e55ddaf2292b,89ab87c506746ea7eada395f2529e55ddaf2292b,10
algorand/pyteal,2022-02-10T15:30:16Z,build.yml,20b2346c45a6ac9d40dc782afc7bffe7203e6f98,20b2346c45a6ac9d40dc782afc7bffe7203e6f98,1
moralrecordings/mrcrowbar,2021-04-28T13:27:53Z,main.yml,1b048a26c3d569b86b400861a50ff7926bbef1a3,9cb9108f49fec0d957add36ad642a346add4cda0,6
jbesomi/texthero,2023-08-28T12:57:10Z,test.yml,f6126eb1b129b6cd88f4ba38d6ed798754020b1d,2d42dca508aa3c96d36ded487f348b720e03eab8,2
vimjas/vint,2022-10-24T13:06:33Z,ci.yml,e12091830f0ae7311066b9d1417951182fb32eb5,e12091830f0ae7311066b9d1417951182fb32eb5,1
fmaussion/salem,2020-12-09T13:42:49Z,run-tests.yml,3e8b7702947899ae86f3c2f8dca6baf02a7a1d69,3e8b7702947899ae86f3c2f8dca6baf02a7a1d69,1
twisted/incremental,2021-07-23T14:01:33Z,tests.yaml,8142f0936bf6933d79774c16465b18d2f2fda07e,db2871b1ac8d3d1380f90c6ccd1bdd102fb8b297,9
dabapps/django-zen-queries,2020-10-09T10:17:13Z,ci.yml,f857c4e15cb209469959b3638112149f10f9d45d,81199ebd92ea09af453bcd6d1a7301e0636d20c1,2
n-wouda/alns,2022-03-13T12:49:55Z,alns.yml,340016f44da79402a415b571c65ea95f66079f5b,cb6260d191fbe1c6d543e42cbb9b8f6259de5645,3
dlenski/python-zxing,2021-09-10T18:45:49Z,test_and_release.yml,696f8dcc6f476eb8f45c03156634c4006f0eb148,696f8dcc6f476eb8f45c03156634c4006f0eb148,1
nipreps/smriprep,2021-02-09T09:10:16Z,pythonpackage.yml,310f76aa91769f69fbd296a8aa72ee9d82169969,310f76aa91769f69fbd296a8aa72ee9d82169969,1
wirepas/gateway,2021-04-14T13:58:18Z,release_artefacts.yml,629930be70a2d788d97bb9343b5eec5cf5aaa9bd,629930be70a2d788d97bb9343b5eec5cf5aaa9bd,1
valohai/ulid2,2020-12-08T13:23:09Z,test.yml,19eb44d2ec0e8493c238ac2abb9287298c510271,19eb44d2ec0e8493c238ac2abb9287298c510271,1
joalla/discogs_client,2021-01-21T22:42:53Z,discogs_client-build.yml,7dda3501fd99efea3b0f51fb2fe06f3dcadd7a58,86361e20adce4098b3e40f04b52a6c8a8f0be8f8,2
som-st/pysom,2021-05-25T22:26:10Z,ci.yml,897c46a96f7c6bad7382431095d917978837f9d0,4d222e6405eaf42eb8faf5e9a3b7676ac574f3ea,4
camptocamp/marabunta,2021-10-13T16:52:27Z,main.yml,b4c3e2d960606d9f66deb829af6265aa4d426ebf,ed2b1b3fdd231d0a1b2a103fd6de549df8571734,2
anitab-org/bridge-in-tech-backend,2021-04-04T09:19:57Z,main.yml,1add71855a9042101a7b7e6e388162ab635199a9,1add71855a9042101a7b7e6e388162ab635199a9,1
casualgaming/studlan,2022-05-01T06:31:03Z,ci-cd.yml,51e27a51541ad0a29edee24a25684320b95f3a66,6101373b005042bf51f5fb516c578e505c9d21fe,2
learningequality/ricecooker,2021-03-17T23:06:51Z,pythontest.yml,7363402b15d56ab3d1f9ba85ec14f4b6e826138c,335c259a5b8dba5f4dc30b6e513b1df3ba06b45b,5
jealous/stockstats,2022-01-01T09:07:37Z,build-test.yml,6742503ec36acfd894efab2bc22b77ba9bcf0ac8,68f105de6019525b8e940ae369eed308d1065ec5,3
multiformats/multicodec,2021-06-09T07:52:40Z,validate.yml,12d35dd6c09d08585b5a93a81db9e5205f647b91,12d35dd6c09d08585b5a93a81db9e5205f647b91,1
enjoy-digital/litesdcard,2020-11-24T12:57:22Z,ci.yml,4e9ce07ec4289736f4ef12827c98e0f99804c6fb,4e9ce07ec4289736f4ef12827c98e0f99804c6fb,1
niconoe/pyinaturalist,2020-11-06T16:42:30Z,build.yml,e9ad428f78086fdbb185feaa9c435feb137b7227,a190893cc669d76a84e62b907a395a6cf3e519b8,4
fanhuaji/sublime-fanhuaji,2020-06-08T13:33:18Z,python.yml,ee5e107dabbbbd54f9ab3d12d080174aac7058f3,ee5e107dabbbbd54f9ab3d12d080174aac7058f3,1
modoboa/modoboa-radicale,2022-04-29T13:06:15Z,plugin.yml,11fd424eb38490d8c46104ab7751e207707a7d51,b1af2d65dda9db77d0dad4632f00511ae8913ab2,2
zooniverse/panoptes-cli,2021-11-23T11:34:37Z,run_tests_CI.yml,7c212f620ff6c1f108a3138f2ce63b6115fe0841,7c212f620ff6c1f108a3138f2ce63b6115fe0841,1
m-lundberg/simple-pid,2022-04-28T19:06:35Z,run-tests.yml,990019811041005c6dee23e495f330e3e96d7a0a,990019811041005c6dee23e495f330e3e96d7a0a,1
pmeier/pystiche,2020-07-13T13:45:32Z,tests.yml,3854d2ecd1621ab34d04b8a87004bc7fd4948ea4,5f5f5ef9134f8bb588504104ed6731d1a6680cef,5
tue-robotics/image_recognition,2020-11-26T16:10:20Z,main.yml,aa5e64e3ee24d91dc63490fd6c0cbe63a319da7f,6d49355deba0536d6d09b4d7e7ebee6ffa95e2c1,2
openxbox/xbox-smartglass-nano-python,2020-08-09T14:47:28Z,build.yml,05494a32e6e8336d9216e9e20c0eae73cb5a638a,05494a32e6e8336d9216e9e20c0eae73cb5a638a,1
igorcoding/asynctnt,2021-08-02T11:19:23Z,actions.yaml,ad3abe478b246a5528b2a367145d8dc00b8581db,7520f3bccbe7402b9c4aac022b6d8c49704012a9,7
samuelcolvin/nosht,2021-03-06T14:19:50Z,ci.yml,4b25d494d9ca439d14c0df81cdbaf8c0686ae421,4b25d494d9ca439d14c0df81cdbaf8c0686ae421,1
nens/dask-geomodeling,2021-06-08T12:40:11Z,test.yml,44cf31734c358ca78f42136fc578bdcf1c9cb277,44cf31734c358ca78f42136fc578bdcf1c9cb277,1
sirver/ultisnips,2021-04-02T20:25:30Z,main.yml,e96733b5db27b48943db86dd8623f1497b860bc6,d4330c4a5a6f90522e7f06dadb440918d3361385,4
horazont/aioxmpp,2021-01-16T10:30:54Z,main.yaml,b3f700e0d01051a579f64273a13afc63358d8acd,b3f700e0d01051a579f64273a13afc63358d8acd,1
raysect/source,2023-12-11T14:34:18Z,ci.yml,8afd4e5fbcba81703829f048f594158f46194c8a,8afd4e5fbcba81703829f048f594158f46194c8a,1
scvenus/peekabooav,2022-03-17T13:14:04Z,testsuite.yml,049ad2c93bce72ba3647d255bca2e644cb58469c,049ad2c93bce72ba3647d255bca2e644cb58469c,1
mgaitan/sphinxcontrib-mermaid,2022-11-10T16:14:14Z,test.yml,c753bcaac3f04d730cb6ee2bd3b132abf0e65439,c753bcaac3f04d730cb6ee2bd3b132abf0e65439,1
googlecloudplatform/marketplace-k8s-app-tools,2020-12-02T18:44:42Z,ci-tests.yaml,21c08f905051f2bba75a336c48c153aeb4326736,21c08f905051f2bba75a336c48c153aeb4326736,1
astropy/pyvo,2020-11-30T22:40:36Z,cibuild.yml,af5ebeccd348d05ed76a0ab5b07e8b4dbf554165,af5ebeccd348d05ed76a0ab5b07e8b4dbf554165,1
hugovk/random-street-view,2020-12-15T14:44:14Z,test.yml,69c1f91fe2cecb0197e7c443ab9568bd928a3319,69c1f91fe2cecb0197e7c443ab9568bd928a3319,1
pysmo/pysmo,2021-08-25T21:57:15Z,run-tests.yml,01cebe87a7eedd1f9df7d2f38a299eb1f2061662,9be2ae98a021324fbe2184ad155d529509044427,6
circuits/circuits,2021-08-20T03:20:19Z,python-app.yml,8dd8cc7d0fb09cbb4fc3ffdf33a8594d4cd5c6ca,50c8a4d80734b15b69c84805f1ff5f4fe27daa53,2
amccaugh/phidl,2022-03-09T19:32:40Z,pytest.yml,721a7923855ac1530faee5e80d360f5b18ec8463,47bcb6785f0dbfa0f3bf7038e1326a4a533cc21e,5
bachya/pytile,2019-11-13T05:04:53Z,ci.yaml,78d2ffa7ccaf3191c201a031646d03b98d9641a8,78d2ffa7ccaf3191c201a031646d03b98d9641a8,1
nipreps/niworkflows,2020-12-06T14:27:48Z,pythonpackage.yml,66ce8d515d0ae79c520ce1cad5c9102c5730d745,c14571af27d56ed11d4b8ac9d2e880314f5647b6,5
pylons/deformdemo,2020-11-11T09:32:26Z,ci-tests.yml,a6b263c028ac7ea72a44d5f7233edc9efc0462ab,b4725697af882d3f15cc3bcf977c02bab085efed,11
ctlab/gadma,2020-11-12T19:40:48Z,ci.yml,ab709fdda3c8ada3672d10490685d541dd8b73a4,ab709fdda3c8ada3672d10490685d541dd8b73a4,1
ladybug-tools/ladybug-pandas,2021-11-01T17:35:47Z,ci.yaml,3d53c4f412fc72e7a40bf6930f9ed7d3b88c9ddf,380e68c65c0ab53421dbf53eabb85b9263e0a1c0,3
jupyterhub/batchspawner,2020-12-02T16:59:54Z,test.yml,5750755e8bcd5bfce76d9be9f67caa791a0a2f8e,5750755e8bcd5bfce76d9be9f67caa791a0a2f8e,1
manrajgrover/halo,2024-06-16T07:22:07Z,main.yml,53bae631b8ffcd355e31461b8a581746b2a816af,53bae631b8ffcd355e31461b8a581746b2a816af,1
pydot/pydot,2023-12-16T11:59:05Z,CI.yml,905116d6a3fdfed869695f1d4594471b0e464701,c2187f16d5b3614702d639514fcee1450aa00f0a,2
iocage/iocage,2021-04-24T20:44:42Z,test.yaml,942d3e48e4521cb093845f518524acdc4d1a0663,942d3e48e4521cb093845f518524acdc4d1a0663,1
saxix/django-adminactions,2021-07-10T06:03:19Z,test.yml,7612c60fe9e4d5cdc1f62fe7aa1813f97c3c52ec,8accf666a59da8c693f7fb53925607e8200f8588,4
quantumlib/openfermion-cirq,2020-04-30T17:38:52Z,ci.yml,adb2d1673637551f97524705605bb7d266455472,adb2d1673637551f97524705605bb7d266455472,1
celery/py-amqp,2021-03-07T14:21:32Z,ci.yaml,4eb39c6fed3e911e604ac276f82fe29f11a2b144,4eb39c6fed3e911e604ac276f82fe29f11a2b144,1
databricks/databricks-cli,2022-06-09T09:05:19Z,push.yml,dd0039f9cc6a4a98078d149c85b7393ffe9fd07a,f403bb1b1157d7b893f27d3671eee81d1b41469f,6
fbpic/fbpic,2021-02-03T06:13:55Z,unix.yml,fa0fd9a987838caf4cedeee643d640f22d9cfed1,eb5f8a1f1972efa5629411b84cb7eb6d361129f6,2
jpuigcerver/pylaia,2020-11-03T02:58:44Z,build.yml,d0226548258ae2cf1c74d8f5886bf9a875eef4f4,1b13cf4865a2dc969f7e81917ced8f91444b7497,4
globus/globus-sdk-python,2020-10-16T21:19:40Z,test.yaml,c28ec7eff74a59c155c3ef8b15616b05aa44b73c,c28ec7eff74a59c155c3ef8b15616b05aa44b73c,1
seancline/pythonsymbols,2022-04-12T02:07:20Z,python-symbols-publish.yaml,e001d4720912ab868505c00daa05ddcf9534d3f1,e001d4720912ab868505c00daa05ddcf9534d3f1,1
vstinner/python-ptrace,2021-03-17T20:15:41Z,build.yml,ac9fc588b7d4ec01240d524fa69e366ce0209073,ac9fc588b7d4ec01240d524fa69e366ce0209073,1
becksteinlab/gromacswrapper,2021-07-21T00:37:00Z,ci.yaml,7f79dba8b732683ec6d46bccaac0153c465f165d,823939d817d956b4452525fe5e7081f3e2f497c2,2
elektordi/obs-websocket-py,2023-02-04T22:05:52Z,ci.yml,7f62560f0a308d632ad4936d4785241c158e6f93,fcd7c6efd9a34ba4c62c59a130df211f6dd7776f,2
liormizr/s3path,2021-06-28T05:58:15Z,github-actions-demo.yml,0519b96e97e859f37a261efd743affdf0044c6a3,0519b96e97e859f37a261efd743affdf0044c6a3,2
stackstorm/orquesta,2021-02-17T05:15:43Z,tox.yml,53a2540908e9c00223861dfa926d922a3ebe0cd5,a1fc702c879ecd4d05d6259cfc3fe3a0646c7423,3
ktdreyer/koji-ansible,2020-11-23T18:29:47Z,tests.yml,6894a1b77266ce18edbdec9581cc6a31c108958b,6894a1b77266ce18edbdec9581cc6a31c108958b,1
spacetelescope/astrocut,2020-11-25T20:14:25Z,ci_workflows.yml,baa4f3ca1e35b65c3654c4db7835a8c990ebd013,baa4f3ca1e35b65c3654c4db7835a8c990ebd013,1
ucla-irl/ndn-python-repo,2021-02-19T01:31:47Z,pythonpackage.yml,7a69b1b24e27a2f539aa4f2480306e862e35c1f7,7a69b1b24e27a2f539aa4f2480306e862e35c1f7,7
pdfminer/pdfminer.six,2022-02-02T21:24:32Z,actions.yml,b84cfc98e0e48f8dbc5099a6aaa71a6fc7e52895,81f873e1053c90eb8ee33d9c77de25bd1e7bc143,2
pykeen/pykeen,2020-11-23T14:49:56Z,tests.yml,e65b1672020cd4dc3e934490c97ff241b41b0794,48157bddf6139600018d095fc685162bd34a739f,2
googlecloudplatform/functions-framework-python,2020-05-08T01:47:46Z,main.yml,901290dd04da1fa4f5b49cb85f7bd54967987f8c,901290dd04da1fa4f5b49cb85f7bd54967987f8c,1
ihmeuw/vivarium,2020-12-24T18:21:54Z,build.yml,0c81ad4a745697e3223c05fec6fd4eb538eb22f2,585b8e4b989950daaeaa3e6a889c9be7190cd905,2
jeanralphaviles/prometheus_speedtest,2024-12-24T03:43:20Z,python.yml,00e2458e065d5a7b4d6e2db63f9939ecc1fd0738,2567c921a4170058e1c748bf8df9bcc2cdfdffda,2
melizalab/quickspikes,2022-06-30T16:03:23Z,python-package.yml,86552a0348b5a2898ad4d5d6110e4e0640ceca22,2f7b8297abf56873d37fbd709a30cdfb3b5b9927,2
tarantool/test-run,2020-11-19T15:09:01Z,test.yml,22400bd43385b921af8d8b50085a35604f87b01c,22400bd43385b921af8d8b50085a35604f87b01c,1
python-semver/python-semver,2020-11-11T07:57:21Z,python-testing.yml,aa58f62b1b6f8ef378a9c270a643182a17b72228,aa58f62b1b6f8ef378a9c270a643182a17b72228,1
caleb531/automata,2022-07-13T03:01:46Z,tests.yml,4b4dc4bb363293130b8abc10c8f5a6665aed31fd,dda6e64d74e74097116467f29ff7d3d810c281ec,4
isik-kaplan/django-urls,2024-11-14T03:19:48Z,publish.yml,4870212e23505ddaf4537f5b186d90be1ba87042,4870212e23505ddaf4537f5b186d90be1ba87042,1
caleb531/youversion-suggest-alfred,2022-07-12T22:10:29Z,tests.yml,64ad2d4a1188f89f43d2229f3c51f0f2fe2eaec4,d628296d8a6331ff6e82c1a352b559a7986712d6,3
jaylinski/kodi-addon-soundcloud,2021-10-07T16:57:00Z,ci.yml,a33f79449c088032b503b54d8baaa66652670fce,a33f79449c088032b503b54d8baaa66652670fce,1
jonlabelle/trimmer,2021-07-14T07:51:40Z,ci.yml,58dbc5998415d36f93e604f1c6007910f9c998ac,58dbc5998415d36f93e604f1c6007910f9c998ac,1
iamdefinitelyahuman/py-solc-x,2020-04-25T10:37:00Z,main.yaml,ba59b80df702c6638810b061357bdc838eb78cbb,ba59b80df702c6638810b061357bdc838eb78cbb,1
1adrianb/face-alignment,2020-12-30T08:56:46Z,test.yml,651e83d533d0d5670600c6bb036d3a86a6c81d46,651e83d533d0d5670600c6bb036d3a86a6c81d46,1
districtdatalabs/yellowbrick,2021-03-10T23:39:00Z,ci.yml,77e1e16b02772436a3f1ec89b9e719bbee0e6d00,77e1e16b02772436a3f1ec89b9e719bbee0e6d00,1
florianfesti/boxes,2022-12-28T13:38:48Z,pages.yml,dc3ee35716752fec70a52043a107da39ea5cf766,d2d2d15de33d794a25a44ff2e13276f01c313cc9,3
xzkostyan/clickhouse-sqlalchemy,2021-12-07T19:46:07Z,actions.yml,07f07310e95c5abf124fb8321cf994a8eeac54e6,07f07310e95c5abf124fb8321cf994a8eeac54e6,1
enjoy-digital/liteeth,2020-11-24T12:33:40Z,ci.yml,5737aaa67c9de1c92fd02b062a6b4515b4b0ec43,5737aaa67c9de1c92fd02b062a6b4515b4b0ec43,1
dropbox/merou,2023-03-14T17:55:09Z,github-actions.yaml,a603deeae2ef417d8554a7ddc1b728df8c931c2e,a603deeae2ef417d8554a7ddc1b728df8c931c2e,1
pzivich/zepid,2022-10-23T18:34:00Z,python-package.yml,4b78f72eb380b90be00187d4867646d305cec3bf,7967fd6fa1f5eba9fc86bcea56e4a624bc5128b6,4
enjoy-digital/litesata,2020-11-24T12:54:14Z,ci.yml,a9a4c5845a43bdfb81570bfd2b8869c7f4e18350,a9a4c5845a43bdfb81570bfd2b8869c7f4e18350,1
jamescooke/flake8-aaa,2021-03-10T10:02:19Z,build.yml,f2b3e396e298ada9848df1a3b5b367c37e6675ee,f2b3e396e298ada9848df1a3b5b367c37e6675ee,1
quantstack/memestra,2020-12-29T20:32:03Z,workflow.yml,0a6dbeaffa9699dd546c4b547b3112b8a04e18c1,0a6dbeaffa9699dd546c4b547b3112b8a04e18c1,1
otsaloma/dataiter,2020-12-30T15:23:20Z,test.yml,644c2f78bb16e91fbbd647ff6041e30bd43a2543,644c2f78bb16e91fbbd647ff6041e30bd43a2543,1
w1ldpo1nter/django-queryable-properties,2021-03-14T12:24:05Z,test.yaml,42c55364e7389104074997e0c01aea100f460caa,d763039d8a412f650d946037192d7b73af65ff54,2
delgan/loguru,2021-10-18T19:25:21Z,tests.yml,e5ca8e4a69376a45e2bb70dd004213c0a7a9a03b,e5ca8e4a69376a45e2bb70dd004213c0a7a9a03b,1
lululxvi/deepxde,2023-01-29T17:24:59Z,build.yml,b472be34a969e6c85bd17a28666539723293365b,b472be34a969e6c85bd17a28666539723293365b,1
fofix/fofix,2021-04-22T18:49:57Z,tests.yml,a8018e5a0e27f62367c73d7c328f49a73f15eed6,a8018e5a0e27f62367c73d7c328f49a73f15eed6,1
rescuezilla/rescuezilla,2022-08-28T19:14:37Z,build-rescuezilla-iso.yml,dc4ca2ff31ffdedb6752e886a999349fbb20592a,dc4ca2ff31ffdedb6752e886a999349fbb20592a,1
liminspace/django-mjml,2021-07-04T15:32:59Z,test.yml,5b940b3f1bc3e518e10c8da3a199e2112fb4cd48,5b940b3f1bc3e518e10c8da3a199e2112fb4cd48,1
jacebrowning/datafiles,2024-05-18T21:51:49Z,main.yml,ae3c0663fe1bd18cbfe39030aa658a00f8b7abe8,8b6be2a7d056920e7dddec0b08bf83a20c08d8e2,3
scopeinfinity/video2description,2020-12-30T18:58:07Z,ci.yml,90a06212867675a0307f1d051898fff7f521a09c,483fb344afe5e692348b52208781cc2d2f0ff51e,7
barrust/mediawiki,2020-12-07T22:13:13Z,python-package.yml,4b8b3f70a4dcbae84ca391f5841fb94d6de7e63c,4b8b3f70a4dcbae84ca391f5841fb94d6de7e63c,1
salt-die/chisel,2020-02-11T11:53:54Z,continuous-integration.yml,538c207e1224a7c41fecdd45b4e473c6c9486ca5,9983fe16944bee7fd730a0e1d58861e22808454b,3
spacetx/starfish,2021-09-07T07:28:41Z,starfish-prod-ci.yml,24c82b8ec647eed85c280a598130ca289896d597,2b4f55f0cd89e36004a0675890bde82b53d8a284,4
martinpitt/python-dbusmock,2020-12-19T16:43:55Z,tests.yml,2877e950ac679dd38890f598084fe6f53bb93744,2877e950ac679dd38890f598084fe6f53bb93744,1
zestedesavoir/zds-site,2020-11-29T21:08:08Z,ci.yml,9d0e60f9ea05a92cc8d1bde9cad021a1503810ac,9d0e60f9ea05a92cc8d1bde9cad021a1503810ac,1
nengo/keras-lmu,2022-10-31T16:57:35Z,ci.yml,c31e419c6704a43d993e7287596650b9653383a7,c31e419c6704a43d993e7287596650b9653383a7,1
zaproxy/zap-api-python,2021-01-27T13:04:41Z,ci.yml,7893e30f2ec0edf5c6069bc38f767ae04bb1a71a,1e53bbfeaf8e8daf19fc446efcc05808378a23b2,2
enjoy-digital/litescope,2020-11-24T12:55:54Z,ci.yml,0a67448ce9337e63b002d1b0ea77ebad8ed668ea,0a67448ce9337e63b002d1b0ea77ebad8ed668ea,1
rust-lang/homu,2020-10-15T14:16:11Z,ci.yml,43cc56736de70e115e4f3c308e57fc4cdd6c4366,673b1d591cb3b086815fc022f0ad54e05e5c76d7,3
wikipedialibrary/twlight,2022-12-13T20:13:49Z,cicd.yml,95b1824ae904e4f22c2b55664b6847092d167df2,807f3a28280661b4e8d2d781e4b70ef7696a4498,4
spacetelescope/gwcs,2020-12-23T18:19:01Z,ci.yml,c156e7e31da6b6c3809d50c8aca9266e686252b2,c156e7e31da6b6c3809d50c8aca9266e686252b2,1
enjoy-digital/liteiclink,2020-11-24T12:47:28Z,ci.yml,cc19a26c49e9e655babed8c7a2948df73fef7f4c,cc19a26c49e9e655babed8c7a2948df73fef7f4c,1
litex-hub/litespi,2020-11-24T12:59:19Z,ci.yml,024326c423b053e4cff9a30932c7b38fe38d252d,024326c423b053e4cff9a30932c7b38fe38d252d,1
eerimoq/cantools,2020-12-08T06:55:52Z,pythonpackage.yml,f59503494e75a03f8c6d47c184d7de9fef231033,f120d35e1523201b6d87e87306457bf1769330e3,3
biocore/scikit-bio,2021-02-04T23:13:33Z,lint-test.yml,009899e70f25aea2b80f994634aedb491277300b,a5f669368b94dd63ae452446cfde570f5f288807,2
pavdmyt/yaspin,2022-07-15T13:27:37Z,lint_test_coverage.yml,9aa8397b2fd4adf8c4dba60d080b2ac480cd7e9c,b01adaaeb38df95d9412cffab3134b33f33311e5,4
pivotal-energy-solutions/django-datatable-view,2023-12-28T23:37:14Z,main.yml,4679e624a763cf9ce740a93425bad06db3bd3f55,4679e624a763cf9ce740a93425bad06db3bd3f55,19
sklarsa/django-sendgrid-v5,2021-03-02T02:29:30Z,pipeline.yml,d5abebed637938d81a64356f5820d7b37b9e9b07,d6627efb0c600bc91c53018e45b7a49621d008a4,2
ray-project/tune-sklearn,2021-03-12T20:58:44Z,test.yml,7f4b33b9fbfb5429898701282ec6feff4165ae39,7f4b33b9fbfb5429898701282ec6feff4165ae39,9
autoprotocol/autoprotocol-python,2020-12-17T00:28:47Z,ci.yml,02b711419a34883f68ddab29be98bb223cceed90,330c7a959fd8759ae329fc546482a4ce3992c70a,3
dylan-profiler/visions,2021-12-05T19:25:42Z,tests.yml,f9bf82872f6de4c68f18172f33604f094c6608d5,f9bf82872f6de4c68f18172f33604f094c6608d5,4
pyta-uoft/pyta,2021-07-16T03:08:59Z,test.yml,377bc9efb5ab69a187fa44287f15439dffe02946,377bc9efb5ab69a187fa44287f15439dffe02946,1
apache/fluo-muchos,2020-10-02T15:28:39Z,ci.yaml,c46aa98b5f7671bb55ffc0721c3f16197a95444f,c46aa98b5f7671bb55ffc0721c3f16197a95444f,1
rtfol/aiohttp-sse-client,2021-02-27T09:39:26Z,pullrequest.yaml,78a5c6e7e439e239275f6faa1065e91a4e94a6fc,2be0408c42ac98157b2a27b48839b7eafb54f533,2
databricks/spark-deep-learning,2022-03-21T17:06:04Z,test.yml,0d709c088badd8767b9ee3eca07ba58ffbae1524,0d709c088badd8767b9ee3eca07ba58ffbae1524,1
telegraphic/hickle,2021-05-03T18:29:56Z,test.yml,9c5a99ef7df8a48c8c3e1c34ea5d56af08130b69,9c5a99ef7df8a48c8c3e1c34ea5d56af08130b69,1
mtgjson/mtgjson,2020-12-17T18:05:32Z,tests.yml,aef2ae3ee3e130dce2dc7956ee89d728490958db,aef2ae3ee3e130dce2dc7956ee89d728490958db,1
johnnychen94/jill.py,2020-01-18T11:46:56Z,pythonapp.yml,36b1d447020a0a1f0bdd3b039cbd68d0c6ed2f53,720b7da7a5e0c2b15b93e65e725bea6ca541a91c,17
cherab/core,2021-05-02T12:23:47Z,ci.yml,5fd23ab4507021655389b4129f6915949f2e5d0b,582a3d0040d244fec3b00ea8766c221ed1396b2e,2
jschneier/django-storages,2021-09-07T15:05:26Z,ci.yml,aa7545608221ede9be8d0daa2a3b710fee8d7321,aa7545608221ede9be8d0daa2a3b710fee8d7321,1
aio-libs/aiocache,2022-03-12T12:49:19Z,ci.yml,5f3bbcc721dff37139ded6eae09e972895984b1e,02782c238aa8a6ca238ef938b3c70e017dc5a2ea,3
pomo-mondreganto/forcad,2020-12-28T08:05:33Z,tests.yml,c326dc1dea0becbe437ab86199c7d2599fc64d64,a360896a61dc5b571a851a561855260f54443443,9
pyviz/pyviz.org,2021-08-31T18:13:14Z,docs.yml,4bb5604e1d09fb34fd00252bad4f79f8bb75efb6,4bb5604e1d09fb34fd00252bad4f79f8bb75efb6,1
thoth-station/micropipenv,2021-01-28T20:19:25Z,main.yml,bccd4ee51480dbdbe4d1e9fff09e3d877dc8a3da,bccd4ee51480dbdbe4d1e9fff09e3d877dc8a3da,1
pyxem/orix,2020-12-06T18:39:39Z,build.yml,d2b4487d0204513488184f2ecedb8d7e4c016cce,116e920980675f1211eec8c1de50f088e92d4c21,2
arkhn/pagai,2020-02-05T11:42:41Z,main.yml,96c0b5601f11af6d879b70f052ecc523a1dcd10d,96c0b5601f11af6d879b70f052ecc523a1dcd10d,1
cuenca-mx/clabe-python,2020-03-21T07:11:14Z,test.yml,4fa83f34726b5384ffc5623312a0a723a2c434b4,4fa83f34726b5384ffc5623312a0a723a2c434b4,1
ihmeuw/vivarium_public_health,2020-12-29T18:31:52Z,build.yml,46a51f4456cbaa635d8a958f92a76ce344509ba4,42aae3799258ff74ed367c403e4ab8d3b4ee5443,2
getpopper/popper,2020-12-06T17:47:55Z,ci.yml,34b270f6b7c82ea0fd5295e2d22a89960e126319,b2f6a62d30868039620ba08c02626dec1f88eecc,3
pypa/sampleproject,2021-10-30T18:34:38Z,release.yml,d2bae02873f8dc964b07b27176efc751f2e58860,d2bae02873f8dc964b07b27176efc751f2e58860,3
python/pythondotorg,2021-08-23T14:11:06Z,ci.yml,8712df09179fe4423d8040c57a44dfd91e64240d,8712df09179fe4423d8040c57a44dfd91e64240d,1
mymarilyn/clickhouse-driver,2021-11-23T17:59:03Z,actions.yml,10a1fdab3a9da2c3480baa53d8ff888f091c9cd6,10a1fdab3a9da2c3480baa53d8ff888f091c9cd6,1
python/miss-islington,2021-04-15T21:14:07Z,ci.yml,ac121b7808929853a99ca22c26eb31f9dde56e8c,ac121b7808929853a99ca22c26eb31f9dde56e8c,1
learning-unlimited/esp-website,2021-01-28T02:39:21Z,tests.yml,0d4c05a59c8227415498e8b0f5f8ddec3111341b,0d4c05a59c8227415498e8b0f5f8ddec3111341b,1
add-ons/plugin.video.vtm.go,2020-03-23T19:27:57Z,ci.yml,f67f6cda8ad5de1d2f79ab98af078c9f53cdaa24,221e6d8010ea2348cd234c39ca3cbfc6c3302edc,3
certbot/josepy,2021-07-10T17:39:59Z,check.yaml,2ccd58944ac41ad9c932f29bae13abb1adfa1ce4,2ccd58944ac41ad9c932f29bae13abb1adfa1ce4,1
bloomberg/pybossa,2022-01-05T21:18:23Z,github-actions.yml,4a75557181e370e2aea787ef11ad5723c1f50ba3,4a75557181e370e2aea787ef11ad5723c1f50ba3,1
quantecon/quantecon.py,2021-01-02T03:16:19Z,test.yml,128ed3952eefd42639709cbeb169b8fe57477283,02a63b3e68e242efcae56cffc2d8df59c77704b9,2
toblerity/fiona,2021-01-27T02:46:07Z,ci_linux.yml,f6c41582e7fb6d2a6462e152e1f3a4789b7dc8e1,f6c41582e7fb6d2a6462e152e1f3a4789b7dc8e1,1
tableau/server-client-python,2021-02-16T23:09:45Z,run-tests.yml,6c7a87b3e4e119621490f049d38d234a1c840a5b,d107c4827cd9ea59cdb9f618952eea35aef98197,2
acl-org/acl-anthology,2020-12-08T16:28:08Z,check-build.yml,f935186f1654993fbcc9316d02113a2a85b847fd,f935186f1654993fbcc9316d02113a2a85b847fd,1
rm-hull/luma.lcd,2020-12-07T17:48:40Z,main.yml,dd3960946198ce9ca53e9a0f254909956f41a5de,dd3960946198ce9ca53e9a0f254909956f41a5de,1
networktocode/ntc-netbox-plugin-onboarding,2022-09-30T15:00:11Z,ci.yml,446298fc39abfd468db2a41e23b668a13e9c1294,446298fc39abfd468db2a41e23b668a13e9c1294,1
telefonica/toolium,2021-03-08T17:32:24Z,ci.yml,773b0c3cbff136015c9e0fb157c9666f418ba042,773b0c3cbff136015c9e0fb157c9666f418ba042,1
hugovk/pypistats,2020-11-09T22:03:31Z,deploy.yml,528d981b89310d45712798af97926556e5d1d8ab,6b220b89e1d2db2c7468b01da0795a2c698c0187,2
nickjj/flask-static-digest,2020-12-23T22:24:31Z,ci.yml,50bf4e6f85b6c57fa28a10bc897df2939022f586,120c80d2c00f32b1e457be804ff85ebd225aa19b,2
python/the-knights-who-say-ni,2022-02-23T17:21:23Z,ci.yml,50351dfe36783029f22a33281175cbf7f77deeb8,50351dfe36783029f22a33281175cbf7f77deeb8,1
rm-hull/luma.emulator,2020-12-27T09:57:05Z,main.yml,b7a4c778ca5a3f66eace1ff5d170419de0b6b72b,b7a4c778ca5a3f66eace1ff5d170419de0b6b72b,1
salilab/cryptosite,2020-12-17T00:21:59Z,build.yml,fceab5fc503773e4d37340a58d9e03e074fcee44,1079bbf8e399af564a1ac3afade155805bb013a0,6
rasbt/mlxtend,2021-11-29T14:56:29Z,python-package-conda.yml,21db5775b1451ef2a9bf1d34745aaf931401af2c,2b861f49d91933263c64686d7eb8c07f65539e1e,8
numixproject/numix-core,2021-09-20T22:28:47Z,test.yml,6cb047c605f76c7f684e4af97c2913252266092a,d4b1230e3ae6713d1acdf534de26ebc960f82d07,2
spl0k/supysonic,2020-11-21T16:33:38Z,package.yaml,bca91041471734247cf1fe6406c9fb06609deb4c,bca91041471734247cf1fe6406c9fb06609deb4c,1
numpy/numpydoc,2020-12-15T13:17:56Z,test.yml,ff4bfd4e469d63069572d39318ed628eca892097,ff4bfd4e469d63069572d39318ed628eca892097,1
voc/plugin.video.media-ccc-de,2020-12-09T19:18:27Z,test.yml,8248188df495d94b50be09c261579b3a660ca056,8248188df495d94b50be09c261579b3a660ca056,1
stevearc/pypicloud,2021-09-01T21:23:37Z,tests.yml,af7666a9bc0f8bbf1541e42a5eddf986e8543a06,af7666a9bc0f8bbf1541e42a5eddf986e8543a06,1
smallwat3r/shhh,2021-05-19T20:14:04Z,python-app.yml,c5a0809456825c8b99c14f66878a8bf5421c9550,c5a0809456825c8b99c14f66878a8bf5421c9550,1
tetienne/somfy-open-api,2020-04-03T22:05:47Z,main.yml,8ebca8efd79093f79e4fc2d6a94913904cfe5937,91d89aee640e6c522f5c2145429f5a9b72bc23ad,2
porridge/bambam,2022-09-17T08:25:14Z,python-app.yml,14bfd88b1520c7af39b05e0fc90466e90d24e807,f36dfe616b74a6bdab6f6e97dc4848ff233c0489,2
ladybug-tools/ladybug-geometry,2020-12-04T00:18:17Z,ci.yaml,576890427967fb6875315e34712597bf10607b0e,576890427967fb6875315e34712597bf10607b0e,1
rpm-software-management/mock,2021-12-20T13:40:46Z,copr-builds.yml,64f3ba849b27e2145dac86ff08829a61a7504904,64f3ba849b27e2145dac86ff08829a61a7504904,1
pysb/pysb,2022-08-15T19:51:06Z,build.yml,12e7916e9042dcce5e718241901fdda6c50d4db3,a129beb847e1f941e1292e7f6d001d44fb20ca27,2
1adrianb/pytorch-estimate-flops,2021-01-11T11:33:56Z,test.yml,705d708bed06a2abb637e4284227664b95cf1395,c23bd480cc670d45f81ebb629d3fc971b67a3df9,2
bradenm/micropy-cli,2019-10-13T09:57:10Z,main.yml,4b3de8d091b2e1245c986e26b275c344c643bf97,9668ef31c72c9874fca47fecfb81ec39925069c1,3
edx/edx-analytics-pipeline,2021-11-16T21:32:01Z,ci.yml,b78ef983ef8cf1764417fff1f1d652f13bc610ee,b78ef983ef8cf1764417fff1f1d652f13bc610ee,1
cgarwood/python-openzwave-mqtt,2020-04-11T15:24:54Z,test.yml,3d62609f93d28271f15fe95c8fb3310e1ab97bd7,3d62609f93d28271f15fe95c8fb3310e1ab97bd7,1
nexpy/nexpy,2021-11-22T03:24:28Z,ci.yml,fecceb7b10e370bca4fa19da0cbeafe25db5227b,71a0ed05b871659ff50eb557d1e754fd13081731,2
arthurdejong/python-stdnum,2021-03-21T13:40:34Z,test.yml,5785afbf4079c3fd27c700b0e2153f91974319f0,5785afbf4079c3fd27c700b0e2153f91974319f0,1
liqd/adhocracy4,2021-06-30T11:57:22Z,django.yml,5fd060662cc6b50237e5ff6588b5ff19d17c6797,5fd060662cc6b50237e5ff6588b5ff19d17c6797,1
evalf/nutils,2020-04-07T20:20:26Z,test.yaml,a6b48d6295f2dcc389545af19178c600924962a4,23fcf1b42df196ae19e608fc83fbf1dcda8e51ca,2
liqd/adhocracy-plus,2021-07-01T08:18:47Z,django.yml,045efa46fbd9278d1c0aa9955d898f20ed79a526,045efa46fbd9278d1c0aa9955d898f20ed79a526,1
ladybug-tools/ladybug-grasshopper,2020-12-04T00:59:28Z,ci.yaml,7abfec0c27ede82eda852f2b2d970b666578b22e,7abfec0c27ede82eda852f2b2d970b666578b22e,1
seannaren/deepspeech.pytorch,2022-01-04T14:05:13Z,test.yaml,c7983c47e6bf8a87fae041dcfee9cef319def99d,c7983c47e6bf8a87fae041dcfee9cef319def99d,2
networktocode/ntc-templates,2022-09-14T13:58:55Z,ci.yml,3bf02eb8b6f91558b5dbb995076aba1aec6901a2,3bf02eb8b6f91558b5dbb995076aba1aec6901a2,1
earwig/mwparserfromhell,2021-10-08T06:12:39Z,tests.yml,d3b8469e89d02b24cd8824e8c692c52e72820d30,0,0
wemake-services/django-test-migrations,2020-04-15T08:20:09Z,test.yml,6216c22e79659e27481b1214fe973f4a096a8876,f69b9d58e53e5c0bdbce8d0a9e49a840112ec0c1,2
enjoy-digital/litedram,2020-11-24T12:43:43Z,ci.yml,68cd462bd4b40d9437ac1f4de1ea1516ffd42cf8,af979bbd3149c1bfe617320c22b4e4759de1182d,2
simonit/spotifylyrics,2020-11-15T22:42:01Z,build.yml,e8d25f5546c7524e41837edcb77ee6fa37d42f21,f2088ae4a0c5eaf3c6e876569f52d8996cdf393e,4
openxbox/xbox-webapi-python,2020-08-09T01:11:12Z,build.yml,d6450888e3782c16aa35eb66ef9fddc6212af77d,18b73c4d4e81424a1e520923addbf56bf1d8686d,2
flav-io/flavio,2022-02-22T18:04:17Z,test.yml,cc91cf71a7a5f7b4ec185b79dbd2e3e200cafdfa,f9b88dc2402a09c6daeadc99df843d96f018145e,2
kernelci/kernelci-backend,2020-12-18T14:34:02Z,main.yml,deb76ce67ae2d9a6fbef2b0a0d2e8ef51bc86679,deb76ce67ae2d9a6fbef2b0a0d2e8ef51bc86679,1
mideind/tokenizer,2021-01-22T17:09:54Z,python-package.yml,ed4b1e29a5408ea47b7eda4c29d940bbacbc2bcb,ed4b1e29a5408ea47b7eda4c29d940bbacbc2bcb,1
uc-cdis/indexd,2023-09-27T23:03:59Z,ci.yaml,c94fe9eca73d9da9a30688c0e204418e7a15bfcf,797fdcf44f0439bdf9925f6d1cce6df1b0de98aa,4
netbox-community/netbox,2020-12-08T19:55:06Z,ci.yml,cc5c000a6d027a7d60c9fe637113616413a94062,43d7d5570e6ee2bd191c98b26d397d5399f9c32a,2
enthought/mayavi,2021-10-07T12:53:13Z,run-mayavi-tests.yml,512ef049e0f8bb1ef05821db21f03db53ff08467,512ef049e0f8bb1ef05821db21f03db53ff08467,1
mjpost/sacrebleu,2021-07-15T21:11:40Z,check-build.yml,90a4b8ac3689e71afa093d3945d1b4fc81ea63d2,078c440168c6adc89ba75fe6d63f0d922d42bcfe,2
etesync/etesync-dav,2021-01-12T12:40:49Z,manual.yml,59a121aa42666ad5b7dc4846d2df3ea6b80eadce,0f91aa95674a8c69180e89d510805b396a3c474a,3
saadmk11/django-newsfeed,2021-04-11T09:41:38Z,test.yaml,21854663e449998b37aade92704fb79d4e5c19b6,21854663e449998b37aade92704fb79d4e5c19b6,7
oca/connector-telephony,2022-12-08T10:04:41Z,test.yml,72ecf7e1be6cefaa94657a8f5054fc2082e5a7a9,72ecf7e1be6cefaa94657a8f5054fc2082e5a7a9,1
pycasbin/sqlalchemy-adapter,2021-07-16T04:23:28Z,build.yml,60b3253cfadc63aa82aa346a29e7cb51cda3a405,60b3253cfadc63aa82aa346a29e7cb51cda3a405,1
hepdata/hepdata,2020-11-11T14:35:39Z,ci.yml,5da5dfe3376370606e266c01a58c05dfdcac29f9,5da5dfe3376370606e266c01a58c05dfdcac29f9,1
jasonacox/tinytuya,2022-06-05T04:25:00Z,test.yml,2e657f487146fdf0cd20aebeaf42af7838a6ad40,2e657f487146fdf0cd20aebeaf42af7838a6ad40,2
uc-cdis/fence,2023-09-27T23:09:45Z,ci.yaml,1892efc7247ababec68f76fb682f169474897bbf,10b7cd23437587421e6445c999a3554c915f1101,13
linode/linode-api-docs,2020-12-15T19:24:51Z,test.yaml,9525603fd46f6f156dda547a66f8f3ba786bb5a5,9525603fd46f6f156dda547a66f8f3ba786bb5a5,1
wemake-services/wemake-django-template,2020-03-28T22:14:48Z,test.yml,bd95234c59316dbd033b9e05fff2aa18889deec7,e4b7e6e4d481f1f413e8a83bf32da2f5ebf94a18,7
wemake-services/dotenv-linter,2020-04-15T10:00:27Z,test.yml,d59bb5e574e9b17bb78deb4cc3a00c88b33550fc,d59bb5e574e9b17bb78deb4cc3a00c88b33550fc,1
pyro-ppl/funsor,2021-02-20T18:09:57Z,ci.yml,815b2fe5f3ff374a36c32c0be9155440380cbbbf,a5b3556c78251ec372a90af2f7f5cf135afd89ac,2
osrsbox/osrsbox-db,2020-12-14T19:04:16Z,deploy-pypi.yml,726631e85df73379ee496812cd44966f539bfa2c,7147a2d182a54d131aaaf1c0a2294934e39bca2d,3
rm-hull/luma.core,2020-11-29T23:33:08Z,main.yml,ce7da13a091ab473c3ed642c9917e58de43b12d4,ce7da13a091ab473c3ed642c9917e58de43b12d4,1
johnmaguire/cardinal,2021-01-12T23:44:50Z,main.yml,f6c1f9bd8593ed00a826235ce7e26676216da8ff,f6c1f9bd8593ed00a826235ce7e26676216da8ff,1
trinodb/trino-python-client,2020-08-24T13:30:27Z,ci.yml,a313a2dbe5d2e72edc171e81ad1f680a00f0485a,a313a2dbe5d2e72edc171e81ad1f680a00f0485a,1
phoebe-project/phoebe2,2021-07-11T21:08:47Z,ci-nosetests.yml,ab0965c4c50a7b841f2535323b28fdd7367c3ca1,ab0965c4c50a7b841f2535323b28fdd7367c3ca1,1
aws-robotics/aws-robomaker-sample-application-cloudwatch,2020-04-17T21:36:18Z,main.yml,2093e1d195d3067b5301bf56f40b0e52a5137a5a,a7904b97e1589dccd4e8dc1c049d4f399e6abc64,3
bachya/py17track,2019-11-13T04:41:00Z,ci.yaml,f9472ba5318493113de05aef05805dd5524d7f2f,f9472ba5318493113de05aef05805dd5524d7f2f,1
dbiir/uer-py,2021-07-30T06:14:33Z,github-actions.yml,61f7142feb76ef0de6b1f20afcc75dd0b203b507,61f7142feb76ef0de6b1f20afcc75dd0b203b507,1
pypa/packaging.python.org,2021-02-03T13:36:47Z,test.yml,675acbb5eb3f9ebfa954bf603ecdc3d24b202533,a20b39334f43c937cea320f3106712eb7209ebb2,3
ncclient/ncclient,2021-10-30T16:18:33Z,check.yaml,f22ee8a8ac5ac3dbeed0a09b98976a439b3f9c77,872b1dcaf5496f3bfc96c618870908ea4fe6a892,2
histolab/histolab,2020-11-13T16:04:42Z,tests.yml,df1c321fcdc8350ddb4d0841a531cc4158067125,2f72c501822a22946ca454be936e1445aecad7bb,10
retrospect-addon/plugin.video.retrospect,2020-03-23T23:16:50Z,addon-checker.yml,fed350efadc11546a37490a05741d45a2c1988b4,0e4278e1a863223c44f3092ea76e0ec88dc9e0eb,3
int-brain-lab/ibllib,2021-05-04T21:08:28Z,ibllib_ci.yml,a5887e3c649fb57cc7e440490cc90bc0a3a043e0,116cede6bd1f5ab5924141c9a5e1dac8458da23f,2
modoboa/modoboa,2020-11-09T19:44:48Z,modoboa.yml,02efd7f0e3ca8bd4abd135ce2ae1b8eb37352d80,02efd7f0e3ca8bd4abd135ce2ae1b8eb37352d80,1
vertica/verticapy,2021-01-07T12:51:13Z,ci.yaml,d9d9db15965f81fcda4c714666faf5f8e8b1ba28,355629c9daadeacd7043e647398d35fcfca257cf,2
hatchet/hatchet,2021-05-03T19:43:12Z,unit-tests.yaml,33972127b66384649c215c6b6a1738f4b8d66882,33972127b66384649c215c6b6a1738f4b8d66882,1
edx/course-discovery,2020-11-19T14:27:34Z,ci.yml,a9a3263a13c5c3d76d081dc483ee095f1f21e175,857f60d932fc3f0868a55f1d86b95b25e908b7d3,2
pygeos/pygeos,2020-11-11T06:45:35Z,test-linux.yml,49c2dc204701ad65a0320508dd5a8c931534eba3,49c2dc204701ad65a0320508dd5a8c931534eba3,1
openstax/openstax-cms,2021-06-24T13:08:15Z,tests.yml,7e915a3506b731faea85dcfbeda96d8f2b15f10a,7e915a3506b731faea85dcfbeda96d8f2b15f10a,1
ocadotechnology/codeforlife-portal,2020-11-26T08:21:21Z,ci.yml,3c426b661f218fbb4c47c59d1aeb091d2d7b67d0,605653ee687bd76ad6847a33504a77cd56b8f3e6,8
mitodl/micromasters,2020-11-10T12:05:57Z,ci.yml,f91fa3659b264de716cecb63301aec2fa44d4c13,f91fa3659b264de716cecb63301aec2fa44d4c13,1
open-zaak/open-zaak,2020-12-10T11:37:06Z,ci.yml,f977d8b424d3a1064ddd2208a674ce235172f4dd,0eda89c4fc8c76e62a1d4ff070691a80512f30ae,4
opensvc/opensvc,2020-12-22T20:37:54Z,ci.yml,7f1601ff0dd05e0022c6367827c2c4896622ad1f,c34b142dfedebee6ecddbcf9c22768ebd459910a,9
owasp/cheatsheetseries,2020-01-15T10:04:34Z,publishing-check.yml,9b3a61ee5fecb1d038bcef253fec4c5048065419,9b3a61ee5fecb1d038bcef253fec4c5048065419,1
aws/chalice,2020-12-09T21:56:33Z,run-tests.yml,9451a9f8136f92a7f22236716668d84b67aec809,9451a9f8136f92a7f22236716668d84b67aec809,1
rlworkgroup/metaworld,2021-01-27T20:22:52Z,python-package.yml,b80dd3701ed8f4580ffd384c6d6fe0470895a914,b80dd3701ed8f4580ffd384c6d6fe0470895a914,1
yelp/clusterman,2022-01-13T16:29:14Z,ci.yaml,fc4e52ab01b3b4134f5913af49bcd9671ad49651,9edd4a267506a9e49599fc7db3fd9079fb0dd2bc,2
terrapower/armi,2021-07-07T18:50:54Z,unittests.yaml,f1598c9407365e2ddd9627f23770d044e1df30ae,f1598c9407365e2ddd9627f23770d044e1df30ae,1
webrecorder/wacz-format,2020-11-18T20:25:06Z,ci.yaml,7e6fce169df3f1d23de111f7c381db0f8d74f645,7e6fce169df3f1d23de111f7c381db0f8d74f645,1
nypl-simplified/circulation,2021-03-11T21:11:56Z,test.yml,a7715e975bee2b563634744cb620b94760a00165,ad4d545c04a432892eb0fe5ad5942b2acea33976,3
pyro-ppl/pyro,2021-06-11T19:04:53Z,ci.yml,fbe42589b828be246359a97b602fc4bd9badfcd1,a6d120d0429436940bc9104e315ef4613cf3979d,3
django-oscar/django-oscar,2020-12-04T10:04:03Z,test.yml,a11bd4d5d1a09ca353c46d6e4d330185152d7abb,806ef2e65ccea1ad9edfd361a1663d992ddb9f50,2
bytedance/fedlearner,2020-12-04T10:42:39Z,ci.yaml,2c9abbbf6bbeda85951f5a291c0e90150b298fbb,2c9abbbf6bbeda85951f5a291c0e90150b298fbb,1
litex-hub/linux-on-litex-vexriscv,2020-12-17T18:16:32Z,ci.yml,9e306358370ba75df97b398a3654c6f53ceb4140,9e306358370ba75df97b398a3654c6f53ceb4140,1
openwisp/openwisp-users,2021-01-21T15:24:44Z,ci.yml,0251808cb13c449093f57bd934d02e32e1f2c00a,0251808cb13c449093f57bd934d02e32e1f2c00a,1
litex-hub/litex-boards,2020-11-24T13:01:23Z,ci.yml,b9d9af318363a3ee60f3f94d939a7226f3ada842,b9d9af318363a3ee60f3f94d939a7226f3ada842,1
codezonediitj/pydatastructs,2021-11-09T06:22:13Z,ci.yml,2a89817f2161bfbede0843599e3e1392f8ae3e4f,2a89817f2161bfbede0843599e3e1392f8ae3e4f,1
projectcaluma/caluma,2020-11-27T09:40:28Z,tests.yml,f97e1a6ebbfad53da362b720747083e7b4b09de1,5f5ab482033114a8188a80fe68df31922f694c0b,2
armmbed/mbed-tools,2021-09-21T11:12:48Z,main.yml,b0e47e5134d9fe675e031b634a9c3d9710d8836b,b0e47e5134d9fe675e031b634a9c3d9710d8836b,1
red-hat-storage/cephci,2020-11-25T16:38:27Z,tests.yml,a6acdb91b6c04929637d360321c07a7eaccb8b7d,a6acdb91b6c04929637d360321c07a7eaccb8b7d,1
fizzadar/pyinfra,2020-11-12T08:32:31Z,codeql-analysis.yml,7563d4689d8b5501c51c0a7704398f73bc392b75,8802e52ece44086453df86aca1979b4cf1e29fbb,4
jonathan-s/django-sockpuppet,2020-12-25T09:46:59Z,build.yml,bdb97a6a37d25f5e67fb3b1afbb80a16ec84289c,bdb97a6a37d25f5e67fb3b1afbb80a16ec84289c,1
cyberbotics/urdf2webots,2021-03-22T11:48:11Z,test.yml,5c1a26218ff91cea7532631a1fbe77418365040f,5c1a26218ff91cea7532631a1fbe77418365040f,1
lukapecnik/niaaml,2022-02-26T13:27:55Z,main.yml,1b907caf56d2a861a55efd5c05082334ce5dd026,1b907caf56d2a861a55efd5c05082334ce5dd026,9
thecourseforum/thecourseforum2,2021-02-02T20:21:51Z,continuous-integration.yml,e675900b22088026cecb3f30b4c2d186e24a7db6,a6340a1ed3aa27755f1f7d0a528b54107d7c63e5,9
rare-technologies/gensim,2021-01-30T06:17:29Z,tests.yml,01cffc4cbce00236a35efd88a422c99d69fec099,cec8974667773ef4d34cc26f6a0d8e2b6010a645,2
nextstrain/ncov,2022-04-28T20:05:14Z,ci.yaml,0c1ae05f17f5345f78c30a4a72f21cfc02c552d3,035f2161a506c707927039b97fde2e1e3142e833,2
gpodder/gpodder,2021-07-30T00:36:48Z,linttest.yml,b1a8264a9429426f0dd88679afd8354e54d7db2c,b1a8264a9429426f0dd88679afd8354e54d7db2c,1
mackorone/spotify-playlist-archive,2021-03-27T21:46:53Z,main.yml,5d6f4818f76823b22e7422a38d463602bf74a56b,5d6f4818f76823b22e7422a38d463602bf74a56b,1
tribe29/checkmk,2021-07-27T11:59:29Z,pr.yaml,9a0d90fbb926700b87d0d491a91ec2806a8df0d6,9a0d90fbb926700b87d0d491a91ec2806a8df0d6,1
ladybug-tools/ladybug,2020-12-04T00:11:59Z,ci.yaml,b28f306cfb76ae784862faf93386fb87486f463b,b28f306cfb76ae784862faf93386fb87486f463b,1
thealgorithms/python,2020-11-19T16:31:31Z,build.yml,b9b7fffcc2d3f80409269e2e2c1ba78c58ebcdbe,3fdbf9741dd910a78f3d614771d26c3dda3527fd,3
snakyeyes/ade-scheduler,2021-09-12T16:13:06Z,ci.yml,f94ffc4ec8a76df1cba1ad81866a421fd265c74b,f94ffc4ec8a76df1cba1ad81866a421fd265c74b,1
iamdefinitelyahuman/eth-event,2020-05-30T10:57:50Z,main.yaml,a120127e2921781534dd947e08029d384b6eac1a,a120127e2921781534dd947e08029d384b6eac1a,1
mbraak/django-mptt-admin,2020-11-18T09:44:48Z,ci.yml,1a71dbfe8b000b00d119f0944e4bf58a57c0d188,1a71dbfe8b000b00d119f0944e4bf58a57c0d188,1
babybuddy/babybuddy,2021-05-20T04:12:03Z,ci.yml,c8e1fee3e40776940f478fdbdd3f4b431bee2188,c8e1fee3e40776940f478fdbdd3f4b431bee2188,1
dearrude/osm-detective,2021-04-02T00:39:51Z,docker.yml,637ac0f7c73414830687b8eec6dbe9c05fd887ec,637ac0f7c73414830687b8eec6dbe9c05fd887ec,1
tum-pbs/phiflow,2021-02-25T11:34:21Z,unit-tests.yml,6423fe0b027f25d03c561336ffcea342b100a637,7469ea3fdd2289c8f9785cd47c653eb282131d11,4
khronosgroup/opencl-docs,2024-03-26T16:06:56Z,presubmit.yml,ce502ecc7dbf4cd2c5c271e74cb14c86bfaa587d,ce502ecc7dbf4cd2c5c271e74cb14c86bfaa587d,1
smarr/pysom,2021-05-25T22:26:10Z,ci.yml,897c46a96f7c6bad7382431095d917978837f9d0,4d222e6405eaf42eb8faf5e9a3b7676ac574f3ea,4
thealgorithms/algorithms-keeper,2020-10-29T02:28:54Z,ci.yml,e382e3afd4e3f0e9b9d69f51629726779b7253c2,4fd477e5fdab788f81601d2b25170148065eb5f5,5
jwodder/wheelodex,2020-11-22T23:51:27Z,test.yml,8c1ea461bdbdb24cb10ffb1742f2e5f2ee27918a,648a99ef2343507eaccf7776cbfa0bc4f1d2c1e6,2
jwodder/pypi-simple,2020-11-22T23:15:01Z,test.yml,42b687a993a6a74864aa129fd9959309b7c53dd9,42b687a993a6a74864aa129fd9959309b7c53dd9,1
flameeyes/usbmon-tools,2021-04-23T22:26:02Z,pytest.yml,bebe07e0a32ec9240bf07e0ed0ae3bdbb6e5d9dc,f1f3409b505e57a220ad19041b473cdd9ff5fc20,2
salilab/pmi,2020-12-17T06:06:42Z,build.yml,63af3515f363dc319d620b5a71f19a2b962b62cb,5e56ac534d9a92c4d0ab0ef4490f4fa114c50b93,6
bearle/django_private_chat2,2021-12-23T17:20:34Z,test.yml,20c1f06b5f20970ac12dd4ff3d7638b840d3e27a,20c1f06b5f20970ac12dd4ff3d7638b840d3e27a,1
jack1142/jackcogs,2020-01-14T18:09:38Z,black.yaml,86b119678a73f46d08e74ff265d96a479466108b,e80408a14450887bf273948c108c4240e6195d84,4
rix1337/feedcrawler,2021-09-07T13:59:21Z,TestRun.yml,8b6283766ff6bce6cd31b9046fff37da173bc4a3,8b6283766ff6bce6cd31b9046fff37da173bc4a3,1
wolkabout/wolkconnect-python,2021-04-20T07:39:42Z,tests-and-coverage.yml,11412e3f88911170f587b5e857d07ab41c8f52b5,11412e3f88911170f587b5e857d07ab41c8f52b5,1
bihealth/sodar-core,2021-01-12T10:46:16Z,build.yml,9914963d7c44f9412afb5b8c5f587800c1b7c61c,9914963d7c44f9412afb5b8c5f587800c1b7c61c,1
janluke/cloup,2021-02-10T17:44:51Z,tests.yaml,9302e02190445370e0ecc5c5f838e0dadaff5afd,9302e02190445370e0ecc5c5f838e0dadaff5afd,1
deltares/xmipy,2020-06-23T12:00:42Z,CI.yml,549c89e6c392efdfe8db4347288db1f9a03213c0,c0a25b87ea5ed55d6d7f93aa9849509e4534689e,2
eshaan7/django-rest-durin,2020-12-18T13:55:42Z,test.yml,aefbf6e0aaca581dde10594cc24f1818505ef8f9,aefbf6e0aaca581dde10594cc24f1818505ef8f9,1
skalenetwork/validator-cli,2020-02-26T16:30:10Z,publish.yml,add45e2ac82476af7fae43477f41e69f543bea91,add45e2ac82476af7fae43477f41e69f543bea91,14
radiocosmology/driftscan,2021-01-07T18:51:55Z,main.yml,1cec781e15de19c49037333af9b3f36726cb5979,f09d19e23a6abb3c612a34b6dcfabcd27a0af940,2
pysys-test/pysys-test,2021-04-26T21:23:02Z,pysys-test.yml,776456ccbe676697ed239433788e114d25f99191,776456ccbe676697ed239433788e114d25f99191,31
onecommons/unfurl,2021-08-21T13:30:34Z,unit_test.yml,cf33f2b698fcb61c96279e879b8ead0ace496d45,cf33f2b698fcb61c96279e879b8ead0ace496d45,1
jsonzilla/vtt-to-srt.py,2022-05-01T23:13:07Z,python-package.yml,cf80b68d38c4e4e6938372580e22176486a71adc,cf80b68d38c4e4e6938372580e22176486a71adc,1
qgallouedec/panda-gym,2021-03-13T08:15:56Z,build.yml,df497b04d6334a6db7f9f9e0631424c293029ceb,df497b04d6334a6db7f9f9e0631424c293029ceb,3
rodrigo-arenas/sklearn-genetic-opt,2021-06-02T17:03:07Z,ci-tests.yml,986b280f38402e4acd223413e82e1a09b1e3ab41,986b280f38402e4acd223413e82e1a09b1e3ab41,2
jwcook/naturtag,2020-11-29T20:27:34Z,build.yml,7bfdb31c2c0f5ef79ce6043a231838008e9c5b56,dcd51e0f2ecfba0bd8ca7f020d19a4522ab5ce08,5
ladybug-tools/ladybug-comfort,2020-12-03T22:28:25Z,ci.yaml,a397aff1a37213220729d72674bd3b62f898a2c6,a397aff1a37213220729d72674bd3b62f898a2c6,1
ebi-metagenomics/emg-toolkit,2021-07-23T11:07:03Z,test.yaml,8b881f1940afc7c82fdd4e582a6005ab869b9c75,8b881f1940afc7c82fdd4e582a6005ab869b9c75,1
m3t0r/tpl,2021-04-21T00:07:58Z,tests.yaml,3d2817d947c2d5302e4de5acbf551a0d5ba7595a,3d2817d947c2d5302e4de5acbf551a0d5ba7595a,1
oe-fet/keithleygui,2020-09-25T10:01:32Z,python-publish.yml,932f7b750605c705c71a20ba87cb78eca29d77cb,932f7b750605c705c71a20ba87cb78eca29d77cb,1
googlecloudplatform/click-to-deploy,2020-12-02T01:35:46Z,ci-tests.yaml,bcc713f3a7d5c37ae008805eed0aa55355e791da,bcc713f3a7d5c37ae008805eed0aa55355e791da,1
keitaroinc/ckanext-saml2auth,2021-01-16T09:42:56Z,pr_checks.yml,440a984932fde3e33a2e7d8753d862b2f953fb90,77c333e52aaec7d5cc38432c63267e9ca7da70cf,5
ptrstn/deepl-translate,2021-11-25T04:52:08Z,python-package.yml,db93bdc60a0d207cbeb85ed130a0080bd74bee7c,0a062877532939ddafd1213483ef6c031adfbb87,2
suse/salt-shaptools,2021-03-01T13:27:18Z,salt-shaptools-ci.yml,79780efcb5f77c99491e6d226efae3cbd4e91393,79780efcb5f77c99491e6d226efae3cbd4e91393,1
c4pr1c3/cuc-ns,2022-12-08T05:53:56Z,gitbook.yml,ed9cf1ff92f24b6f09745b076bfc28fb87c41be0,ed9cf1ff92f24b6f09745b076bfc28fb87c41be0,1
viktorc/pararealml,2022-02-07T23:43:50Z,build.yml,df6b6cfc2a0a4e60943b33ab10e67b07bad1ef29,df6b6cfc2a0a4e60943b33ab10e67b07bad1ef29,1
jaylinski/kodi-addon-vimeo,2021-10-07T17:04:54Z,ci.yml,cabfd32897034dd203ece7bd36727fcab0391338,cabfd32897034dd203ece7bd36727fcab0391338,1
garmin/whisk,2021-02-17T14:38:59Z,main.yml,f2b561c799b2462e57aec36171c527d0fc4c4f13,f2b561c799b2462e57aec36171c527d0fc4c4f13,1
fabiocaccamo/django-redirects,2021-12-06T23:19:01Z,pythonpackage.yml,8e98eb7f26cad66cafbb1ab182eb5bec9a65ed86,427c0d0ddc8420fc02da7b6a6c67a907bfd3f32a,3
cleanlab/cleanlab,2021-11-11T21:48:53Z,ci.yml,78b35ac23abb56de8cea1237e64999a9e27cacdc,2c1ac19f82dfe5443b694fcd0a2c036470d1db7d,2
crown-commercial-service/digitalmarketplace-frameworks,2020-12-04T14:12:09Z,test.yml,1c1478a2fec30c3f490393469f9006f43e940753,1c1478a2fec30c3f490393469f9006f43e940753,1
noahp/emoji-fzf,2020-04-27T00:15:13Z,main.yml,f0f5e7c4b6b09c31700899e70d08924fc50c9e1b,f0f5e7c4b6b09c31700899e70d08924fc50c9e1b,1
eht16/pylogbeat,2021-10-24T14:41:01Z,tests.yml,15a4d2f24106ca51b743b88a5fcd37484bda2d92,e832ada46286bebc62c3ea0db92e306541f4caeb,2
giovtorres/docker-centos7-slurm,2021-11-27T00:46:48Z,build.yml,66fc05a2537fd07536e89454ef62eda0735b8378,4460f2d9d8dd70245217b357238764c410b666a9,2
posita/dyce,2021-09-17T23:43:47Z,unit-tests.yaml,332477189e190386eed81dd4e5ad8b6079af8bb4,332477189e190386eed81dd4e5ad8b6079af8bb4,1
esi-neuroscience/syncopy,2022-03-09T13:25:57Z,cov_test_workflow.yml,c40379d2d63a73e3e31f2ec9a281dc220b49950a,d3fa9bcaced759a0baacb60af4ab584911420eaa,3
flaconi/ansible-role-kops,2021-11-24T10:01:05Z,ci.yaml,f0dd72332b6aa8413db10e66f50efd37aa80051b,f0dd72332b6aa8413db10e66f50efd37aa80051b,1
kmaehashi/pypict,2021-02-24T10:32:36Z,test.yml,60f41e3d99bac9f43ae19f109fb6b367b112d4fa,1e59102603a4eea93a8246b39df3e454ffaca7ed,7
hugovk/strava-tools,2020-11-29T12:36:07Z,lint.yml,a27e76f1486a48bf536063d9074d9031f1737bee,a27e76f1486a48bf536063d9074d9031f1737bee,1
aacengineering/django-permissions-auditor,2020-12-03T16:29:35Z,ci.yml,9c67ac24ff6be950f6d1a097f5ffdd0d8e01820c,9c67ac24ff6be950f6d1a097f5ffdd0d8e01820c,1
improbable-eng/perforce-buildkite-plugin,2022-01-12T16:08:38Z,main.yml,fa763e1833d7306203a1483a9a3d3ec46842f55c,fa763e1833d7306203a1483a9a3d3ec46842f55c,1
tyleryep/stanfordkarel,2021-05-22T05:40:18Z,test.yml,de9dfc294b792d114d16a0a572ddcc6b69f2017b,de9dfc294b792d114d16a0a572ddcc6b69f2017b,1
kpetremann/mqtt-exporter,2023-01-27T18:06:14Z,ci.yml,4e6c838870cf31ee53de40eece0b60f30b139c18,4e6c838870cf31ee53de40eece0b60f30b139c18,1
thxo/cabrillo,2022-02-02T19:38:53Z,test.yml,fbbe3aa4d4af0da87d484e9968836f498caa1a66,fbbe3aa4d4af0da87d484e9968836f498caa1a66,1
samschott/maestral-cocoa,2020-02-19T19:14:29Z,ci.yml,0b062791dac04dae3b234e3356532e8240c9eac0,70e4ca38642344e525eebb2979a8f03bb2416c47,2
pohmelie/pytest-automock,2022-08-04T02:37:06Z,ci.yml,7afb54d8c1c6929b348d81000e00c9c96676815b,4482ef9177b0cbf6edd6264c8a52ff9465db2672,2
tableau/tabcmd,2022-02-11T20:00:12Z,run-tests.yml,dcd5f2c651d5f105acaa8dfa9db27a64a84f95de,dcd5f2c651d5f105acaa8dfa9db27a64a84f95de,1
arshadkazmi42/currency-symbols,2022-07-10T16:15:13Z,pytest.yml,27af1b7121f5c2c4c410b371fcfe9b1aa933bbfd,978c96aae2580b7afb81e245d633ccaed0f17726,3
jwodder/qypi,2020-11-22T23:21:50Z,test.yml,e84df340be87a9a3319443f4d961da2c50046c23,ac323dfb448716e4cfe3a46ee2e064d7ff1ef73d,2
gnikit/fortls,2021-12-13T02:53:06Z,main.yml,01287111776de4d8e025ade808502eec243a1f1d,b2b3a5a906e4c9aba007d83b35ae2e5ad247cadd,2
spec-first/connexion,2021-06-10T12:19:28Z,pipeline.yml,f72fbc4d257e75925af4b962132db7ea664efa01,f72fbc4d257e75925af4b962132db7ea664efa01,1
plasticuproject/nvd_api,2022-01-31T14:00:38Z,tests.yml,a4fd1f4ab236a658dfbd8145813b17bbba6b0fe9,443f112b960babbbbe2298c6bd4908eed55a9f75,3
sjvrijn/mf2,2023-02-03T00:35:10Z,tests.yml,d281c557ecf6ab5c3528c8943482fe5f6c02ddd1,d281c557ecf6ab5c3528c8943482fe5f6c02ddd1,1
kiwitcms/tenants,2021-09-02T08:26:01Z,testing.yml,c46365ed899855ff50fe3cde6c5056cb093a288c,c46365ed899855ff50fe3cde6c5056cb093a288c,1
ladybug-tools/honeybee-schema,2020-12-04T02:10:42Z,ci.yaml,880e74b394412ff34e94a447b84008831e77aea0,fab9816c696eb7fda557208b2b10b8c8939db6bd,3
dscorbett/duployan-font,2020-11-14T19:36:01Z,test.yml,bf213bc62eccdb91958b44d7c18d786cc46b3ca5,7b8c3c59eed9debef537d0284ef9631d40c724d5,3
odonto/odonto,2022-09-05T20:32:22Z,build.yml,38f23fd12035627da63e70a4df802a7fe2028c55,21099d9d00e5ea9bbfbbcc3179b28823fdf49b9c,6
nautobot/nautobot-plugin-circuit-maintenance,2021-09-15T09:31:17Z,ci.yml,1a2a68f293ec800a325584c48e6602c59441ae72,6cb408b8f38a680638b8fb52932c17fd751acbe5,6
geany/www.geany.org,2021-10-09T08:26:37Z,linting.yml,c07935a903c2c640b10a7cf08a09041a00231162,c07935a903c2c640b10a7cf08a09041a00231162,1
adfinis/document-merge-service,2020-12-21T12:33:03Z,tests.yml,e6d9d16348c081cf5c1f7938816f6d5b67b27688,b6e50326c87017b748dfd5f73313260186f589d8,2
pyar/asoc_members,2021-05-23T22:34:08Z,tests.yaml,ae0f5072415f853e33bb6ed6d74af2e142a49879,c4a17932aac55c7d08fa4b2ee2dcb82554e096ae,4
jwodder/permutation,2020-11-22T23:06:24Z,test.yml,0567a7eff19e6eedba23841d7ff38275ddd898f9,21c92c9280908d588b64da95ea8c4308edadd5b5,4
jwodder/wheel-filename,2020-11-22T23:30:15Z,test.yml,fd97a7b02d88ce2f7e9ac8b50f5bb2032df432a1,fd97a7b02d88ce2f7e9ac8b50f5bb2032df432a1,1
beatonma/django-wm,2022-01-27T14:49:04Z,runtests.yml,0319e4f9ca4e972dbadc3ab9410cca99ce4f61ad,4f2d0009d167892e8485ee0656f161a3856b7263,3
engineervix/readme-coverage-badger,2021-08-06T20:45:54Z,main.yml,ba1b1fb39deb71575b8e178189a509e5fde59b2c,2a2b446ef756edc0f8ea1d6a0ee9803c77b28174,2
arska/python-daikinapi,2021-09-25T22:17:24Z,main.yml,309b45ed7df0c46beb45a79b33e10a5aa1d1d913,555b9e1a380da353ce950825aee0f60dd98dabec,3
ilcardella/tradingbot,2020-07-26T18:23:19Z,build.yml,8af0f5b5bcc991a75c4fd89c516907613e082a79,cf08af90edee3cfebb0047e67b6433547f0d0add,5
qubekit/qubekit,2021-02-22T16:20:55Z,CI.yaml,7f91ac62c66e26204db69dfd4f5a6fc7ae1df736,7f91ac62c66e26204db69dfd4f5a6fc7ae1df736,1
jamescooke/factory_djoy,2021-03-06T11:59:25Z,build.yml,9f357641368a78504235b92e743c3f3d1685d018,9f357641368a78504235b92e743c3f3d1685d018,1
flameeyes/glucometerutils,2021-05-16T22:34:40Z,pytest.yml,4111470f352e4dba11caff701920d4551bf52de9,4111470f352e4dba11caff701920d4551bf52de9,1
biomedsciai/causallib,2022-12-21T14:50:57Z,build.yml,cbec306a71145452ca36c936025400f31c7b07b7,cbec306a71145452ca36c936025400f31c7b07b7,1
awslabs/aws-deployment-framework,2022-08-11T14:46:27Z,adf.yml,c431579c570f79b294a67b10c892d75e0b875a25,c431579c570f79b294a67b10c892d75e0b875a25,1
openzim/zimfarm,2020-01-18T19:44:18Z,ci.yml,57b80a6555ffff2897914487ef18900c718db29c,57b80a6555ffff2897914487ef18900c718db29c,1
dkorytkin/pytest-sherlock,2021-11-18T08:16:08Z,main.yml,5c7534076b622debd985239b8f4adea1b91f1497,5c7534076b622debd985239b8f4adea1b91f1497,3
small-bodies-node/pds4_tools,2021-11-05T04:35:05Z,all.yml,3d833575b1fe0e0ac35c6e4ecbda1630b884df55,3d833575b1fe0e0ac35c6e4ecbda1630b884df55,1
bachya/aioambient,2019-11-12T22:57:52Z,ci.yaml,df625c5402ff47893c463160623dc6f68ae7f6f2,a77838fe7f1a7005fc0cf796d17e9e5842731856,3
bachya/regenmaschine,2019-11-13T05:25:50Z,ci.yaml,c40de6a08a1b6ee4d8452a8867940902dbfce9d9,c40de6a08a1b6ee4d8452a8867940902dbfce9d9,1
netflix-skunkworks/service-capacity-modeling,2021-09-03T19:51:07Z,python-build.yml,41aaed048ef8f4fc74d00d1d9f3e610fa6e58ae6,41aaed048ef8f4fc74d00d1d9f3e610fa6e58ae6,1
dassh-dev/dassh,2022-03-25T16:18:04Z,ci.yml,9ac319866ce449f63b2a66eb84bf72b369b25b8c,9ac319866ce449f63b2a66eb84bf72b369b25b8c,1
geoscienceaustralia/tcrm,2021-11-03T00:50:06Z,tcrm-pylint.yml,6598a5907685f0b5fdfb9e8bc115ae3d285fd73f,6598a5907685f0b5fdfb9e8bc115ae3d285fd73f,1
urbanopt/modelica-builder,2021-02-15T21:50:12Z,ci.yml,0cc1ea8a835086aaa8acf4656976fcf477ed7bdc,b7c03a4d5c99bb6e1d0bc970d1b1bbf4946d78a1,2
reactionmechanismgenerator/t3,2021-02-19T07:31:47Z,cont_int.yml,ae50656d92cf88c1cb2a9c88bc35ac80613509f5,59a5829d44e62c296e9961024d8cabf166ffcc8b,2
astropy/asdf-astropy,2021-01-22T21:58:43Z,asdf_astropy_ci.yml,3976783218589a3b23750e1d25116cc22a6f02c0,3976783218589a3b23750e1d25116cc22a6f02c0,2
mitodl/mitxpro,2020-12-08T07:41:46Z,ci.yml,5a68de21cebde8f5bdeb787d3d80fe7f402f6bbb,401eedca82dacc6144b576f95bd043b4a16a43c9,5
liqd/a4-opin,2021-06-30T13:43:20Z,django.yml,10baac903ee72d43885b1ffa42353e0126f37d02,10baac903ee72d43885b1ffa42353e0126f37d02,1
spine-generic/data-multi-subject,2020-12-02T19:19:45Z,python-app.yml,448eba7bc843cef0f910437d0933135131fb2aae,8957ede9f13d7bd750a845a764a6b4086adf29a2,2
exoclim/aeolus,2020-11-26T21:45:24Z,docs.yml,9462a002e91f14c2f74e10697e01412beb46dc7e,34fd7f02897f447a3c75048637a2c9df2603155d,2
sap/cloud-pysec,2023-07-17T06:19:35Z,main.yml,e8177fea7aac22a9d298d4f0ca82a24312f6a5f2,77c82169ad0e04b60dc74447a2f11267b05b37ec,2
hukkin/typenv,2020-12-10T15:57:23Z,tests.yml,3f2f31c91f00cba31fa8e3a8928d4615674eab13,3f2f31c91f00cba31fa8e3a8928d4615674eab13,1
alex/cryptography,2020-11-11T20:27:57Z,build_openssl.sh,23ce5638fdd6cd04ec982e7feec3140c474a9cef,23ce5638fdd6cd04ec982e7feec3140c474a9cef,1
kostyaesmukov/synctogit,2020-12-20T19:13:49Z,ci.yml,4fb4d8b7cd0e0add782d7263f7e2ece3a45231d1,4fb4d8b7cd0e0add782d7263f7e2ece3a45231d1,1
linz/linz-data-importer,2020-10-08T14:53:12Z,ci.yml,1b913bda8fbc48acac820d3b482991f499bd767f,1b913bda8fbc48acac820d3b482991f499bd767f,1
bachya/pyiqvia,2019-11-13T05:00:41Z,ci.yaml,538e9ac62e71747fb88d74183cf125b7bcb3c98c,538e9ac62e71747fb88d74183cf125b7bcb3c98c,1
filips123/contenthashpy,2023-06-23T15:56:34Z,main.yml,0100195cb2ee65085710ecc729f060a5b8fab43c,7d7feb05f1a1410124894c95d7f1a6315e714149,4
linode/docs,2021-01-05T15:27:40Z,test.yaml,d1a86b70dc2991234bd42cc3208845a83e684d7b,7dda7d99fa3a53e9c08ef970ee87d695829bd239,2
pywbem/pywbemtools,2020-11-16T09:19:12Z,test.yml,1c7ef7e0614ae7439d5ae780ec1269af8f8cc38f,a469f5fbad265695edda1f0831153f71085ce4e2,2
serhii73/ukrdict,2019-10-05T22:03:33Z,pythonapp.yml,cc04f65a0dd600da1ddbcdcdbf3b8384fdb85632,cc04f65a0dd600da1ddbcdcdbf3b8384fdb85632,1
bachya/pyairvisual,2019-11-13T04:50:29Z,ci.yaml,63aafc0a948d1e6983a7ee8d77a78e7a3ee75859,63aafc0a948d1e6983a7ee8d77a78e7a3ee75859,1
rdb/panda3d-thirdparty,2022-02-05T21:58:53Z,ci.yml,654c5c3e09de346cfd0314884160c5dcbfe860b1,3221b30ab1c518335225a14d59f8d9c1de17f425,5
lxndrblz/forensicsim,2024-01-06T18:39:28Z,release.yaml,d275807987d2bfb9421ff9c345066da8ed81f62a,b99b19269a7e50eb98ffba9e717ef531c2b753d5,17
uc-cdis/sheepdog,2023-09-15T21:01:49Z,ci.yaml,5b5c6b9c93a1ffd61bd4e6a17f78fcdb264d2d3f,5b5c6b9c93a1ffd61bd4e6a17f78fcdb264d2d3f,11
efabless/OpenLane,2021-04-28T17:50:40Z,auto-pr-cid-latest.yml,87a711e3c3f95197b00c5f1c6d7feb6e08f23383,87a711e3c3f95197b00c5f1c6d7feb6e08f23383,3
SUSE/osc-tiny,2021-09-21T14:37:57Z,default.yml,c72d139cf3cc135fb935f99a085dca6fb6e4eb00,a1ec7de6633a3067b0d2b3706efcab99e091720f,4
JacobsAlumni/MemberManagement,2020-08-30T14:52:14Z,main.yml,180f3f87f448e02fc115c844f0f33773ecc5648b,180f3f87f448e02fc115c844f0f33773ecc5648b,1
nautobot/nautobot-plugin-capacity-metrics,2021-09-15T20:47:12Z,ci.yml,ef5043f6026fb63dcc26107cca580ad5af1da6b8,442cbe60d0b89d2ba870ad7a4329b6e7619f4d63,4
ipregistry/ipregistry-python,2020-07-05T15:14:31Z,test.yml,deb93d8d94db76477b04e9f57b2d2785e2d345f0,deb93d8d94db76477b04e9f57b2d2785e2d345f0,1
thegrill/grill,2023-02-28T09:18:53Z,python-package.yml,5457e7d359a53d70e150d210ba69248725fe00c2,5457e7d359a53d70e150d210ba69248725fe00c2,1
tianluyuan/sphere,2022-01-25T02:24:30Z,python-app.yml,b0811db9346935973476502139e2a6f262d9f6ca,176f9eb423361dc5205d79f58c0325c3fdf34298,6
em92/quakelive-local-ratings,2023-12-16T10:57:44Z,build.yml,dc566b9be55dcfbabe61c787b1181b3179010163,64071d51bcaf7481a40f13c7bd879d84cf279e9d,2
simonsobs/socs,2020-08-12T18:32:46Z,develop.yml,b9c80a72c7cf3dda379c01d2629066416a28f867,b9c80a72c7cf3dda379c01d2629066416a28f867,2
enjoy-digital/litepcie,2020-11-24T12:52:45Z,ci.yml,6ce80b4e41f7d9a24675a1196be109f55115868b,6ce80b4e41f7d9a24675a1196be109f55115868b,1
TylerYep/ai-toolkit,2021-05-22T06:15:27Z,test.yml,fd42697ea9c46d4ff8c079ff19ef6d956ad24a83,fd42697ea9c46d4ff8c079ff19ef6d956ad24a83,1
mlaitinen/ofxstatement-revolut,2021-10-10T10:28:21Z,python-app.yml,b1030b558dbf791582080c3e3e70710c56f1ee6b,af78ce0fb35e06149f80377464ad51b866fa94c2,2
SiLab-Bonn/irrad_spectroscopy,2022-02-07T22:07:24Z,main.yml,52ab67d8c2e69266c5c4ffdc7f8a009d777a41c0,52ab67d8c2e69266c5c4ffdc7f8a009d777a41c0,1
spacetelescope/crds,2020-12-28T16:46:32Z,ci.yml,84ce0632da8fd8723df2efe8fd9c57451d599b4a,84ce0632da8fd8723df2efe8fd9c57451d599b4a,1
OpenSimulationInterface/osi-validation,2024-01-16T13:42:38Z,ci.yml,f2a0b8bd8b2f4f2dc65cfe9d9f3aa96f1d6bf30b,f2a0b8bd8b2f4f2dc65cfe9d9f3aa96f1d6bf30b,1
nirs/pytest-threadleak,2022-01-11T17:44:49Z,run-tests.yml,6020e849bfbeb410bc57c12b53cdd2f16eaf635b,20a6fabb16665e92aab9e54d618c733d3a1f60e2,2
mrworf/iceshelf,2024-04-21T20:26:23Z,python-app.yml,f1a69b55fe8e84245c136ff40fc047e0f5abf5d9,f1a69b55fe8e84245c136ff40fc047e0f5abf5d9,2
thomaswaldmann/py-esp32-ulp,2021-08-01T12:18:16Z,run_tests.yaml,7ea24ffb16b35f78e41826a79d54371b0d9b10c6,69ae94696bc9b4334a7934fdb8bd5d744df8a769,3
zh217/aiochan,2022-05-15T09:48:01Z,python-package.yml,117173f76b87b7e69ef6c5ff058ca46f23174d87,117173f76b87b7e69ef6c5ff058ca46f23174d87,1
sphinx-contrib/apidoc,2023-09-04T09:26:33Z,ci.yaml,31d2857ab604dcd351a1e6f7e9b88fc3975969b5,d0505e0cb621f5dc9ed343fc71bb821f3d01e8b7,4
makerdao/market-maker-stats,2021-10-11T12:53:03Z,tests.yaml,16b2f027e47b32a6c178450f4699fad723ddbc79,16b2f027e47b32a6c178450f4699fad723ddbc79,1
fetzerch/kasserver,2022-08-03T21:28:36Z,check.yml,3be78220d825481aecaef903e181e8c5a1634d7c,3be78220d825481aecaef903e181e8c5a1634d7c,1
uber/uber-poet,2021-05-11T18:35:20Z,python-app.yml,f90f8a5792d4addc1bba54cfe3a2cead18799e33,f90f8a5792d4addc1bba54cfe3a2cead18799e33,1
python/cherry-picker,2021-11-10T16:35:41Z,main.yml,3d5310735a792e5298d7d587f3dd3a29b17d3d26,3d5310735a792e5298d7d587f3dd3a29b17d3d26,1
enthought/sat-solver,2022-11-21T11:37:26Z,run-tests.yml,50e00f349858091073f7d61ca2853e8dfa4200f4,50e00f349858091073f7d61ca2853e8dfa4200f4,1
montrealcorpustools/polyglotdb,2024-08-26T15:59:53Z,pytest.yml,979dd610add770ac6a545d0f390563b23e1a779d,75bbdbcfe2eb5f5edb81707c62434b433582c95c,3
johnfraney/flake8-markdown,2023-09-04T15:46:58Z,github-actions-nox.yml,3bd385507c60ddc364c4fdd624f5a05fa6eba12f,3bd385507c60ddc364c4fdd624f5a05fa6eba12f,1
1024jp/lenscalibrator,2019-11-18T08:30:00Z,Test.yml,0aa75590a241cd29538012bb5a2a075c03ad4017,0aa75590a241cd29538012bb5a2a075c03ad4017,1
sublimelinter/sublimelinter-flow,2019-11-08T16:18:16Z,flake8.yml,7c58e58e2e1ed1316df9658fbe531fc211200852,7c58e58e2e1ed1316df9658fbe531fc211200852,1
oseiskar/simdkalman,2021-08-05T16:13:17Z,build-and-test.yml,003e39d3188585206fd9cbad00fc5237071cbe68,003e39d3188585206fd9cbad00fc5237071cbe68,1
whitespy/django-node-assets,2023-06-07T19:33:11Z,code_quality_check.yml,786e3621229a91049bbaf78ec2246996b929d468,786e3621229a91049bbaf78ec2246996b929d468,1
ecometrica/django-vinaigrette,2022-09-02T20:41:41Z,testing.yml,eac402d836b61d693d8af0379ca591f0232005d5,4686f00f98c2e73650173470d63ef02163f05b3a,2
jaidevd/numerizer,2024-09-26T08:21:34Z,python-app.yml,4c56149995f22710cda58aabfa1720aab95406a2,4c56149995f22710cda58aabfa1720aab95406a2,1
asyncio-docs/asyncio-doc,2021-05-07T04:52:10Z,ci.yml,f5ad9fe614fd32719a85b0b06140ae2c133b8ab1,f5ad9fe614fd32719a85b0b06140ae2c133b8ab1,1
vintasoftware/tapioca-wrapper,2023-06-02T18:57:15Z,tests.yml,6db86f0d3afb648729a36f5ed6bf8538f5b89319,41746394d704e932a0579dfdac67cdca8651794f,3
python/mypy_extensions,2023-07-07T20:00:23Z,test.yml,b166486aeb995b60aff53272a724ee254ee646d1,b166486aeb995b60aff53272a724ee254ee646d1,1
tigge/fit-to-tcx,2020-12-20T18:23:54Z,test.yml,03756f42ff42891881d770eaa1b2ae183eaac7ec,fe6b065dafbe9c67cce0719a4652d4db8e6732b8,2
pycontribs/pyrax,2021-04-06T01:33:51Z,main.yml,635a01433de8e67ca8258857e84ad21c255d3b87,635a01433de8e67ca8258857e84ad21c255d3b87,1
click-contrib/click_params,2021-05-16T19:53:44Z,ci.yml,5dcd414b9dc819f14f6a370bc198d381ff305ff0,5dcd414b9dc819f14f6a370bc198d381ff305ff0,1
quantling/pyndl,2022-08-11T10:08:07Z,python-test.yml,a47618c8b35c3a13603adf9d1e040db1f09a1bcf,a47618c8b35c3a13603adf9d1e040db1f09a1bcf,1
jupyterlab/pytest-check-links,2020-11-06T22:11:52Z,tests.yml,2fdef4efea54a4ca147bd7c6b0f185f00a674af6,66ba680a9ff354a988cc82d612c9ad3dc467b331,2
nautobot/pynautobot,2022-05-02T14:18:35Z,ci.yml,0d7a17c8d61b2a5a53b3f507580096f976e64448,0d7a17c8d61b2a5a53b3f507580096f976e64448,1
python/pythoncapi-compat,2021-03-25T19:27:00Z,build.yml,8ae53ae884a13c2596d3415172fe4413ebaf745d,62600048b5a7afcb63c5df8a5b457f3731aca960,3
modoboa/modoboa-sievefilters,2022-04-29T12:49:48Z,plugin.yml,f13d1f498c675fe4c2a2cc8cac6123b9f0e7cf6c,05ac065e2e782f358a7db429501d7c219e842214,2
adbar/courlan,2021-07-28T15:12:15Z,tests.yml,8f60d58d33ea4f4f252d0f1c760b616d26236463,8f60d58d33ea4f4f252d0f1c760b616d26236463,1
iqbal-lab-org/minos,2021-12-17T14:00:15Z,build.yaml,f219ea4ad6af737749591e92dd3c15b862cf8128,f219ea4ad6af737749591e92dd3c15b862cf8128,1
auto-pi-lot/autopilot,2024-07-09T22:11:07Z,tests.yml,de03e456bcaf58b5b27dca817030507bc447961a,17d668f9d7b64c60fd57f911e7d9df2c87ad2a1c,5
yeti-platform/tibetanbrownbear,2022-07-11T09:52:02Z,unittests.yml,55fae5886f96ffea6a1f932ea94a6d3e30380a59,995ed8aab283e2d11a924523ccd1bf80a782d324,2
mitodl/open-discussions,2020-11-02T17:50:38Z,ci.yml,079d0f63732decde30c00546cd6cf04c173f4658,cc3d9291c5204ec34f9dfea947c52bc643a2ce55,2
cesnet/libyang-python,2020-07-01T17:30:32Z,main.yml,5d4dcd1f9905e70bfdb872afacc6d58174472cd3,73922fbd024653afbf9eb24cdb60d9c2f22f317f,2
capytaine/capytaine,2022-09-19T10:12:28Z,tests.yaml,bcc5b290d15c337e345bbd15e1548db638c5b9fd,69caa373a08b296c7a6776cb214d9fe6513890ce,2
apamacommunity/apama-log-analyzer,2022-01-06T20:41:22Z,test.yml,5f6e72ee300f36197e660af2bdd6117f31c687f7,62118bdd297211838f68373cb7c7eb0e33ff002f,2
sphinx-contrib/images,2021-04-17T23:01:57Z,ci.yml,7f1272b9b75a963ba5df5e84284a42e01c86e65a,3297a1896e2bdf92d9f281ea0aa6d10253067fd3,2
pycasbin/django-orm-adapter,2022-07-30T08:40:56Z,build.yml,1799eab6aa105e59a2df1e301b5e08602f89b5fb,1799eab6aa105e59a2df1e301b5e08602f89b5fb,1
mila-iqia/cookiecutter-pyml,2021-05-28T13:56:31Z,ci.yml,f1398501b2457af0dd0bec1beac62c5cf8352e8e,f1398501b2457af0dd0bec1beac62c5cf8352e8e,1
sciris/sciris,2020-11-30T05:18:56Z,tests.yaml,84d1c6fed4150520d8cb9e73bb11187dd226126d,84d1c6fed4150520d8cb9e73bb11187dd226126d,2
louisfaure/scfates,2021-05-04T11:21:30Z,build.yml,590bc2b686eefb166478016bf9f5a77edb561648,1b340438cab071588df28b533033f9bb1075370e,7
nexpy/nexusformat,2021-11-17T17:51:46Z,ci.yml,8f0928a3ebc5c5f663284d6463d3e1ade89a9d90,9ed0fc76f4ea1a74a538aff0c1d05eb2439cf419,2
tue-robotics/node_alive,2021-01-05T21:18:45Z,main.yml,8b56227f65aa69ff6d0cf5ee1eda953ff44dde7b,8b56227f65aa69ff6d0cf5ee1eda953ff44dde7b,1
qiskit-community/qiskit-quantinuum-provider,2021-04-30T14:34:09Z,main.yml,efa2999529539b3588ba60304d4a4bb5741dd56d,efa2999529539b3588ba60304d4a4bb5741dd56d,1
pogzyb/whodap,2022-10-03T13:01:57Z,run-build-and-test.yml,c19334d6975a74d85f4275d930950293b7f69143,c19334d6975a74d85f4275d930950293b7f69143,1
libfuse/pyfuse3,2022-05-31T17:37:02Z,test.yml,57fe1f2ebaa7096558a191c714a627a84096ea33,acf73e056724da2c1f0ff0568fa1bc7f12e4718d,5
meyt/linkpreview,2023-04-06T20:55:14Z,main.yaml,be751249ad058c49e3023a41dc8743cfec7f17f2,cdc91f35e649530dd9b630cba50a0ae0875d707b,2
jwodder/wheel-inspect,2020-11-22T23:33:35Z,test.yml,69f2cb67240a71b91872c26f566b9a9633be2cd1,69f2cb67240a71b91872c26f566b9a9633be2cd1,1
crown-commercial-service/digitalmarketplace-supplier-frontend,2020-12-01T16:17:13Z,test.yml,d1468765f5d57de0833b3068b5a78d73b5f2fb5f,4d5ec44edc60abc5d923909f161a54e5504ed97c,5
chrizzFTD/printree,2023-04-30T21:56:24Z,python-package.yml,f6eb1cedae4080035d8ff83aaef56208fc42f1bb,f6eb1cedae4080035d8ff83aaef56208fc42f1bb,1
esrg-knights/Squire,2021-10-09T14:00:12Z,run_tests.yml,a60d5feb4f56164571637afdd0726ccaccb0b7ea,a60d5feb4f56164571637afdd0726ccaccb0b7ea,1
moira-alert/moira-trigger-role,2023-04-10T09:16:00Z,run_tests.yml,0c1403ab464d5aa03b7ac5d64124ebff07cdb0cc,0c1403ab464d5aa03b7ac5d64124ebff07cdb0cc,1
rapydo/do,2020-12-13T06:32:57Z,pytests.yml,e5ae6e8a0382ce22b4519dee79580aec39b4fcfe,e5ae6e8a0382ce22b4519dee79580aec39b4fcfe,1
bbc2/shuffled,2020-10-10T14:44:42Z,main.yml,fb514d17b13b01019fa96d0b4f95638f667a5cdf,b0ec146f12e0cb824dcf96ac327f3e1b882014fb,3

