full_name,commits,releases,forks,stargazers,size,createdAt,pushedAt,updatedAt,lastCommit,fixtimes
maxcountryman/flask-bcrypt,119,0,62,318,281,2011-06-12T09:20:23,2023-11-22T07:12:39,2023-11-24T10:13:34,2022-04-05T03:58:40,0
kanboard/python-api-client,56,0,26,81,54,2016-01-23T02:37:55,2024-12-08T10:04:57,2024-12-08T10:03:59,2024-12-08T10:03:55,0
aureliojargas/replace,80,0,5,30,58,2018-03-29T04:42:11,2024-03-26T12:11:26,2024-01-30T07:53:02,2024-03-26T12:09:19,0
adafruit/adafruit_circuitpython_sd,131,38,17,37,147,2017-01-19T10:50:58,2025-01-16T07:05:28,2025-01-16T03:13:06,2025-01-16T03:13:04,0
cuducos/webassets-elm,82,0,4,36,57,2016-06-14T12:00:02,2024-11-04T03:51:50,2024-11-04T03:51:54,2024-11-04T03:51:45,0
hugovk/pixel-tools,186,0,6,29,269,2012-10-02T12:14:38,2024-12-30T06:24:56,2024-12-30T06:24:58,2024-12-30T06:24:54,0
exodus-privacy/exodus-standalone,60,2,11,67,54,2017-12-18T07:21:19,2024-03-20T06:34:04,2024-03-19T03:17:30,2024-03-20T06:34:03,0
flozz/img2gb,158,6,6,33,6592,2018-11-06T01:00:40,2025-01-14T08:38:48,2025-01-14T08:38:45,2025-01-14T08:38:41,0
gabfl/vault,90,9,50,186,1683,2017-06-23T11:47:27,2024-09-26T01:02:32,2024-09-26T01:02:35,2024-09-26T01:02:32,0
edio/randrctl,135,9,11,45,183,2014-09-07T12:12:22,2022-07-10T11:16:13,2022-07-10T11:16:17,2022-07-10T11:16:04,0
rogargon/myrecommendations,77,0,49,39,4062,2013-03-28T09:09:00,2024-03-10T09:53:43,2024-02-10T08:48:46,2024-03-10T09:53:38,
django-fluent/django-fluent-blogs,376,0,19,36,557,2012-07-04T12:16:07,2024-02-05T12:21:49,2022-06-28T02:26:19,2024-02-05T12:21:35,
soxofaan/dahuffman,82,1,14,69,81,2017-10-01T01:28:17,2024-09-09T08:02:43,2024-09-09T08:02:47,2024-09-09T08:02:34,
strongswan/strongtnc,635,0,10,21,9580,2013-07-04T08:08:54,2024-04-17T04:52:04,2023-05-31T01:55:41,2024-04-17T04:24:42,
unode/firefox_decrypt,320,0,304,2023,521,2014-01-17T01:25:02,2024-11-08T01:52:34,2024-11-08T01:52:38,2024-11-08T01:52:25,
opencivicdata/scrapers-ca,2210,0,26,30,7243,2013-05-21T12:43:31,2025-01-31T07:47:15,2025-01-31T07:47:18,2025-01-31T07:46:55,
lavr/python-emails,355,0,53,376,1583,2013-08-14T06:53:57,2024-01-10T05:56:14,2024-01-07T01:06:32,2024-01-10T05:56:01,
maykinmedia/django-timeline-logger,208,6,7,53,163,2016-06-14T12:08:51,2024-10-30T04:07:19,2024-10-30T04:06:56,2024-10-30T04:06:51,
apsl/django-yubin,331,17,29,48,539,2014-03-11T06:17:27,2024-06-21T09:31:05,2024-06-21T09:28:23,2024-06-21T09:25:24,
bittremieux/spectrum_utils,355,11,21,124,3652,2018-12-05T09:17:05,2024-04-21T03:55:08,2024-04-21T03:55:11,2024-04-21T03:55:03,
di/disposable-email-domains,137,0,8,27,193,2016-10-19T07:48:36,2020-08-08T02:12:39,2020-07-03T03:16:45,2020-07-03T03:16:41,
curiouslearner/django-phone-verify,62,0,61,259,179,2019-02-13T07:57:53,2024-10-13T08:02:23,2024-10-13T08:19:18,2023-11-18T12:25:46,
eugene-eeo/tinyrecord,117,1,11,74,70,2014-08-26T01:58:44,2022-10-22T01:36:38,2022-10-22T01:36:42,2022-10-22T01:36:38,
ab-ce/abce,1298,5,62,172,18338,2012-04-27T11:18:20,2024-01-23T12:26:39,2024-01-21T09:11:56,2024-01-22T11:41:36,
django-compressor/django-appconf,168,2,48,349,114,2011-08-22T01:03:49,2024-08-10T04:50:23,2024-08-10T04:50:27,2024-08-10T04:50:23,
ithaka/apiron,241,27,16,122,370,2018-10-01T04:38:49,2024-10-28T05:33:24,2024-10-28T05:32:06,2024-10-28T05:31:39,
carrotquest/django-clickhouse,228,10,26,103,328,2018-11-12T12:47:29,2024-01-05T10:31:07,2023-12-09T11:42:54,2024-01-05T10:31:07,
hexlet/hexlet-friends,719,0,104,69,13162,2019-08-30T03:16:16,2025-02-07T01:55:57,2025-02-07T01:56:02,2025-02-07T01:55:57,
yelp/aactivator,111,3,18,141,76,2016-05-16T11:58:05,2024-06-05T11:23:02,2024-06-05T11:23:06,2024-06-05T11:23:02,
tw4l/brunnhilde,527,37,11,76,7539,2016-01-09T05:53:20,2023-10-22T02:13:24,2023-12-14T07:37:53,2023-10-22T02:13:24,
necaris/python3-openid,2342,3,42,46,5547,2012-12-03T08:01:17,2024-11-05T04:41:28,2024-11-05T04:41:32,2024-11-05T04:41:28,
adafruit/adafruit_circuitpython_bmp280,165,40,25,36,161,2017-10-23T02:28:59,2025-01-16T06:45:42,2025-01-16T03:17:59,2025-01-16T03:17:54,
humanbrainproject/hbp-neuromorphic-client,192,1,19,41,269,2016-07-06T08:42:51,2024-01-26T08:59:03,2024-01-19T10:13:01,2024-01-26T08:59:02,
adafruit/adafruit_circuitpython_tinylora,155,37,46,44,5797,2018-11-28T10:11:44,2025-01-16T08:03:28,2025-01-16T03:12:05,2025-01-16T03:12:03,
adafruit/adafruit_circuitpython_mcp3xxx,150,28,20,40,151,2018-06-30T11:43:20,2025-01-16T06:58:03,2025-01-16T03:11:25,2025-01-16T03:11:23,
adafruit/adafruit_circuitpython_fancyled,144,33,17,34,164,2018-01-05T09:55:54,2025-01-16T07:47:14,2025-01-16T03:17:45,2025-01-16T03:17:42,
adafruit/adafruit_circuitpython_ccs811,165,32,26,34,151,2017-07-31T07:58:42,2025-01-22T05:49:08,2025-01-22T05:49:13,2025-01-22T05:49:08,
adafruit/adafruit_circuitpython_irremote,176,46,34,31,191,2017-04-12T01:00:48,2025-01-16T06:54:36,2025-01-16T03:13:59,2025-01-16T03:13:57,
edx/xqueue-watcher,139,0,35,13,196,2014-04-22T08:08:42,2021-12-02T07:27:01,2021-12-02T07:27:06,2021-12-02T07:27:01,
kvesteri/sqlalchemy-searchable,290,0,43,246,331,2012-12-18T08:37:37,2023-08-26T08:03:36,2023-08-14T08:25:25,2023-08-26T08:03:35,
azavea/django-amazon-ses,178,1,23,80,166,2016-03-22T01:29:39,2022-04-04T11:01:33,2022-04-05T11:54:58,2022-04-04T10:55:34,
kura/blackhole,981,15,8,58,5679,2012-07-23T03:47:55,2021-10-11T08:52:00,2021-10-11T08:51:11,2021-10-11T08:51:03,
maxkrivich/slowloris,123,4,38,98,288,2017-01-20T11:51:10,2025-02-01T02:15:58,2025-02-01T02:16:01,2025-02-01T02:15:54,
adafruit/adafruit_circuitpython_seesaw,330,77,36,65,293,2017-10-04T10:29:44,2025-01-16T07:05:30,2025-01-16T03:14:57,2025-01-16T03:14:55,
strongswan/strongman,468,0,39,118,5547,2016-03-15T09:48:26,2024-12-09T09:20:54,2024-12-09T09:20:58,2024-12-09T08:04:39,
pydata/patsy,584,15,104,960,2098,2012-07-10T12:30:06,2025-01-27T06:01:22,2025-01-27T06:01:26,2025-01-27T06:01:21,
citusdata/django-multitenant,297,15,116,711,620,2017-05-19T05:23:40,2024-07-09T06:57:21,2024-07-09T08:44:23,2024-04-30T12:19:32,
igordejanovic/parglare,1076,7,32,135,14120,2016-12-17T06:32:27,2024-09-13T12:06:14,2024-09-13T12:06:17,2024-09-13T12:06:01,
gabrieldemarmiesse/python-autopxd2,80,0,7,28,74,2018-03-29T06:32:26,2022-08-03T06:12:32,2022-07-14T02:53:55,2022-08-03T06:12:22,
evenicoulddoit/django-rest-framework-serializer-extensions,103,9,23,241,177,2016-12-19T04:38:27,2024-03-18T10:41:40,2024-03-08T05:00:08,2024-03-18T10:41:39,
percipient/django-allauth-2fa,270,18,26,80,188,2015-04-04T12:31:29,2020-09-23T08:18:32,2020-12-30T12:46:20,2020-09-23T08:18:31,
adafruit/adafruit_circuitpython_ble,412,77,58,130,477,2018-12-31T07:05:01,2025-01-16T07:26:52,2025-01-16T09:21:24,2025-01-16T03:17:21,
adafruit/adafruit_circuitpython_minimqtt,769,109,51,80,635,2019-06-27T04:10:40,2025-02-04T06:34:04,2025-02-04T06:34:09,2025-02-04T06:34:04,
adafruit/adafruit_circuitpython_displayio_ssd1306,138,40,24,64,112,2019-07-23T09:49:11,2025-01-16T06:49:39,2025-01-16T03:13:43,2025-01-16T03:13:41,
torchbox/wagtail-markdown,249,14,66,197,533,2015-09-14T01:42:45,2024-12-06T12:32:26,2024-12-06T12:32:25,2024-12-06T12:32:21,
bxlab/bx-python,853,20,53,145,9257,2016-05-12T04:39:43,2024-09-15T06:07:13,2024-09-15T05:39:37,2024-09-14T07:15:56,
jupyter/kernel_gateway,559,9,118,371,819,2015-09-21T03:34:11,2021-12-07T07:27:26,2021-12-07T07:27:31,2021-12-07T07:27:26,
django/django-localflavor,716,0,293,841,12139,2013-05-24T10:20:36,2025-01-02T03:26:43,2025-01-07T03:32:35,2025-01-02T03:26:42,
duecredit/duecredit,725,9,26,234,1138,2015-04-15T02:56:22,2024-06-04T08:51:50,2024-06-04T08:51:54,2024-06-04T08:51:50,
python-quantities/python-quantities,631,0,75,211,1098,2010-03-13T05:40:12,2025-02-05T04:54:35,2025-02-05T04:54:40,2025-02-05T04:54:35,
skontar/cvss,84,16,16,40,10092,2016-02-15T08:59:00,2022-06-29T12:49:17,2022-07-01T09:42:17,2022-06-29T12:49:11,
mozilla-services/python-dockerflow,146,10,22,38,422,2016-11-14T01:13:19,2024-09-11T04:48:36,2024-09-11T04:48:40,2024-09-11T04:48:35,
delgan/win32-setctime,36,7,7,41,29,2019-06-26T06:20:50,2024-12-07T03:27:45,2024-12-07T03:27:22,2024-12-07T03:27:14,
getslash/flux,95,1,2,14,67,2013-03-03T07:58:18,2024-10-04T09:17:18,2024-10-04T09:17:22,2024-10-04T09:14:40,
niwinz/django-jinja,577,8,102,361,676,2012-01-23T02:34:36,2024-05-26T06:49:36,2024-05-26T06:49:39,2024-05-26T06:49:36,
fusionbox/django-authtools,248,0,103,368,294,2013-05-20T11:19:33,2024-03-19T06:47:15,2024-02-27T08:50:50,2024-03-19T06:47:10,
ecshackweek/impedance.py,599,21,102,212,6079,2018-06-05T02:49:41,2024-09-12T03:35:41,2024-09-12T03:35:45,2024-09-12T03:35:41,
polyconseil/django-cid,195,0,17,36,170,2014-08-03T11:11:58,2024-05-14T03:55:07,2024-05-17T05:15:12,2024-05-14T03:54:47,
opencobra/optlang,708,52,53,254,10054,2013-11-21T03:53:29,2025-01-08T12:35:19,2025-01-09T07:57:16,2025-01-07T12:19:04,
gintas/django-picklefield,166,0,47,179,115,2010-11-07T11:07:58,2024-04-05T01:38:23,2024-04-06T12:53:51,2024-04-05T01:38:23,
intgr/topy,69,4,12,33,509,2014-04-09T08:39:48,2023-02-16T11:05:33,2023-02-16T10:58:29,2023-02-16T11:05:32,
packagecontrol/st_package_reviewer,194,0,3,15,394,2016-12-22T12:21:05,2024-11-22T10:33:56,2024-11-22T10:34:00,2024-11-22T10:33:54,
crccheck/django-object-actions,287,22,83,699,348,2012-10-20T06:55:21,2025-01-14T09:59:58,2025-01-15T01:46:35,2025-01-14T09:59:58,
bee-keeper/django-invitations,236,0,139,359,201,2014-11-29T11:20:24,2022-02-25T08:36:08,2022-02-27T10:20:51,2022-02-01T12:48:27,
filestack/filestack-python,417,0,20,48,8729,2017-04-25T02:30:45,2024-09-17T06:10:54,2024-09-17T06:10:58,2024-09-17T06:09:11,
pln-fing-udelar/fast-krippendorff,135,16,15,136,90,2017-09-28T03:47:34,2025-01-15T04:59:20,2025-01-15T04:59:21,2025-01-15T04:59:18,
casacore/python-casacore,687,19,22,36,1958,2014-05-06T02:08:58,2025-01-13T09:59:47,2025-01-13T09:24:56,2025-01-13T09:24:52,
grigorig/stcgal,282,9,136,594,471,2014-01-15T12:11:11,2023-11-11T10:26:05,2023-12-29T05:56:46,2023-11-11T10:26:05,
vslavik/bakefile,920,9,20,140,5344,2010-01-28T08:02:45,2024-07-13T01:11:57,2024-07-13T01:12:00,2024-07-13T01:11:52,
zyegfryed/django-statici18n,336,0,25,66,395,2012-04-02T03:05:48,2024-11-28T09:03:26,2024-11-28T08:49:47,2024-11-28T08:48:52,
colcon/colcon-ros,147,0,26,13,188,2018-02-17T04:02:17,2024-11-25T09:28:27,2024-11-25T09:28:32,2024-11-22T10:18:25,
syrusakbary/aiodataloader,62,3,37,278,66,2017-06-12T05:58:24,2025-02-12T08:31:12,2025-02-12T08:31:17,2025-02-12T08:31:12,
behave/behave-django,416,6,46,205,330,2016-03-13T02:21:55,2024-10-03T06:43:26,2024-10-03T06:41:45,2024-10-03T06:41:28,
yelp/fuzz-lightyear,226,0,27,200,551,2019-08-26T10:45:34,2024-05-09T02:42:46,2024-05-09T02:41:35,2024-05-09T02:41:31,
kapi2289/vulcan-api,314,39,17,72,374,2018-12-20T11:20:56,2025-01-14T01:19:25,2025-01-14T01:19:00,2025-01-14T01:17:53,
bloomberg/attrs-strict,101,16,23,50,136,2019-09-20T01:41:16,2024-02-27T09:44:23,2024-02-27T08:29:23,2024-02-27T09:44:22,
lucastheis/django-publications,180,0,56,104,313,2011-08-12T08:02:38,2024-10-27T11:39:39,2024-10-27T11:39:42,2024-10-27T11:39:30,
sammyfung/hk0weather,123,0,11,49,123,2013-02-13T08:05:30,2025-02-12T06:50:36,2025-02-12T06:50:39,2025-02-12T06:50:20,
adafruit/adafruit_circuitpython_midi,254,39,25,49,290,2019-01-23T10:54:35,2025-01-16T07:56:34,2025-01-16T03:16:09,2025-01-16T03:16:06,
dlilien/impdar,567,11,17,24,175213,2018-05-18T10:09:52,2024-05-27T04:29:20,2024-05-27T04:29:19,2024-05-27T04:28:58,
jerrymakesjelly/autoremove-torrents,294,19,119,680,463,2018-02-20T03:52:23,2024-05-26T02:55:25,2024-05-27T10:56:28,2024-04-27T03:29:57,
sphinx-contrib/openapi,227,0,83,114,359,2016-09-23T06:28:32,2025-01-10T12:08:22,2025-01-10T12:08:26,2025-01-10T12:08:22,
jsfehler/renpy-encyclopaedia,519,20,6,60,7354,2015-03-01T04:56:55,2025-01-19T02:58:33,2025-01-19T02:58:35,2025-01-19T02:57:46,
coreylammie/memtorch,66,7,43,125,12423,2019-10-15T01:08:38,2024-05-13T07:46:33,2024-05-13T07:50:22,2022-04-13T06:17:38,
yezyilomo/django-restql,726,44,43,619,1942,2019-04-06T09:53:41,2025-02-13T11:56:56,2025-02-13T08:18:27,2025-02-13T08:18:23,
regebro/tzlocal,321,0,58,191,274,2012-09-11T12:34:21,2025-02-13T01:37:27,2025-02-13T01:37:29,2025-02-13T01:37:23,
ricardobranco777/clean_registry,173,0,12,66,164,2017-07-26T03:54:47,2025-02-12T10:17:35,2025-02-12T10:17:39,2025-02-12T10:17:32,
pjuu/pjuu,889,0,7,56,5394,2013-07-24T09:09:59,2024-03-13T08:44:48,2023-08-18T09:49:40,2024-03-13T08:35:08,
hugovk/gutenberg-metadata,84,0,7,41,47688,2015-10-29T09:43:49,2025-01-06T09:47:57,2025-01-09T09:36:07,2025-01-06T09:47:56,
adafruit/adafruit_circuitpython_max31865,122,32,11,23,123,2017-12-01T09:37:45,2025-01-16T06:57:50,2025-01-16T03:14:28,2025-01-16T03:14:25,
jazzband/django-push-notifications,471,11,623,2297,626,2013-03-15T12:57:33,2025-02-04T01:55:56,2025-02-04T10:15:14,2025-02-04T01:55:56,
scikit-fuzzy/scikit-fuzzy,489,7,269,784,5227,2013-03-19T04:27:23,2024-08-25T08:36:04,2024-08-25T08:36:07,2024-08-25T08:36:03,
tiran/defusedxml,203,7,46,368,272,2016-02-13T02:44:57,2024-01-03T12:41:48,2024-01-06T06:18:07,2023-10-25T05:40:49,
jazzband/django-simple-menu,291,7,80,259,392,2013-02-21T08:23:23,2024-05-06T05:41:52,2024-05-10T12:53:17,2023-12-06T08:48:58,
koed00/django-q,1246,78,279,1811,1854,2015-06-14T12:37:08,2024-08-13T12:14:42,2024-08-13T04:01:17,2021-06-26T12:04:16,
pytest-dev/pytest-cov,967,0,211,1770,1097,2014-04-17T08:01:12,2024-11-25T02:37:38,2024-11-25T02:37:57,2024-11-25T02:37:38,
webrecorder/warcio,157,1,58,389,300,2017-03-06T06:17:11,2024-12-10T09:31:14,2024-12-10T09:29:39,2024-12-10T09:29:17,
decalage2/olefile,428,4,76,227,731,2016-05-11T04:10:37,2024-10-28T05:25:38,2024-10-28T05:26:03,2024-10-28T05:25:37,
opencagedata/python-opencage-geocoder,173,0,22,78,355,2014-05-20T01:38:53,2024-12-30T09:38:59,2024-12-30T09:35:28,2024-12-30T09:35:23,
adafruit/adafruit_circuitpython_hid,236,60,109,387,251,2017-02-27T12:51:36,2025-01-16T07:47:30,2025-01-16T03:18:05,2025-01-16T03:18:02,
mancellin/capytaine,909,10,38,75,1514,2017-09-16T01:11:11,2022-07-21T12:31:32,2022-07-02T01:55:34,2022-07-21T12:00:00,
kintyre/ksconf,687,141,11,46,2077,2018-04-13T02:27:16,2024-01-04T10:36:50,2023-10-13T09:49:52,2024-01-04T10:35:53,
ably/ably-python,1574,25,24,49,1788,2014-12-01T12:00:59,2025-01-14T08:33:04,2025-01-14T08:30:48,2025-01-14T08:30:43,
chaoss/grimoirelab-graal,480,91,62,24,4579,2018-05-06T11:28:38,2025-01-15T12:00:29,2025-01-15T12:00:30,2025-01-15T12:00:28,
disqus/django-bitfield,270,0,144,378,193,2010-12-28T02:07:35,2024-10-23T11:16:15,2024-10-23T11:16:19,2024-10-23T11:16:14,
petergardfjall/garminexport,103,0,80,476,139,2014-11-08T12:11:01,2024-03-25T08:22:29,2024-03-26T09:45:35,2024-01-09T12:46:53,
adafruit/adafruit_circuitpython_bno055,238,55,53,88,3101,2017-02-03T05:27:26,2025-01-16T06:45:45,2025-01-16T03:17:22,2025-01-16T03:17:19,
w3c/feedvalidator,1115,0,35,73,6752,2018-07-03T10:00:33,2024-05-23T03:06:30,2024-05-23T03:00:11,2024-05-23T03:00:07,
ebook-utils/css-parser,100,0,5,31,764,2018-12-17T05:26:18,2024-09-18T04:11:08,2024-09-18T04:11:12,2024-09-18T04:10:58,
getsentry/reload,547,0,13,11,429,2016-11-06T05:10:07,2024-08-27T05:28:36,2024-08-27T05:28:39,2024-08-27T05:28:34,
z2packdev/z2pack,937,0,51,81,202743,2014-10-13T01:12:56,2024-09-02T08:22:36,2024-09-02T08:22:38,2024-09-02T08:22:34,
retext-project/pymarkups,430,0,9,36,505,2014-07-23T11:09:33,2025-01-26T07:26:15,2025-01-26T07:26:18,2025-01-26T07:26:29,
arthurdejong/python-pskc,288,9,6,13,552,2014-04-13T08:01:27,2025-02-06T04:33:39,2025-02-06T04:33:43,2025-02-06T04:33:32,
eliben/pss,312,0,47,330,337,2013-05-28T01:10:57,2025-01-14T12:34:16,2025-01-14T12:34:19,2025-01-14T12:34:08,
avast/pytest-docker,94,20,75,438,112,2017-03-07T04:51:13,2025-02-10T04:43:55,2025-02-10T04:44:00,2025-02-10T04:43:55,
djangoadminhackers/django-linkcheck,425,0,27,75,599,2009-04-17T09:23:30,2024-11-25T09:34:09,2024-11-25T09:34:13,2024-11-25T09:34:09,
duosecurity/duo_openvpn,81,3,48,67,102,2011-09-18T01:43:05,2025-02-12T02:38:22,2025-02-12T02:38:27,2025-02-12T02:38:22,
internetarchive/infogami,1276,0,26,43,2768,2009-12-09T12:42:48,2024-11-11T08:54:38,2024-11-11T08:54:39,2024-11-11T08:54:35,
arista-eosplus/pyeapi,837,14,70,141,1278,2014-11-19T01:52:42,2024-12-16T02:01:05,2024-12-17T07:58:27,2024-12-16T02:01:04,
pykong/helium,183,20,13,186,6467,2017-03-17T11:12:50,2020-11-15T04:33:09,2020-12-29T01:50:34,2020-11-15T04:32:20,
p4lang/ptf,201,1,96,135,546,2015-09-15T11:52:03,2024-04-18T07:45:27,2024-03-20T06:10:46,2024-04-18T07:45:26,
adafruit/adafruit_circuitpython_charlcd,303,51,50,72,486,2017-06-09T11:23:10,2025-01-16T06:45:59,2025-01-16T03:18:03,2025-01-16T03:18:01,
lgoodridge/django-uniauth,83,0,9,38,715,2018-12-26T03:09:08,2023-07-23T03:03:59,2023-05-21T09:55:38,2023-07-23T03:03:52,
python-useful-helpers/logwrap,561,123,3,13,1144,2016-10-30T12:36:11,2024-11-28T10:59:47,2024-11-28T10:26:41,2024-11-28T10:26:29,
adafruit/adafruit_circuitpython_pybadger,259,56,26,21,305,2019-06-20T07:47:50,2025-01-16T07:58:30,2025-01-16T03:12:46,2025-01-16T03:12:44,
spulec/freezegun,650,5,265,4045,908,2012-12-11T05:11:00,2024-07-24T08:33:23,2024-07-25T09:03:25,2024-06-28T07:51:51,
python/buildmaster-config,727,0,57,37,715,2017-01-31T03:29:06,2025-01-23T07:21:05,2025-01-23T07:21:07,2025-01-23T07:21:02,
sybrenstuvel/python-rsa,603,0,153,461,1119,2016-01-21T12:53:34,2024-01-30T12:10:45,2024-01-27T11:15:02,2024-01-30T12:10:45,
swimlane/swimlane-python,542,66,31,33,1860,2016-01-07T10:15:55,2024-10-21T10:39:54,2024-10-21T10:39:58,2024-10-21T10:39:54,
box/box-python-sdk,641,81,215,423,54955,2015-02-06T12:30:55,2025-01-13T11:44:37,2025-01-13T11:44:41,2025-01-13T11:44:35,
tommyod/efficient-apriori,121,0,60,319,475,2018-06-10T12:35:16,2024-09-02T07:57:02,2024-09-02T07:57:04,2024-09-02T07:57:00,
tiangolo/typer-cli,126,12,38,361,93,2020-03-08T05:55:04,2024-04-06T11:56:00,2024-04-07T03:27:19,2024-04-06T11:55:06,
jrfonseca/jmdict-kindle,100,7,10,118,3214,2014-01-01T08:02:59,2022-01-04T03:54:50,2022-01-04T03:41:34,2022-01-04T09:46:39,
jeanralphaviles/comment_parser,69,2,28,100,80,2015-08-30T11:57:35,2024-12-25T05:12:01,2024-12-25T05:11:09,2024-12-25T05:10:15,
dassencio/mapgen,30,0,6,13,157,2019-07-04T04:23:14,2024-10-31T01:50:50,2024-10-31T01:50:54,2024-10-31T01:50:48,
facelessuser/colorhelper,472,81,30,252,24530,2015-03-04T06:27:11,2024-05-21T08:57:59,2024-05-21T08:56:36,2024-05-21T08:56:32,
pyecore/pyecore,1417,18,46,167,1457,2016-12-13T11:24:58,2024-12-22T02:07:53,2024-12-22T01:58:19,2024-12-22T01:58:15,
mitya57/secretstorage,307,0,21,117,276,2014-01-27T05:54:33,2024-12-23T04:41:40,2024-12-23T04:41:44,2024-12-23T04:42:10,
wwu-mmll/photonai,1767,10,16,75,13624,2018-01-22T08:54:25,2025-01-10T02:47:10,2025-01-11T01:04:45,2024-11-04T01:43:14,
chaoss/grimoirelab-sirmordred,1454,82,121,39,14983,2016-08-24T12:23:18,2025-01-16T05:32:01,2025-01-16T05:32:01,2025-01-16T05:31:58,
adafruit/adafruit_circuitpython_lis3dh,199,54,20,17,187,2017-02-24T06:35:16,2025-01-16T06:57:13,2025-01-16T03:14:06,2025-01-16T03:14:04,
jazzband/geojson,501,0,122,927,414,2011-07-01T08:39:48,2024-12-21T07:31:17,2024-12-21T07:30:34,2024-12-21T07:30:30,
aws-cloudformation/cloudformation-cli-python-plugin,166,27,45,107,362,2018-12-21T12:13:18,2024-04-18T05:58:04,2024-04-21T06:00:39,2024-04-18T05:38:20,
adafruit/adafruit_circuitpython_ht16k33,329,63,30,42,303,2017-01-09T07:38:19,2025-01-16T06:53:51,2025-01-16T03:13:52,2025-01-16T03:13:50,
azavea/django-ecsmanage,57,0,2,24,78,2019-02-27T10:08:27,2024-04-15T03:54:35,2023-12-25T11:45:39,2024-04-15T03:51:01,
flask-extensions/flask_simplelogin,39,1,28,140,88,2017-08-23T10:29:20,2021-08-20T08:24:03,2021-08-20T08:24:05,2020-11-09T12:36:26,
domainaware/checkdmarc,522,7,79,261,8265,2017-12-10T05:42:57,2025-02-03T09:09:08,2025-02-03T09:09:12,2025-02-03T09:09:07,
lightdock/lightdock,488,17,30,233,97517,2019-09-27T08:10:43,2024-01-16T11:07:20,2024-01-05T12:44:06,2024-01-16T11:07:15,
pycqa/flake8-bugbear,414,53,109,1072,511,2016-03-15T08:54:43,2025-02-04T02:11:04,2025-02-04T08:41:51,2025-02-04T02:11:03,
pytest-dev/unittest2pytest,160,3,27,130,187,2015-10-15T09:21:43,2025-02-03T11:24:58,2025-02-03T11:25:01,2025-02-03T11:24:56,
exodus-privacy/etip,137,16,19,50,217,2018-04-01T05:04:17,2024-07-16T05:40:28,2024-07-15T08:52:54,2024-07-15T08:52:50,
frappe/bench,2426,76,1229,1459,31778,2014-07-09T10:24:30,2025-01-28T05:43:35,2025-01-29T05:14:52,2025-01-28T05:43:30,
django-recurrence/django-recurrence,392,1,153,276,649,2012-02-20T10:41:02,2022-01-21T10:43:11,2022-01-19T05:21:56,2022-01-21T10:42:09,
timniederhausen/gn-build,184,0,72,128,461,2016-05-01T04:45:00,2025-01-14T11:54:51,2025-01-14T11:54:54,2025-01-14T11:54:45,
bmwcarit/python-dlt,84,16,30,31,190,2018-07-25T08:12:25,2024-07-01T04:07:46,2024-07-01T04:02:00,2024-07-01T04:01:56,
c-h-david/rrr,714,3,12,18,968,2016-03-25T06:50:03,2024-06-24T09:34:55,2024-06-24T09:34:58,2024-06-24T09:33:05,
jazzband/django-silk,937,44,340,4583,7427,2014-05-21T09:14:45,2025-02-10T05:45:00,2025-02-11T06:27:31,2025-02-03T01:28:59,
aio-libs/aiohttp-sse,427,8,35,207,362,2015-03-05T09:50:47,2025-02-06T07:37:46,2025-02-06T07:37:49,2025-02-06T07:37:45,
eht16/python-logstash-async,234,33,52,189,306,2016-04-19T05:45:05,2025-01-27T09:56:22,2025-01-27T09:56:25,2025-01-27T09:56:14,
zamzterz/flask-pyoidc,171,34,36,78,200,2016-02-11T09:39:22,2023-11-06T04:46:01,2023-11-28T07:22:15,2023-10-30T07:07:18,
p4lang/p4runtime-shell,86,0,41,82,156,2019-04-17T02:32:54,2025-02-03T07:55:47,2025-02-03T07:55:52,2025-02-03T07:55:47,
djc/rnc2rng,335,0,13,16,219,2015-09-28T03:53:08,2024-08-24T08:20:26,2024-08-24T08:20:31,2024-08-24T08:20:26,
icesat2py/icepyx,683,22,108,221,258643,2019-06-20T11:49:26,2025-02-10T07:54:27,2025-02-10T07:54:31,2025-02-10T07:54:23,
algorand/pyteal,403,38,114,280,3005,2019-10-02T10:00:39,2024-05-18T02:15:29,2024-05-17T04:49:31,2024-01-04T04:32:35,
j535d165/cbsodata,69,12,17,41,106,2016-12-12T01:53:18,2024-06-27T01:38:17,2024-06-27T01:36:44,2024-06-27T01:36:35,
giampaolo/pyftpdlib,1458,0,263,1678,3611,2014-05-28T03:34:58,2024-11-22T09:22:53,2024-11-22T09:22:57,2024-11-22T09:22:50,
tohojo/flent,2496,25,79,444,7913,2012-10-09T01:43:29,2025-01-14T10:19:49,2025-01-14T10:19:53,2025-01-14T10:19:43,
fmaussion/salem,249,19,43,182,7200,2015-09-16T07:02:05,2024-08-21T04:11:47,2024-08-21T04:11:50,2024-08-21T04:11:47,
pycqa/doc8,288,10,36,163,293,2014-05-28T06:23:05,2024-10-29T12:36:20,2024-10-29T11:34:14,2024-09-02T01:08:56,
dabapps/django-zen-queries,131,4,12,341,86,2018-10-26T01:15:41,2023-11-28T11:51:49,2023-12-29T07:19:40,2023-07-17T02:17:44,
joalla/discogs_client,459,19,50,309,409,2020-06-08T06:57:21,2024-11-14T07:06:39,2024-11-14T07:05:53,2024-11-14T07:05:37,
som-st/pysom,1261,0,3,26,1362,2013-10-20T09:02:25,2024-06-16T05:33:42,2024-06-16T05:33:46,2024-06-16T05:33:42,
inveniosoftware/idutils,117,3,37,28,179,2015-06-11T11:10:50,2025-01-31T04:04:40,2025-01-31T04:04:44,2025-01-31T04:04:40,
pubnub/python,1139,63,115,159,3338,2013-02-22T07:25:58,2025-02-11T07:57:59,2025-02-11T07:56:14,2025-02-11T07:56:09,
pyfeeds/pyfeeds,831,0,11,79,798,2016-04-03T11:05:07,2024-05-29T11:51:43,2024-05-29T11:51:44,2024-05-29T11:51:40,
simoninireland/epydemic,930,5,11,45,2592,2017-06-10T01:45:43,2024-11-29T04:29:17,2024-11-29T04:29:21,2024-11-29T04:29:09,
zooniverse/panoptes-cli,297,1,5,18,278,2016-01-14T03:27:46,2024-08-09T07:20:16,2024-08-09T07:20:08,2024-08-09T07:20:04,
m-lundberg/simple-pid,110,10,208,735,115,2018-05-11T10:21:50,2024-07-21T01:26:58,2024-07-21T01:26:53,2024-07-21T01:26:34,
benbarth/hacktoberfest-swag,900,6,149,270,1050,2018-09-28T01:07:18,2025-01-01T01:26:53,2025-01-01T01:26:57,2025-01-01T01:26:53,
haddocking/pdb-tools,478,13,111,348,973,2014-11-27T09:09:09,2024-04-09T04:29:11,2024-04-10T03:03:36,2023-12-13T09:30:10,
tue-robotics/image_recognition,820,1,41,66,24764,2016-10-29T09:11:32,2024-05-05T08:18:41,2024-05-05T08:18:40,2024-05-05T08:18:36,
igorcoding/asynctnt,191,33,9,80,7529,2017-02-04T11:17:07,2024-12-01T12:46:15,2024-12-01T12:45:39,2024-12-01T12:34:30,
holzhaus/sphinx-multiversion,156,7,62,136,386,2020-02-19T04:25:24,2023-12-19T04:24:10,2023-12-22T03:01:54,2021-05-26T03:42:26,
dgilland/cacheout,213,0,42,391,231,2018-01-12T10:46:58,2023-12-22T05:41:59,2023-12-29T08:59:07,2023-12-22T05:34:36,
jsonpickle/jsonpickle,1665,2,175,1269,2463,2009-12-10T03:59:23,2025-01-12T08:46:26,2025-01-12T08:46:30,2025-01-12T08:46:26,
containers/udica,242,24,47,503,434,2018-09-20T07:56:48,2025-02-03T05:43:58,2025-02-04T01:26:35,2024-05-30T06:00:01,
molssi/cookiecutter-cms,303,1,88,374,382,2018-03-15T02:52:43,2024-07-26T04:29:50,2024-07-26T04:29:54,2024-07-26T04:29:50,
mgaitan/sphinxcontrib-mermaid,216,0,96,330,177,2016-06-23T08:28:57,2024-10-12T04:32:09,2024-10-12T04:31:33,2024-10-12T04:31:28,
googlecloudplatform/marketplace-k8s-app-tools,479,72,76,75,1760,2018-02-20T05:27:15,2024-10-02T08:26:33,2024-10-02T07:54:32,2024-10-02T07:54:28,
luarocks/hererocks,413,0,12,71,337,2019-04-08T04:20:28,2024-10-24T05:22:30,2024-10-24T05:22:35,2024-10-24T05:22:30,
hugovk/random-street-view,82,0,19,35,58,2012-10-01T01:14:25,2025-01-07T10:39:51,2025-01-07T10:39:53,2025-01-07T10:39:49,
city-of-helsinki/smbackend,1555,6,23,17,8144,2013-12-29T10:09:19,2025-02-11T12:22:21,2025-02-11T12:22:13,2025-02-11T12:22:08,
amplify-education/terrawrap,654,0,4,16,762,2019-04-30T08:52:34,2024-11-04T04:26:48,2024-11-04T04:26:51,2024-11-04T04:26:47,
luispedro/jug,975,19,62,411,2361,2009-05-19T09:30:53,2024-12-09T05:12:21,2024-12-09T05:12:25,2024-12-09T03:52:57,
circuits/circuits,4903,0,58,296,29769,2013-08-29T03:05:42,2024-04-04T03:19:18,2024-03-27T08:26:05,2024-04-03T10:38:28,
jmetal/jmetalpy,1187,8,151,533,19531,2017-01-18T10:25:58,2024-12-22T07:04:42,2024-12-22T07:04:47,2024-12-22T07:04:42,
2gis/k8s-handle,175,54,30,169,267,2018-05-11T04:19:49,2024-03-21T08:35:03,2024-03-13T08:05:03,2024-03-21T08:22:22,
ibm/causallib,65,9,69,503,11212,2019-04-04T04:34:42,2022-11-24T11:56:47,2022-12-09T01:02:32,2022-11-24T08:09:05,
ckan/ckanext-harvest,1532,28,205,131,2329,2011-12-01T11:31:21,2025-01-14T10:19:21,2025-01-14T10:37:45,2025-01-14T10:18:22,
walles/px,1334,85,10,243,8830,2016-02-02T08:27:50,2024-09-14T02:11:09,2024-09-14T02:11:12,2024-09-14T02:10:53,
amccaugh/phidl,1597,25,59,187,19275,2016-08-05T07:25:11,2024-07-03T02:29:37,2024-07-03T02:29:07,2024-07-03T02:29:02,
python-babel/babel,1716,28,453,1348,3435,2013-07-03T12:25:10,2025-02-05T09:33:01,2025-02-05T09:33:06,2025-02-05T09:33:01,
add-ons/plugin.video.viervijfzes,138,16,12,50,1132,2020-03-13T10:50:42,2024-10-21T07:51:53,2024-10-21T08:38:34,2024-10-21T07:51:52,
yaph/logya,757,13,5,18,1077,2011-08-24T11:30:26,2024-11-30T01:08:35,2024-11-30T01:08:39,2024-11-30T01:08:02,
idr/idr-metadata,2462,0,24,14,733825,2015-06-09T10:01:48,2025-01-10T11:57:44,2025-01-10T11:57:47,2025-01-10T11:57:43,
mschwager/fierce,145,0,197,1568,263,2016-04-26T11:34:51,2024-08-28T02:35:58,2024-08-28T03:23:50,2024-08-28T02:35:53,
kislyuk/argcomplete,816,54,135,1434,4003,2012-11-19T03:37:34,2025-01-04T05:28:04,2025-01-12T01:49:35,2025-01-04T05:28:01,
danirus/django-comments-xtd,780,42,162,601,10096,2011-12-22T01:22:50,2025-01-07T11:01:06,2025-01-09T03:09:36,2025-01-07T11:00:34,
python-amazon-mws/python-amazon-mws,552,19,217,383,1008,2016-11-19T07:49:13,2025-01-04T01:51:04,2025-01-04T01:51:32,2024-08-12T08:54:31,
piwheels/piwheels,1178,0,24,249,3134,2017-04-04T05:35:01,2025-02-11T05:53:38,2025-02-11T05:53:41,2025-01-26T06:59:30,
cdent/gabbi,803,3,35,149,1229,2014-12-12T02:46:59,2025-02-11T05:10:37,2025-02-11T05:10:41,2025-02-11T05:10:30,
jadchaar/sec-edgar-downloader,198,22,131,466,4412,2018-12-20T08:59:26,2024-07-26T04:49:02,2024-07-26T04:49:05,2024-07-26T04:49:02,
parquery/icontract,286,62,18,338,767,2018-07-31T06:22:46,2024-09-21T05:49:27,2024-09-21T05:48:24,2024-09-21T05:48:20,
rovellipaolo/ninjadroid,250,0,49,265,61049,2013-12-08T02:33:02,2024-07-03T02:47:32,2024-07-03T02:47:35,2024-07-03T02:47:29,
jpuigcerver/pylaia,941,5,43,199,4207,2017-10-30T05:35:39,2024-09-02T04:05:49,2024-09-03T09:58:21,2024-09-02T04:05:49,
jazzband/django-ical,200,20,32,90,219,2016-05-08T04:58:50,2024-06-11T06:07:02,2024-06-11T06:07:06,2024-06-11T06:07:02,
seancline/pythonsymbols,21,0,0,21,2375494,2017-05-29T04:02:48,2023-12-10T01:08:24,2023-11-28T08:07:46,2023-01-21T06:03:55,
pympler/pympler,496,0,87,1157,1339,2012-10-04T11:35:16,2024-06-28T07:55:39,2024-06-29T02:27:01,2024-06-28T07:42:26,
ui/django-post_office,786,10,268,1009,851,2012-08-11T08:08:52,2024-11-22T02:04:41,2024-11-22T01:52:14,2024-11-22T01:52:10,
jazzband/django-downloadview,382,3,55,387,639,2012-08-27T08:45:46,2025-01-07T07:50:48,2025-01-07T07:50:52,2025-01-07T07:50:48,
vstinner/python-ptrace,425,1,49,181,902,2016-10-12T02:18:15,2024-03-21T02:15:44,2024-02-26T09:20:08,2024-03-21T02:14:57,
dobiasd/undictify,171,35,9,98,374,2018-08-02T02:42:20,2024-08-27T03:02:46,2024-08-27T03:02:50,2024-08-27T03:02:46,
tommyod/streprogen,72,0,9,38,3339,2017-07-27T04:01:07,2024-09-02T11:52:06,2024-09-02T11:52:08,2024-09-02T11:52:05,
s3tools/s3cmd,1933,10,906,4635,5359,2011-06-07T02:08:24,2025-01-27T02:42:35,2025-01-27T02:42:37,2025-01-27T02:41:57,
kernc/backtesting.py,342,0,1119,5911,11148,2019-01-02T03:11:32,2025-02-09T08:39:49,2025-02-10T04:56:32,2025-02-04T04:41:06,
andrivet/python-asn1,178,12,32,89,210,2016-12-16T05:03:50,2024-09-07T12:52:56,2024-09-07T12:44:46,2024-09-07T12:44:40,
geographika/mappyfile,967,31,20,71,5244,2017-01-10T03:47:51,2024-11-07T09:51:16,2024-11-07T09:51:19,2024-11-07T09:51:16,
jeanralphaviles/prometheus_speedtest,160,1,20,53,311,2018-05-06T09:37:16,2025-02-02T08:03:23,2025-02-02T08:03:21,2025-02-02T08:01:24,
tarantool/test-run,479,0,18,13,985,2015-04-22T01:17:21,2024-12-26T05:26:23,2024-12-26T05:26:28,2024-12-26T05:26:23,
mdomke/schwifty,618,58,86,213,2680,2016-03-04T02:13:58,2025-02-02T08:13:01,2025-02-02T08:13:04,2025-02-02T08:13:01,
jaylinski/kodi-addon-soundcloud,92,14,12,27,216,2019-04-13T11:40:25,2024-03-20T07:08:02,2024-01-10T04:49:10,2024-03-20T07:07:59,
kipe/pycron,101,6,27,154,134,2015-06-17T08:51:58,2025-01-14T06:52:14,2025-01-14T01:02:31,2025-01-14T06:51:27,
chaoss/grimoirelab-elk,3443,100,121,60,7076,2015-09-30T04:15:16,2025-01-16T05:20:51,2025-01-16T05:20:53,2025-01-16T05:20:50,
districtdatalabs/yellowbrick,901,24,557,4272,80717,2016-05-18T02:12:17,2024-09-27T04:58:57,2024-09-28T08:02:52,2023-07-05T06:14:28,
novnc/websockify,946,9,786,4002,4808,2011-01-12T10:51:17,2025-02-12T10:48:37,2025-02-12T05:17:45,2025-02-12T10:45:01,
renatahodovan/grammarinator,387,0,62,354,756,2017-05-15T02:02:45,2025-01-26T06:09:48,2025-01-26T06:09:52,2025-01-26T06:09:48,
marcusva/py-sdl2,551,5,39,189,2565,2017-08-17T01:43:47,2022-01-27T03:36:30,2022-01-30T09:05:55,2022-01-27T03:34:53,
jamescooke/flake8-aaa,819,0,5,66,727,2018-02-21T06:41:28,2024-02-24T11:06:54,2024-01-20T05:04:28,2024-02-24T11:06:53,
renatahodovan/picireny,240,0,6,58,358,2016-07-16T08:41:56,2024-12-20T09:06:08,2024-12-20T09:06:12,2024-12-20T09:06:07,
hugovk/drop-python,434,0,6,22,370793,2017-10-05T03:10:49,2025-01-13T05:00:28,2025-01-07T01:21:12,2025-01-07T01:21:07,
python-zk/kazoo,1636,10,387,1285,4009,2012-05-23T11:46:42,2024-07-15T03:36:23,2024-07-15T03:36:27,2024-07-15T03:36:22,
matoking/protontricks,390,0,37,1735,720,2018-08-28T11:06:06,2025-01-15T05:21:31,2025-01-15T10:03:39,2025-01-13T05:08:03,
jazzband/django-defender,333,6,137,980,426,2014-09-21T02:42:19,2024-02-15T10:10:47,2024-02-11T03:13:18,2024-02-15T10:10:42,
lululxvi/deepxde,1226,69,774,2883,28464,2019-02-08T02:19:14,2025-01-21T02:35:01,2025-01-21T02:35:05,2025-01-21T02:35:01,
rkhleics/wagtailmenus,1003,44,85,290,3554,2016-01-28T03:19:08,2021-12-14T03:52:08,2021-12-15T02:45:16,2020-09-13T09:56:07,
rescuezilla/rescuezilla,1162,27,78,1673,3721,2019-09-21T12:45:36,2025-01-27T04:26:14,2025-01-27T04:26:17,2025-01-27T04:22:36,
liminspace/django-mjml,209,29,32,261,152,2016-04-15T08:09:49,2024-08-27T01:17:33,2024-08-27T02:40:35,2024-08-21T05:48:15,
jacebrowning/datafiles,868,39,18,204,1495,2018-06-15T01:58:39,2025-02-11T04:43:46,2025-02-11T04:43:48,2025-02-11T04:43:44,
renatahodovan/picire,201,0,9,50,260,2016-05-13T02:31:38,2024-12-18T08:14:39,2024-12-18T08:14:43,2024-12-18T08:14:38,
spacetx/starfish,1454,42,68,230,119825,2017-05-26T06:45:11,2025-02-12T07:59:08,2025-02-12T07:59:05,2025-02-12T07:59:00,
mozilla-l10n/styleguides,318,0,60,22,4368,2017-07-06T05:26:44,2022-04-15T02:16:13,2022-04-13T11:15:14,2022-04-15T02:15:48,
mozilla-l10n/localizer-documentation,154,0,14,13,7109,2017-04-11T06:14:01,2022-03-24T10:29:52,2021-12-02T01:09:36,2022-03-24T10:29:22,
tartley/colorama,374,0,241,3430,523,2014-04-17T08:18:25,2024-04-30T12:53:13,2024-04-30T03:19:04,2023-12-01T12:49:19,
chaoss/grimoirelab-perceval,2023,105,177,291,4053,2015-12-04T04:20:11,2025-01-15T11:54:42,2025-01-15T11:54:43,2025-01-15T11:54:41,
wikipedialibrary/twlight,6383,5,84,80,344047,2015-12-07T06:10:02,2025-02-13T12:29:48,2025-02-13T12:26:30,2025-02-13T12:26:25,
brainix/pottery,731,51,60,1117,1091,2015-06-10T07:30:43,2025-02-10T11:13:02,2025-02-10T11:13:03,2025-02-10T11:12:59,
apache/fluo-muchos,413,0,37,26,1110,2015-01-21T01:23:09,2024-12-06T02:43:08,2024-12-06T02:43:12,2024-12-06T02:43:08,
kvesteri/sqlalchemy-utils,1415,5,318,1248,2070,2013-02-18T04:48:22,2024-09-06T03:22:21,2024-09-06T11:21:26,2024-09-06T11:21:22,
seisman/how-to-write-makefile,121,1,576,3405,6326,2014-02-25T11:19:59,2024-10-15T02:16:31,2024-10-16T10:56:19,2024-10-15T02:14:16,
dgilland/pydash,1271,0,93,1347,1965,2013-05-14T04:24:02,2025-01-17T04:06:07,2025-01-17T04:02:47,2025-01-17T04:02:37,
dask/dask-ml,822,13,258,916,102817,2017-06-15T03:56:06,2025-02-08T03:15:41,2025-02-07T08:34:02,2025-02-07T08:33:56,
zac-hd/hypothesis-jsonschema,396,0,21,144,10969,2018-11-20T12:23:34,2021-12-15T10:44:19,2021-12-16T07:29:44,2021-12-15T10:44:08,
emilsvennesson/script.module.inputstreamhelper,496,34,49,134,907,2017-09-13T09:41:05,2024-09-26T12:25:12,2024-09-26T07:58:42,2024-09-26T07:58:38,
op2/pyop2,3878,118,35,80,11327,2012-06-13T08:28:09,2024-11-27T04:22:01,2024-11-27T04:22:21,2024-11-27T04:22:01,
thoth-station/micropipenv,459,21,26,232,731,2020-02-10T11:54:36,2025-01-27T12:36:42,2025-01-27T12:36:46,2025-01-27T12:36:42,
im85288/service.upnext,497,36,42,81,23954,2018-10-09T08:41:22,2024-08-09T09:14:03,2024-08-09T09:14:07,2024-08-09T09:14:02,
mchlnix/smb3-foundry,1659,46,12,92,36378,2019-03-15T11:03:23,2025-01-09T07:32:51,2025-01-09T07:32:41,2025-01-09T07:29:04,
mihaiparvu/screencaplibrary,117,22,12,27,382,2018-08-22T08:33:13,2022-02-23T07:51:53,2022-02-24T03:09:32,2022-02-21T12:29:20,
lsst-dm/dm_dev_guide,2355,0,23,32,13116,2015-08-12T07:43:19,2025-02-06T12:06:38,2025-02-06T12:06:40,2025-02-06T12:06:17,
23andme/yamale,300,26,88,684,834,2014-01-27T09:30:25,2025-01-08T02:26:43,2025-01-10T03:37:09,2025-01-02T08:35:16,
tobgu/pyrsistent,725,0,142,1939,1197,2013-06-20T02:11:13,2023-10-26T02:20:29,2023-12-29T08:57:01,2023-10-25T08:31:08,
add-ons/plugin.video.vtm.go,319,37,26,78,1599,2019-07-03T10:43:49,2024-11-07T05:21:30,2024-11-07T05:21:34,2024-11-07T05:21:30,
hpc/pavilion2,1533,6,20,44,27668,2019-08-21T03:27:26,2025-02-13T03:49:16,2025-02-13T03:49:23,2025-02-13T03:49:09,
certbot/josepy,8273,0,30,43,15181,2017-10-11T02:56:39,2025-02-10T09:11:45,2025-02-10T09:11:49,2025-02-10T09:11:44,
bloomberg/pybossa,11800,0,12,35,20245,2017-05-05T02:35:03,2025-02-10T10:13:30,2025-02-10T10:13:35,2025-02-10T10:13:30,
factoryboy/factory_boy,1034,0,400,3580,1896,2011-05-11T08:26:59,2025-02-03T09:49:14,2025-02-03T09:49:16,2025-02-03T09:49:09,
nickjj/flask-static-digest,70,0,27,157,78,2019-10-30T07:02:54,2024-12-07T06:38:06,2024-12-07T06:38:10,2024-12-07T06:38:03,
solvebio/solvebio-python,1419,34,10,20,2984,2013-07-10T07:53:26,2025-01-24T04:32:36,2025-01-24T04:32:40,2025-01-24T04:32:32,
jocketf/fimfarchive,288,0,0,23,328,2015-10-01T05:49:39,2024-12-05T07:54:21,2024-12-05T07:52:57,2024-12-05T07:50:15,
exodus-privacy/exodus-core,138,39,17,19,110458,2018-01-01T04:56:34,2024-10-08T05:26:47,2024-10-08T05:26:36,2024-10-08T05:26:19,
jrfonseca/xdot.py,284,0,148,871,372,2013-05-12T09:59:58,2024-11-24T07:37:17,2024-11-24T07:37:21,2024-11-24T07:37:17,
pycqa/pylint-django,628,23,117,556,601,2013-10-01T06:35:15,2023-05-15T04:10:34,2023-05-20T04:04:17,2023-05-15T04:10:28,
exodus-privacy/exodus,772,60,62,633,12438,2017-11-19T11:54:14,2024-10-08T05:39:47,2024-10-08T05:39:50,2024-10-08T05:39:45,
maxcountryman/flask-seasurf,202,0,46,190,1189,2011-12-06T06:51:00,2023-11-09T09:26:48,2023-12-29T08:56:25,2022-09-03T07:50:43,
tldmod/tldmod,4191,86,33,49,3075908,2015-07-05T02:01:49,2025-02-09T03:16:16,2025-02-09T03:16:22,2025-02-09T03:16:04,
pdoc3/pdoc,628,1,147,1148,2076,2019-01-02T02:32:40,2025-02-06T04:44:27,2025-02-06T04:44:30,2025-02-06T04:44:13,
geoalchemy/geoalchemy2,819,28,112,647,1069,2012-09-01T10:00:24,2025-01-09T04:15:23,2025-01-11T03:13:38,2025-01-09T04:08:05,
jupyter/enterprise_gateway,1123,29,162,484,7149,2017-04-21T04:05:14,2022-02-01T04:15:26,2022-02-01T02:37:29,2022-02-01T04:15:26,
isocpp/cppcoreguidelines,2146,4,5365,41478,27307,2015-08-19T08:22:52,2024-04-17T02:10:27,2024-04-21T07:44:14,2024-04-14T06:34:20,
thp/urlwatch,951,0,350,2872,1239,2014-01-29T06:42:20,2025-02-06T09:23:35,2025-02-06T09:23:40,2025-02-06T09:23:35,
benbusby/whoogle-search,848,33,987,10401,2594,2020-01-21T08:22:33,2025-01-29T05:51:30,2025-01-29T07:54:01,2025-01-29T05:50:27,
azavea/raster-vision,3633,23,387,2106,96215,2017-02-02T02:31:54,2025-01-03T05:04:38,2025-01-10T02:11:24,2025-01-03T05:04:38,
emukit/emukit,388,0,129,615,16370,2018-09-04T05:01:34,2025-02-11T10:07:06,2025-02-11T10:07:11,2025-02-11T10:07:05,
rpm-software-management/mock,3878,126,237,393,4765,2016-08-16T07:24:01,2025-02-11T10:16:36,2025-02-11T10:16:41,2025-02-11T10:16:36,
pysb/pysb,1391,26,71,166,8252,2010-10-08T04:51:11,2024-10-17T07:32:21,2024-10-17T10:21:34,2024-10-17T10:21:27,
adafruit/adafruit_circuitpython_ssd1306,209,56,72,302,181,2017-01-09T07:40:39,2025-01-16T07:13:35,2025-01-16T09:20:49,2025-01-16T03:15:09,
edx/edx-analytics-pipeline,1076,1,116,90,6627,2014-08-13T07:57:17,2022-02-10T05:18:52,2022-02-14T04:32:14,2021-11-16T09:32:01,
datalad-handbook/book,4069,9,56,150,11821,2019-06-18T01:37:42,2025-02-04T03:46:58,2025-02-04T03:47:01,2025-02-04T03:46:56,
adafruit/adafruit_circuitpython_bme680,213,54,41,58,177,2017-10-29T03:22:12,2025-01-16T06:45:40,2025-01-16T03:17:01,2025-01-16T03:16:59,
adafruit/adafruit_circuitpython_led_animation,427,67,44,58,369,2018-05-14T03:37:11,2025-01-16T07:48:06,2025-01-16T03:18:10,2025-01-16T03:18:08,
hugovk/pypi-tools,606,0,2,24,430505,2018-06-21T01:40:30,2025-02-03T07:17:51,2025-02-03T07:17:55,2025-02-03T07:17:44,
adacore/e3-core,2075,7,36,28,3328,2015-12-15T10:39:20,2025-02-12T04:48:15,2025-02-12T04:48:19,2025-02-12T04:48:12,
carissalow/rapids,1188,35,20,35,20860,2019-10-22T05:13:28,2024-03-06T01:31:43,2024-03-06T03:05:18,2023-12-15T07:23:47,
arthurdejong/python-stdnum,857,7,211,508,4083,2013-04-26T09:46:00,2025-01-11T03:42:30,2025-01-11T11:17:31,2025-01-11T03:39:40,
icrar/ngas,3030,0,13,21,31607,2016-01-22T09:54:27,2024-03-19T10:38:54,2023-05-08T01:25:05,2024-03-19T10:38:53,
daviddrysdale/python-phonenumbers,1712,0,423,3541,87486,2011-04-21T03:06:38,2025-01-31T07:03:32,2025-01-31T06:57:04,2025-01-31T06:56:50,
networktocode/ntc-templates,1794,41,744,1142,6524,2016-04-27T03:49:07,2025-02-11T09:27:08,2025-02-12T01:53:41,2025-02-11T09:27:08,
earwig/mwparserfromhell,943,23,78,772,2207,2012-05-20T06:45:54,2025-01-13T05:08:37,2025-01-13T05:08:41,2025-01-13T05:08:37,
arm-software/workload-automation,2105,0,120,151,161439,2015-03-10T01:05:03,2024-09-12T10:57:11,2024-09-12T10:57:12,2024-09-12T10:57:09,
fedora-selinux/selinux-policy,22244,1,178,168,36719,2014-07-08T04:48:35,2025-02-07T05:55:42,2025-02-07T05:55:47,2025-02-07T05:55:42,
amplify-education/python-hcl2,288,14,56,263,445,2019-08-16T05:56:51,2025-02-13T03:15:33,2025-02-13T03:15:36,2025-02-13T03:15:31,
fkie/catkin_lint,734,67,16,56,7988,2013-11-21T08:30:08,2024-09-24T06:32:59,2024-09-24T06:33:03,2024-09-24T06:32:35,
adafruit/adafruit_circuitpython_requests,501,96,37,51,557,2019-07-25T05:40:28,2025-01-16T07:58:44,2025-01-16T03:13:22,2025-01-16T03:13:19,
google/python-fire,336,11,1448,27368,6211,2017-02-21T09:35:07,2025-02-01T08:36:03,2025-02-01T07:23:09,2024-12-11T04:53:58,
opsdroid/opsdroid,1253,50,410,820,3449,2016-07-23T08:18:56,2024-09-02T10:07:34,2024-09-02T10:07:38,2024-09-02T10:07:34,
computationalmodelling/nbval,479,0,50,439,924,2015-04-09T09:40:33,2024-10-11T09:24:34,2024-10-11T09:24:39,2024-10-11T09:24:34,
jazzband/jsonmodels,337,5,51,336,389,2014-03-17T03:46:21,2024-10-07T06:19:06,2024-10-08T10:53:06,2023-12-17T01:20:07,
edx/edx-analytics-data-api,787,38,62,26,2249,2014-06-02T06:55:15,2022-02-03T08:16:11,2022-01-07T04:14:31,2022-02-02T06:21:34,
jasonacox/tinytuya,959,62,198,1112,1876,2020-09-04T02:37:25,2025-02-08T04:04:43,2025-02-08T04:04:47,2025-02-08T04:04:42,
reservoirpy/reservoirpy,715,26,102,426,105046,2018-05-17T08:20:01,2024-11-12T05:51:04,2024-11-12T08:23:35,2024-11-12T05:50:00,
nexb/scancode.io,1008,47,81,98,53257,2020-09-10T03:06:52,2024-08-12T06:40:15,2024-08-12T06:40:17,2024-08-12T06:40:13,
tuw-geo/pygeogrids,198,24,16,24,620,2015-03-25T10:28:14,2024-09-13T10:02:47,2024-09-13T10:01:17,2024-09-13T10:01:13,
dbader/schedule,398,0,948,11557,383,2013-05-19T12:51:20,2024-05-25T06:41:01,2024-06-01T03:09:55,2024-05-25T06:40:33,
atlassian-api/atlassian-python-api,1779,72,671,1392,2653,2014-05-07T10:26:26,2025-01-23T09:33:36,2025-01-23T11:45:24,2025-01-23T08:51:21,
flashcode/msgcheck,221,9,4,13,209,2013-01-02T09:23:24,2024-10-23T08:13:45,2024-10-23T08:13:49,2024-10-23T08:13:22,
bloodaxe/pytorch-toolbelt,1230,30,123,1527,3179,2019-03-15T04:02:49,2025-02-06T08:10:42,2025-02-06T08:10:46,2025-02-06T08:10:36,
zentralopensource/zentral,2605,11,81,765,11449,2015-10-20T02:03:03,2025-02-13T12:03:09,2025-02-13T12:03:07,2025-02-13T11:23:27,
mflowgen/mflowgen,1196,0,54,244,10360,2019-11-10T01:48:23,2025-01-23T05:55:24,2025-01-23T05:10:30,2025-01-10T03:22:37,
ncclient/ncclient,1064,14,401,690,3480,2011-05-05T01:02:44,2025-01-27T10:18:39,2025-01-27T10:18:43,2025-01-27T10:18:39,
aio-libs/aiosmtpd,847,16,96,326,1309,2016-07-14T01:51:17,2024-12-01T04:59:24,2024-12-01T04:59:27,2024-12-01T04:59:22,
adafruit/adafruit_circuitpython_dht,210,47,64,186,170,2017-09-18T07:18:29,2025-01-16T06:46:11,2025-01-16T03:17:10,2025-01-16T03:17:08,
hatchet/hatchet,507,7,37,101,25963,2017-10-06T06:47:34,2024-05-24T05:34:53,2024-05-30T02:52:01,2024-02-29T10:31:45,
adafruit/adafruit_circuitpython_gps,329,60,60,77,302,2017-11-07T11:30:59,2025-01-16T06:53:45,2025-01-16T03:16:24,2025-01-16T03:16:22,
adafruit/adafruit_circuitpython_rfm9x,188,46,44,71,226,2018-03-02T06:44:53,2025-01-16T07:05:13,2025-01-16T03:14:50,2025-01-16T03:14:47,
autotest/tp-libvirt,15186,0,168,33,26213,2014-01-23T05:58:18,2025-02-13T09:38:48,2025-02-13T09:38:53,2025-02-13T09:38:48,
adafruit/adafruit_circuitpython_lsm9ds1,137,35,24,23,130,2017-12-01T09:32:06,2025-01-16T06:57:31,2025-01-16T03:14:19,2025-01-16T03:14:17,
adafruit/adafruit_circuitpython_ina219,147,38,26,26,162,2017-10-18T08:24:43,2025-01-16T06:54:26,2025-01-16T03:13:58,2025-01-16T03:13:55,
whatwg/misc-server,276,0,16,23,541,2012-10-24T03:21:43,2025-01-15T05:18:26,2025-01-15T05:18:27,2025-01-15T05:18:25,
adafruit/adafruit_circuitpython_ds3231,153,41,20,21,613,2016-11-16T10:15:58,2025-01-17T06:38:48,2025-01-17T05:58:43,2025-01-17T05:58:41,
thelocehiliosan/yadm,655,0,178,4933,4005,2015-07-14T12:51:13,2024-07-16T09:27:28,2024-07-17T05:04:45,2023-11-12T01:33:09,
ceph/ceph-ansible,6126,347,1006,1701,14175,2014-03-03T05:12:09,2025-02-11T01:28:11,2025-02-11T12:14:19,2025-02-11T12:14:13,
adafruit/adafruit_circuitpython_bme280,201,50,42,64,200,2017-10-27T11:23:14,2025-01-16T06:45:38,2025-01-16T03:13:41,2025-01-16T03:13:38,
owasp/cheatsheetseries,1885,0,4028,28788,1789237,2018-12-21T02:26:43,2025-02-05T09:58:45,2025-02-06T04:30:18,2025-02-05T09:56:43,
zigpy/zigpy-znp,904,52,40,148,9448,2020-02-28T09:11:19,2024-10-28T03:54:03,2024-10-28T03:21:06,2024-10-28T03:21:01,
suse-enceladus/img-proof,1212,48,7,15,1659,2017-07-14T07:19:33,2025-02-10T06:51:10,2025-02-10T06:51:12,2025-02-10T06:51:08,
castagnait/plugin.video.netflix,2757,110,259,1893,12622,2019-01-06T02:27:56,2024-06-04T08:58:09,2024-06-04T08:58:13,2024-06-04T08:58:09,
ets-labs/python-dependency-injector,2044,0,311,4126,40753,2015-01-04T01:23:05,2025-02-02T05:44:00,2025-02-03T06:52:43,2025-01-05T08:20:12,
bytedance/fedlearner,942,4,175,886,48309,2020-01-21T01:26:35,2024-07-08T02:53:44,2024-07-08T02:53:49,2024-07-08T02:53:44,
openwisp/openwisp-users,491,25,75,164,1977,2017-03-06T05:41:34,2025-02-01T03:37:10,2025-02-01T03:36:03,2025-02-01T03:35:58,
codezonediitj/pydatastructs,235,3,270,202,671,2019-06-17T11:23:01,2024-12-06T04:24:45,2024-12-06T04:24:51,2024-12-06T04:24:45,
autotest/tp-qemu,11720,0,174,49,144585,2014-01-23T05:51:34,2025-02-13T05:19:07,2025-02-13T05:19:11,2025-02-13T05:19:07,
getnikola/nikola,10426,80,456,2638,39664,2012-04-14T01:53:22,2025-01-20T06:15:40,2025-01-20T06:15:42,2025-01-20T06:15:40,
autorope/donkeycar,2193,18,1290,3126,92299,2016-12-10T06:35:09,2024-09-15T08:35:00,2024-09-15T08:35:04,2024-09-15T08:34:59,
dictation-toolbox/caster,2215,5,121,340,20695,2013-11-06T02:27:35,2024-09-27T06:56:06,2024-09-27T06:56:10,2024-09-27T06:56:03,
nextstrain/ncov,5138,16,403,1353,29523,2020-01-19T05:23:17,2025-02-10T10:23:23,2025-02-10T10:23:25,2025-02-10T10:23:21,
mackorone/spotify-playlist-archive,2364,0,170,333,24639233,2019-05-25T07:53:34,2023-09-12T02:22:18,2023-09-11T08:28:18,2023-09-12T02:21:05,
vmiklos/ged2dot,541,16,19,98,1839,2013-11-01T11:22:55,2025-02-04T06:17:10,2025-02-04T06:17:15,2025-02-04T06:17:06,
sopel-irc/sopel,6286,74,406,952,9611,2011-12-22T05:59:00,2025-02-05T11:45:07,2025-02-05T11:45:09,2025-02-05T11:45:05,
lux-org/lux,692,12,355,4649,53868,2020-01-08T04:53:29,2023-07-12T05:45:36,2023-07-20T07:07:07,2023-07-04T11:34:35,
rbanffy/3270font,958,37,72,1755,16958,2012-09-23T03:36:01,2024-11-29T05:15:01,2024-11-29T05:15:06,2024-11-29T05:15:01,
strateos/transcriptic,739,19,9,44,4450,2015-10-23T11:44:37,2023-01-30T06:23:13,2022-11-19T04:26:51,2023-01-17T09:57:53,
nottinghamtec/pyrigs,1972,0,9,25,49012,2015-10-28T08:25:19,2025-01-25T11:47:57,2025-01-25T11:48:01,2025-01-25T11:47:57,
snakyeyes/ade-scheduler,1784,0,4,15,16345,2019-07-31T09:21:48,2021-11-05T04:10:21,2021-11-03T02:29:07,2021-11-03T02:29:03,
bigswitch/pybsn,574,7,20,11,497,2015-05-07T09:22:23,2025-02-13T02:03:30,2025-02-13T02:01:07,2025-02-13T02:00:49,
pythoncapi/pythoncapi_compat,100,0,4,24,195,2020-06-04T05:09:06,2022-02-23T03:22:21,2022-02-09T05:35:14,2022-02-23T03:21:33,
smarr/pysom,1261,0,7,15,1482,2013-09-14T06:26:15,2024-06-16T05:34:23,2024-06-16T05:34:26,2024-06-16T05:33:42,
adafruit/adafruit_circuitpython_mpu6050,122,32,19,41,131,2019-09-25T10:29:27,2025-02-03T04:00:30,2025-02-03T04:00:09,2025-02-03T04:00:04,
sschuhmann/helium,252,23,15,233,6549,2017-03-17T11:12:50,2024-08-05T01:17:23,2024-08-05T12:57:45,2024-08-05T12:57:40,
wikidata/editgroups,345,0,1,19,1650,2018-03-07T06:18:51,2025-02-03T07:49:08,2025-02-03T07:48:08,2025-02-03T07:48:04,
janluke/cloup,737,25,11,110,801,2020-02-25T05:51:36,2025-02-09T08:54:38,2025-02-09T08:54:41,2025-02-09T08:54:33,
valohai/django-allauth-2fa,395,4,50,216,291,2015-04-04T12:31:29,2025-01-16T06:48:50,2025-01-16T06:47:16,2025-01-16T06:47:14,
adafruit/adafruit_circuitpython_drv2605,139,36,15,19,129,2017-12-27T10:34:45,2025-01-16T06:49:45,2025-01-16T03:13:46,2025-01-16T03:13:44,
machine-learning-exchange/mlx,213,2,44,155,46720,2021-04-08T10:40:47,2023-07-19T06:10:37,2023-07-19T09:49:24,2022-10-04T12:00:33,
adafruit/adafruit_circuitpython_tca9548a,118,31,17,26,110,2018-08-14T05:08:37,2025-01-22T08:48:40,2025-01-22T08:48:18,2025-01-22T08:48:13,
goerz/docs_versions_menu,181,7,6,25,8691,2020-01-07T09:38:24,2024-06-04T06:10:44,2024-06-04T06:09:21,2024-06-04T06:09:07,
michadenheijer/pynytimes,117,17,15,45,183,2019-10-18T06:45:17,2024-01-01T08:10:29,2024-01-05T05:31:32,2023-04-21T09:12:24,
disposable-email-domains/python-disposable-email-domains,205,0,16,49,348,2016-10-19T07:48:36,2025-01-21T02:01:15,2025-01-21T02:01:17,2025-01-21T02:01:12,
robpol86/sphinx-disqus,67,4,16,12,163,2015-07-29T02:40:31,2024-07-07T10:32:07,2024-07-07T10:04:08,2024-07-07T10:04:04,
wavefronthq/python-client,212,23,25,11,2914,2016-04-29T04:54:23,2024-06-11T03:16:27,2024-06-11T03:16:33,2024-06-11T03:16:25,
urlab/incubator,1354,0,14,18,13582,2015-02-26T08:30:49,2024-10-14T08:54:14,2024-10-14T08:54:17,2024-10-14T08:54:13,
googlecloudplatform/click-to-deploy,2144,3,457,738,322021,2018-04-05T09:20:03,2025-02-12T07:39:32,2025-02-12T07:39:33,2025-02-12T07:39:29,
keitaroinc/ckanext-saml2auth,176,10,20,20,253,2020-10-27T03:58:13,2023-03-17T04:20:48,2023-03-31T10:33:30,2023-02-15T06:48:24,
ctypesgen/ctypesgen,484,5,88,314,1049,2015-03-13T01:19:22,2024-12-24T12:57:25,2024-12-24T12:57:29,2024-12-24T12:57:25,
flask-extensions/flask-simplelogin,107,0,43,199,256,2017-08-23T10:29:20,2024-10-30T06:21:04,2024-10-30T06:21:08,2024-10-30T06:20:36,
picnicsupermarket/diepvries,97,2,15,124,1060,2021-02-17T09:31:47,2024-06-11T03:51:29,2024-06-11T03:45:58,2024-06-11T03:45:55,
adafruit/adafruit_circuitpython_imageload,384,61,21,15,514,2018-08-30T08:29:07,2025-01-17T06:38:17,2025-01-17T06:17:47,2025-01-17T06:17:45,
adafruit/adafruit_circuitpython_max7219,156,33,7,19,195,2017-08-15T10:18:10,2025-01-16T06:57:52,2025-01-16T03:11:24,2025-01-16T03:11:22,
adafruit/adafruit_circuitpython_lidarlite,95,26,12,18,124,2018-09-29T05:12:25,2025-01-16T06:57:06,2025-01-16T03:14:02,2025-01-16T03:14:00,
ewatercycle/ewatercycle,247,19,5,35,10524,2018-08-29T03:47:07,2025-02-07T01:17:40,2025-02-07T01:28:29,2025-02-07T01:17:34,
jaylinski/kodi-addon-vimeo,74,12,2,13,612,2019-08-11T08:36:30,2025-02-06T09:48:34,2025-02-06T09:48:37,2025-02-06T09:48:32,
city-of-helsinki/parkkihubi,728,0,19,14,1038,2016-11-29T01:32:13,2023-12-28T09:05:50,2023-11-23T09:33:35,2023-11-30T08:49:03,
adafruit/adafruit_circuitpython_is31fl3731,288,52,25,24,261,2017-04-18T07:46:48,2025-01-16T06:54:38,2025-01-16T03:14:01,2025-01-16T03:13:58,
posita/dyce,195,0,2,33,39805,2020-05-17T10:00:39,2024-08-03T11:42:55,2024-08-03T11:42:59,2024-08-03T11:42:17,
ade-scheduler/ade-scheduler,1976,0,16,27,16536,2019-07-31T09:21:48,2024-09-23T08:25:06,2024-09-23T08:11:57,2024-09-23T08:11:53,
dabapps/django-enforce-host,33,1,2,18,30,2017-11-24T03:31:30,2023-07-17T01:37:20,2022-11-29T09:31:06,2023-07-17T01:37:16,
uf3/uf3,731,4,21,60,19502,2021-10-01T01:21:44,2024-10-04T03:08:06,2024-10-04T03:08:11,2024-10-04T03:08:06,
kovidgoyal/unrardll,93,0,7,11,10663,2017-06-15T07:18:50,2024-02-03T03:15:10,2023-07-17T04:33:17,2024-02-03T03:15:03,
stevelorenz/comnetsemu,323,0,16,18,18428,2019-08-16T08:42:39,2023-08-07T12:29:19,2023-08-07T01:14:38,2022-04-23T07:09:29,
hugovk/strava-tools,61,0,3,26,255033,2018-09-13T12:55:54,2024-10-20T07:36:14,2024-10-20T07:36:16,2024-10-20T07:36:12,
jmdict-kindle/jmdict-kindle,137,10,17,233,4413,2014-01-01T08:02:59,2025-02-11T03:19:19,2025-02-11T09:46:14,2025-02-11T03:19:07,
kpetremann/mqtt-exporter,184,15,32,122,177,2019-07-27T07:15:10,2025-02-10T09:04:57,2025-02-10T09:05:01,2025-02-10T09:04:56,
thxo/cabrillo,72,9,10,17,81,2018-12-15T09:28:06,2024-10-14T09:22:50,2024-10-14T09:22:52,2024-10-14T09:22:40,
jazzband/django-recurrence,445,4,189,478,649,2012-02-20T10:41:02,2024-10-03T03:02:28,2024-10-03T05:09:03,2024-10-03T03:02:25,
jazzband/wagtailmenus,1160,60,137,403,4979,2016-01-28T03:19:08,2025-01-02T09:50:43,2025-01-07T09:47:21,2025-01-02T09:44:38,
nathanhi/pyfatfs,292,12,12,26,321,2019-07-14T08:25:29,2024-03-03T08:39:39,2024-03-02T07:41:04,2024-03-03T08:38:31,
ome/omero-scripts,1116,0,32,12,1905,2012-07-02T10:16:36,2024-12-17T03:35:14,2024-12-17T03:35:19,2024-12-17T03:34:23,
py-sdl/py-sdl2,650,11,49,305,2067,2017-08-17T01:43:47,2024-12-30T07:09:27,2024-12-30T07:09:31,2024-12-30T07:09:16,
jupyter-server/enterprise_gateway,1369,38,222,615,7807,2017-04-21T04:05:14,2024-07-13T03:01:05,2024-07-13T03:01:10,2024-07-13T03:01:05,
adafruit/adafruit_circuitpython_st7735r,115,34,11,17,121,2019-04-02T05:28:01,2025-01-16T07:16:23,2025-01-16T03:12:10,2025-01-16T03:12:08,
openedx/edx-analytics-data-api,1048,38,72,30,2517,2014-06-02T06:55:15,2024-04-26T06:42:01,2024-04-26T06:42:04,2024-04-26T06:42:00,
openedx/xqueue-watcher,179,0,39,17,184,2014-04-22T08:08:42,2024-09-13T01:50:06,2024-09-13T01:50:08,2024-09-13T01:50:03,
openedx/edx-analytics-data-api-client,320,27,25,14,289,2014-08-13T07:57:07,2024-04-19T07:01:24,2024-04-19T07:01:28,2024-04-19T07:01:23,
kiwitcms/tenants,474,33,3,13,398,2019-03-27T10:35:16,2025-01-06T09:03:45,2025-01-06T03:00:48,2025-01-06T03:00:43,
adafruit/adafruit_circuitpython_pcf8523,159,36,17,13,596,2016-11-16T10:17:24,2025-01-16T07:02:22,2025-01-16T03:17:55,2025-01-16T03:17:52,
adafruit/adafruit_circuitpython_mlx90614,110,26,6,13,120,2018-06-26T06:20:31,2025-01-16T07:00:10,2025-01-16T03:14:34,2025-01-16T03:14:32,
adafruit/adafruit_circuitpython_nunchuk,107,24,12,13,104,2019-07-20T07:34:59,2025-01-16T07:02:04,2025-01-16T03:11:33,2025-01-16T03:11:30,
adafruit/adafruit_circuitpython_miniqr,114,31,10,13,116,2018-09-16T02:58:25,2025-01-16T07:56:40,2025-01-16T03:17:27,2025-01-16T03:17:25,
openedx/openedx-webhooks,1382,0,20,13,1476,2014-07-09T05:08:56,2025-02-10T08:21:09,2025-02-10T08:21:11,2025-02-10T08:21:07,
geany/www.geany.org,269,0,13,13,704,2013-05-12T03:37:04,2024-11-09T09:06:28,2024-11-09T09:06:32,2024-11-09T09:06:28,
jazzband/django-formtools,365,0,138,13,654,2014-10-05T03:18:45,2025-02-03T05:55:31,2025-02-04T02:59:29,2025-01-27T08:53:55,
pyar/asoc_members,723,1,23,13,9125,2018-04-30T01:10:30,2024-05-06T03:13:05,2024-05-06T08:57:23,2024-05-06T08:57:19,
mborsetti/airportsdata,132,55,28,13,10768,2020-11-06T09:27:53,2024-10-01T12:57:10,2024-10-02T02:32:01,2024-10-01T12:56:46,
adafruit/adafruit_circuitpython_esp32spi,579,99,75,13,472,2019-01-26T11:16:33,2025-01-16T06:50:18,2025-01-16T03:13:48,2025-01-16T03:13:45,
adafruit/adafruit_circuitpython_busdevice,216,64,77,13,188,2016-12-02T01:41:12,2025-01-16T07:31:16,2025-01-16T03:15:53,2025-01-16T03:15:51,
adafruit/adafruit_circuitpython_circuitplayground,337,63,71,13,29927,2017-01-13T02:19:06,2025-01-16T06:46:01,2025-01-16T03:16:57,2025-01-16T03:16:55,
adafruit/adafruit_circuitpython_motorkit,137,36,31,13,1612,2018-12-05T07:41:01,2025-01-16T07:56:50,2025-01-16T03:16:10,2025-01-16T03:16:08,
adafruit/adafruit_circuitpython_pn532,183,42,47,13,181,2018-08-21T02:01:05,2025-01-16T07:05:04,2025-01-16T03:14:48,2025-01-16T03:14:46,
adafruit/adafruit_circuitpython_servokit,100,29,31,13,101,2018-12-11T06:28:18,2025-01-16T08:03:10,2025-01-16T03:16:18,2025-01-16T03:16:15,
adafruit/adafruit_circuitpython_motor,222,50,42,13,215,2017-12-20T12:40:55,2025-01-16T07:56:48,2025-01-16T03:11:58,2025-01-16T03:11:56,
adafruit/adafruit_circuitpython_display_text,633,116,38,13,596,2019-01-11T01:02:58,2025-01-16T07:41:19,2025-01-16T03:17:44,2025-01-16T03:17:41,
adafruit/adafruit_circuitpython_mcp230xx,182,40,37,13,180,2018-03-07T02:13:38,2025-01-16T06:57:55,2025-01-16T03:16:23,2025-01-16T03:16:21,
adafruit/adafruit_circuitpython_st7789,146,40,18,13,143,2019-03-21T03:58:42,2025-01-16T07:16:25,2025-01-16T03:15:14,2025-01-16T03:15:12,
adafruit/adafruit_circuitpython_dotstar,184,40,39,13,174,2017-07-02T08:39:17,2025-01-16T06:49:41,2025-01-16T03:17:09,2025-01-16T03:17:06,
adafruit/adafruit_circuitpython_epd,281,47,22,13,289,2017-10-06T09:29:42,2025-01-16T06:50:13,2025-01-16T03:17:42,2025-01-16T03:17:40,
adafruit/adafruit_circuitpython_fingerprint,190,39,54,13,206,2017-11-29T06:07:41,2025-01-16T06:53:34,2025-01-16T03:17:07,2025-01-16T03:17:05,
adafruit/adafruit_circuitpython_amg88xx,158,35,27,13,168,2017-06-06T06:09:46,2025-01-16T06:34:36,2025-01-16T03:16:26,2025-01-16T03:16:23,
adafruit/adafruit_circuitpython_framebuf,166,38,36,13,182,2018-12-21T06:25:14,2025-01-16T07:47:19,2025-01-16T03:15:59,2025-01-16T03:15:57,
adafruit/adafruit_circuitpython_rfm69,199,43,28,13,251,2018-01-12T10:33:06,2025-01-16T07:05:11,2025-01-16T03:12:59,2025-01-16T03:12:57,
adafruit/adafruit_circuitpython_bitmap_font,191,44,25,13,411,2018-12-11T04:44:16,2025-01-16T07:26:47,2025-01-16T03:15:47,2025-01-16T03:15:44,
adafruit/adafruit_circuitpython_ws2801,117,31,14,13,129,2018-01-20T06:30:51,2025-01-16T07:20:36,2025-01-17T02:37:26,2025-01-16T03:18:21,
adafruit/adafruit_circuitpython_pcd8544,84,25,8,13,108,2018-12-22T06:36:09,2025-01-16T07:02:19,2025-01-16T03:14:44,2025-01-16T03:14:42,
adafruit/adafruit_circuitpython_debouncer,147,35,16,13,140,2019-01-04T10:15:21,2025-01-16T07:41:10,2025-01-16T03:15:54,2025-01-16T03:15:52,
adafruit/adafruit_circuitpython_neopixel_spi,103,27,11,13,115,2019-12-04T06:32:13,2025-01-16T07:01:57,2025-01-16T03:14:40,2025-01-16T03:14:38,
adafruit/adafruit_circuitpython_mpr121,153,40,19,13,117,2017-03-14T04:56:39,2025-01-16T07:01:43,2025-01-16T03:11:30,2025-01-16T03:11:27,
adafruit/adafruit_circuitpython_atecc,122,31,20,13,133,2019-09-17T05:11:30,2025-01-16T06:45:28,2025-01-16T03:13:38,2025-01-16T03:13:35,
adafruit/adafruit_circuitpython_matrixkeypad,107,25,10,13,123,2018-05-29T12:50:18,2025-01-16T06:57:39,2025-01-16T03:14:23,2025-01-16T03:14:21,
adafruit/adafruit_circuitpython_74hc595,120,30,10,13,2172,2018-11-13T11:52:50,2025-01-16T06:32:05,2025-01-16T03:11:17,2025-01-16T03:11:13,
adafruit/adafruit_circuitpython_crickit,131,33,12,13,140,2018-06-21T02:44:16,2025-01-16T06:46:06,2025-01-16T03:11:18,2025-01-16T03:11:16,
adafruit/adafruit_circuitpython_miniesptool,127,30,9,13,140,2018-12-08T04:44:42,2025-01-16T07:56:36,2025-01-16T03:11:57,2025-01-16T03:11:55,
adafruit/adafruit_circuitpython_boardtest,109,26,7,13,576,2018-12-09T09:11:59,2023-12-09T05:43:06,2022-11-17T07:24:41,2023-12-04T03:53:37,
adafruit/adafruit_circuitpython_register,190,52,24,14,212,2016-11-28T07:16:11,2025-01-16T07:58:42,2025-01-16T03:16:17,2025-01-16T03:16:13,
adafruit/adafruit_circuitpython_neopixel,229,53,102,14,169,2016-11-11T02:48:56,2025-01-30T02:12:07,2025-01-30T02:11:35,2025-01-30T02:11:30,
toolforge/paws,1139,0,34,14,968,2015-11-29T09:05:57,2025-01-09T07:08:19,2025-01-09T02:25:18,2025-01-09T02:24:52,
ome/omero-web,13493,1,31,14,26490,2019-08-05T03:05:08,2024-12-14T06:56:28,2024-12-14T06:56:33,2024-12-14T06:56:27,
biomedsciai/causallib,88,15,95,14,13453,2019-04-04T04:34:42,2024-07-31T11:34:58,2024-07-31T11:32:32,2024-07-31T11:32:28,
gday/django-q2,1295,9,5,14,2058,2022-09-03T10:01:52,2022-12-22T02:06:46,2023-01-05T07:33:07,2022-12-22T02:06:01,
comments-ink/django-comments-ink,885,5,4,14,8865,2022-03-26T05:37:07,2024-04-15T07:35:59,2024-03-30T08:04:36,2024-04-15T07:35:59,
awslabs/aws-deployment-framework,444,31,226,14,4161,2019-02-20T06:16:35,2024-10-25T05:24:57,2024-10-25T05:24:55,2024-10-25T05:24:50,
suse-enceladus/ec2imgutils,428,0,5,15,576,2018-09-18T08:02:25,2024-04-11T01:33:15,2023-11-14T05:45:07,2024-04-11T01:33:15,
vanvalenlab/deepcell-tracking,99,32,6,15,370,2019-09-25T11:29:01,2024-08-06T06:30:51,2024-08-07T04:02:50,2024-08-06T06:28:26,
renatahodovan/fuzzinator,465,0,37,15,1230,2016-10-20T11:56:41,2025-01-02T12:08:06,2025-01-02T12:08:09,2025-01-02T12:07:53,
bytedeck/bytedeck,3100,0,30,15,13254,2015-07-07T04:13:53,2025-02-11T07:18:41,2025-02-11T07:13:36,2025-02-11T07:13:09,
chaoss/grimoirelab-cereslib,310,59,61,15,391,2016-03-10T04:15:34,2025-01-15T11:54:51,2025-01-15T11:54:52,2025-01-15T11:54:50,
adafruit/adafruit_circuitpython_ads1x15,228,48,60,15,243,2017-11-06T11:55:15,2025-01-16T06:32:23,2025-01-16T03:13:28,2025-01-16T03:13:25,
adafruit/adafruit_circuitpython_rplidar,142,26,18,15,103,2019-01-04T09:13:20,2025-01-16T07:05:19,2025-01-16T03:14:52,2025-01-16T03:14:50,
adafruit/adafruit_circuitpython_rsa,184,31,13,15,298,2019-07-30T05:55:41,2025-01-16T07:58:48,2025-01-16T03:12:54,2025-01-16T03:12:52,
adafruit/adafruit_circuitpython_gfx,124,25,13,15,141,2018-12-21T08:53:12,2025-01-16T07:47:23,2025-01-16T03:16:00,2025-01-16T03:15:58,
small-bodies-node/pds4_tools,118,5,13,15,2385,2017-10-24T01:28:04,2025-02-10T02:26:43,2025-02-10T02:22:21,2025-02-10T02:22:16,
redhatproductsecurity/cvss,131,23,31,15,18082,2016-02-15T08:59:00,2025-02-11T05:47:11,2025-02-11T05:17:04,2025-02-11T05:16:46,
alexaltea/curator,107,0,2,15,549,2023-01-06T10:02:49,2024-07-22T12:20:56,2024-07-22T12:20:59,2024-07-22T12:20:48,
python-jsonschema/hypothesis-jsonschema,415,0,27,15,10895,2018-11-20T12:23:34,2024-03-03T10:21:31,2024-03-01T08:42:07,2024-03-03T05:45:16,
aguaclara/aguaclara,899,55,13,15,15761,2017-05-30T05:35:36,2023-02-08T06:18:57,2023-02-08T05:11:23,2023-02-08T05:33:51,
hisparc/publicdb,2727,0,4,16,12384,2012-02-16T12:25:35,2023-02-20T09:09:00,2023-02-12T09:05:32,2023-02-13T11:37:12,
django-q2/django-q2,1382,26,43,16,2397,2022-09-03T10:01:52,2025-01-12T02:40:22,2025-01-13T12:56:59,2025-01-12T02:40:18,
yamcs/python-yamcs-client,504,41,13,17,2183,2018-09-11T08:35:06,2024-11-19T08:30:10,2024-11-19T08:30:00,2024-11-19T08:27:28,
felix-hilden/tekore,668,49,20,17,1488,2019-08-12T03:41:18,2024-12-11T02:13:47,2024-12-11T02:03:29,2024-12-11T02:03:10,
finbourne/lusid-python-tools,551,0,11,17,2322,2019-11-15T03:50:19,2024-09-06T11:17:49,2024-09-06T11:17:54,2024-06-24T01:03:13,
tiborhari/django-admin-reset,45,0,7,20,55,2018-03-17T01:21:45,2023-08-06T08:15:24,2023-05-19T08:51:13,2023-08-06T07:58:57,
adafruit/adafruit_circuitpython_pyoa,166,37,13,20,6352,2019-03-24T05:31:27,2025-01-16T07:58:36,2025-01-16T03:10:57,2025-01-16T03:10:54,
45drives/ceph-ansible,6074,35,6,21,13063,2020-09-23T01:05:44,2025-01-16T04:10:14,2025-01-16T04:08:37,2025-01-16T04:08:15,
adafruit/adafruit_circuitpython_gc_iot_core,140,30,12,21,115,2019-08-22T04:41:49,2025-01-16T07:23:18,2025-01-16T03:12:39,2025-01-16T03:12:36,
nikolay-lysenko/sinethesizer,271,0,1,21,398,2019-06-22T10:01:43,2024-07-20T03:11:16,2024-07-20T03:11:20,2024-07-20T03:10:53,
koiuo/randrctl,145,9,12,21,203,2014-09-07T12:12:22,2024-02-10T07:10:51,2023-03-15T06:34:27,2024-02-10T07:08:50,
edx/dbt-schema-builder,209,17,3,21,335,2020-06-02T07:37:05,2024-12-03T01:41:24,2024-12-03T01:45:53,2024-12-03T01:41:22,
veeamhub/veeam-ansible,100,0,19,22,183,2020-04-14T03:40:32,2024-12-17T03:34:16,2024-12-17T03:34:22,2024-12-17T03:34:16,
pylint-dev/pylint-django,691,26,117,22,631,2013-10-01T06:35:15,2025-01-14T06:22:04,2025-01-15T08:14:14,2025-01-14T06:22:04,
openpmd/openpmd-viewer,988,31,50,22,3612,2015-10-08T04:22:47,2024-11-12T08:47:57,2024-11-12T08:47:27,2024-11-12T08:47:39,
filips123/contenthashpy,21,4,5,22,31,2019-07-25T01:06:36,2023-12-24T04:55:44,2023-10-24T10:50:45,2023-12-24T04:49:42,
larafuhrmann/viloca,405,0,0,23,7150,2022-01-18T02:36:53,2023-08-11T12:43:23,2023-08-08T08:23:27,2023-08-11T12:43:20,
falcony-io/sqlalchemy-searchable,315,2,44,27,365,2012-12-18T08:37:37,2024-07-10T06:16:45,2024-07-10T06:55:49,2024-07-10T06:16:43,
adafruit/Adafruit_CircuitPython_ILI9341,134,34,11,29,107,2019-01-24T01:35:13,2025-01-16T06:54:23,2025-01-16T03:13:56,2025-01-16T03:13:54,
adafruit/Adafruit_CircuitPython_BluefruitConnect,174,36,16,29,182,2019-01-20T08:44:09,2025-01-16T07:31:11,2025-01-16T03:12:48,2025-01-16T03:12:46,
SUSE/osc-tiny,215,55,11,29,2202,2018-12-10T01:44:28,2024-11-27T12:16:58,2024-11-27T12:07:22,2024-11-27T12:07:15,
JacobsAlumni/MemberManagement,725,0,7,29,2722,2017-11-22T07:47:11,2023-12-21T03:50:19,2023-09-25T08:00:31,2023-09-24T07:23:21,
ipregistry/ipregistry-python,150,8,2,32,233,2019-05-09T09:24:20,2025-01-27T05:38:25,2025-01-27T05:38:22,2025-01-27T05:38:17,
pawel-slowik/dpgv4,92,0,3,35,4518,2018-12-26T04:08:32,2024-05-09T02:46:03,2024-05-09T02:46:06,2024-05-09T02:41:45,
UBC-Solar/Simulation,657,6,2,36,53167,2020-02-08T10:05:50,2025-01-25T06:26:27,2025-01-25T06:26:33,2025-01-25T06:26:27,
cbg-ethz/VILOCA,444,2,0,37,6394,2022-01-18T02:36:53,2024-12-03T03:23:00,2024-12-03T03:27:14,2024-12-03T03:23:00,
adafruit/Adafruit_CircuitPython_AWS_IOT,126,27,11,39,129,2019-10-09T05:39:33,2025-01-16T07:23:13,2025-01-16T03:15:42,2025-01-16T03:15:40,
adafruit/Adafruit_CircuitPython_MCP4725,102,28,10,39,114,2018-01-26T12:55:39,2025-01-16T06:58:05,2025-01-16T03:11:27,2025-01-16T03:11:24,
adafruit/Adafruit_CircuitPython_SimpleIO,164,41,21,39,191,2016-12-08T12:31:07,2025-01-16T08:03:15,2025-01-16T03:12:04,2025-01-16T03:12:01,
carlthome/audioscrape,90,6,10,41,3557,2016-08-09T10:07:17,2024-04-19T09:57:01,2024-04-19T09:57:04,2024-04-19T09:56:49,
jpmckinney/validictory,344,0,57,44,391,2010-07-30T09:40:15,2024-02-15T07:44:50,2023-12-21T08:03:59,2024-02-15T07:44:14,
maykinmedia/django-camunda,98,0,2,62,100,2019-09-20T09:47:26,2024-05-09T07:29:57,2024-05-15T12:59:43,2024-05-08T03:24:57,
fluiddyn/fluidimage,1182,0,4,62,27548,2017-07-04T03:41:41,2024-11-20T11:32:05,2024-11-20T11:32:09,2024-11-20T11:32:00,
adafruit/Adafruit_CircuitPython_VEML7700,114,33,9,66,112,2019-02-15T08:46:47,2025-02-11T09:42:20,2025-02-11T09:41:58,2025-02-11T09:41:53,
valohai/minique,139,0,0,69,126,2017-05-29T05:52:26,2025-02-04T11:45:24,2025-02-04T11:45:28,2025-02-04T11:45:18,
proteanhq/protean,1166,34,9,80,6891,2018-07-15T12:51:10,2024-08-21T02:43:28,2024-08-21T02:39:26,2024-08-21T02:39:18,
adafruit/Adafruit_CircuitPython_DisplayIO_SH1107,154,29,9,88,151,2020-09-30T07:07:42,2025-01-16T06:49:35,2025-01-16T03:17:12,2025-01-16T03:17:09,
davidparsson/transposer,23,0,5,116,12,2011-08-21T05:57:16,2024-05-01T11:44:34,2024-05-01T11:44:35,2024-05-01T11:44:31,
Kinto/kinto-wizard,440,11,3,122,473,2016-10-27T03:04:59,2025-01-07T11:01:59,2025-01-07T11:02:01,2025-01-07T11:01:57,
raphaelm/defusedcsv,24,0,1,170,28,2017-08-07T09:31:36,2024-05-31T12:32:46,2024-05-31T12:33:00,2024-05-31T12:32:37,
timeplus-io/proton-python-driver,492,5,4,634,1560,2022-03-16T10:42:49,2024-12-02T06:55:20,2024-12-02T06:49:09,2024-12-02T06:49:04,
sethmlarson/hstspreload,182,0,6,658,13748,2019-07-25T03:40:37,2025-01-01T12:27:27,2025-01-01T12:27:31,2025-01-01T12:27:26,
aboutcode-org/scancode.io,1101,56,95,1104,65145,2020-09-10T03:06:52,2025-01-27T07:26:43,2025-01-27T12:23:36,2025-01-27T05:23:48,
alpha-unito/jupyter-workflow,178,4,0,1447,6590,2021-01-03T10:26:34,2025-02-02T07:25:52,2025-02-02T07:24:54,2025-02-02T07:24:49,
nirs/pytest-threadleak,45,1,6,3604,31,2017-07-01T10:10:20,2024-09-01T11:06:35,2024-09-01T11:06:38,2024-09-01T11:06:34,
theonlypwner/crc32,36,1,78,327,85,2014-04-01T11:44:09,2024-09-21T09:42:35,2024-09-21T09:42:38,2024-09-21T09:40:37,
robpol86/sphinxcontrib-disqus,38,2,14,13,1372,2015-07-29T02:40:31,2017-10-13T03:42:27,2020-12-12T06:34:35,2016-08-23T01:13:30,
jamesturk/validictory,324,25,58,243,350,2010-07-30T09:40:15,2017-12-01T07:02:10,2019-12-09T04:34:14,2017-12-01T07:01:00,
sphinx-contrib/apidoc,50,0,12,51,54,2018-03-26T03:15:10,2024-01-16T03:49:37,2023-11-16T09:13:17,2024-01-16T03:48:45,
mwilliamson/python-vendorize,75,0,11,83,75,2015-12-26T08:41:30,2024-08-07T12:54:38,2024-08-07T12:56:20,2024-04-13T10:26:25,
kvesteri/wtforms-components,241,0,28,68,244,2013-03-15T08:22:23,2024-11-23T09:07:36,2024-11-23T09:07:37,2024-11-23T09:07:33,
crew102/reprexpy,212,8,6,86,29381,2018-05-16T04:51:36,2024-01-06T05:52:22,2024-01-04T04:23:05,2024-01-06T05:52:15,
gabfl/mysql-batch,33,0,2,25,61,2017-01-19T09:24:52,2024-06-07T11:05:14,2024-06-07T11:05:11,2024-06-07T11:05:07,
enthought/sat-solver,856,15,7,26,912,2014-12-09T07:31:39,2019-10-09T02:43:45,2019-12-17T01:47:13,2019-10-08T11:18:33,
jsocol/django-adminplus,98,0,79,559,62,2011-03-04T02:23:48,2023-12-05T07:14:38,2023-12-24T06:46:01,2023-12-05T07:14:12,
flozz/pypapi,252,3,11,42,6777,2017-07-04T04:08:02,2025-01-14T08:40:18,2025-01-14T08:40:15,2025-01-14T08:40:11,
git-multimail/git-multimail,937,12,69,148,1446,2012-11-08T09:03:59,2023-12-20T07:07:33,2023-10-27T11:10:13,2023-12-20T07:07:32,
n8henrie/fauxmo-plugins,128,0,13,13,109,2017-03-20T05:00:25,2024-06-01T04:29:59,2024-06-01T04:30:02,2024-06-01T04:29:58,
alanhamlett/pip-update-requirements,215,28,22,618,4520,2016-05-09T12:18:02,2024-12-12T06:36:48,2024-12-12T06:35:59,2024-12-12T06:35:51,
numberly/mongo-thingy,129,21,10,50,77,2017-04-20T03:10:09,2019-12-19T09:55:05,2020-12-07T09:22:54,2019-12-19T09:32:56,
ikalnytskyi/holocron,552,0,3,17,1195,2014-05-17T07:40:22,2024-12-25T04:30:54,2024-12-25T04:30:56,2024-12-25T04:30:52,
dspinellis/rdbunit,102,0,3,23,119,2017-03-15T07:46:41,2024-08-16T07:21:00,2024-08-16T07:21:04,2024-08-16T07:21:00,
mhe/pynrrd,270,21,52,118,371,2010-07-12T07:46:35,2025-01-23T05:13:22,2025-01-23T05:12:44,2025-01-23T05:12:40,
whitespy/django-node-assets,60,0,6,24,33,2018-01-30T01:29:49,2024-06-27T10:03:02,2024-06-27T10:00:16,2024-06-27T10:00:01,
pytorch/tnt,1053,0,280,1684,9080,2016-12-10T11:49:58,2025-02-03T09:46:13,2025-02-03T09:43:25,2025-02-03T09:41:07,
gweis/isodate,193,0,58,150,201,2012-10-29T11:32:06,2024-10-09T01:49:41,2024-10-09T01:49:45,2024-10-09T01:49:36,
sobotklp/django-throttle-requests,104,0,9,52,113,2013-02-20T03:54:30,2024-02-07T06:30:53,2024-01-30T06:20:40,2024-02-07T06:30:42,
drugilsberg/paccmann,47,0,22,67,27112,2019-01-19T02:17:31,2023-12-28T08:24:05,2023-12-20T03:37:58,2023-12-28T08:24:05,
qiskit/qiskit-bot,90,0,26,18,148,2019-09-03T06:29:32,2024-07-30T09:52:42,2024-07-30T09:52:45,2024-07-30T09:52:42,
carlthome/audio-scraper,70,5,9,70,3530,2016-08-09T10:07:17,2023-08-01T12:34:33,2023-07-27T01:57:15,2023-08-01T12:34:33,
broadinstitute/cromwell-tools,96,21,7,18,459,2017-10-10T08:46:24,2020-02-21T07:34:58,2020-12-11T12:25:20,2020-02-19T04:52:57,
python/pythoncapi_compat,110,0,6,10,244,2020-06-04T05:09:06,2022-04-08T03:14:28,2022-03-31T02:18:13,2022-04-08T03:14:07,
refty/mongo-thingy,221,10,12,10,167,2017-04-20T03:10:09,2024-12-11T06:22:39,2024-12-11T06:22:44,2024-12-11T06:22:36,
adafruit/adafruit_circuitpython_mcp9808,144,39,19,10,137,2017-01-12T02:34:52,2025-01-22T04:22:28,2025-01-22T04:22:06,2025-01-22T04:22:01,
jupyter-server/kernel_gateway,623,13,128,10,894,2015-09-21T03:34:11,2024-03-12T05:51:21,2024-03-05T01:33:04,2024-03-12T05:51:18,
openedx/edx-analytics-pipeline,1100,1,119,10,5860,2014-08-13T07:57:17,2024-03-11T02:59:42,2023-10-01T10:16:48,2024-03-11T02:59:41,
rticau/screencaplibrary,120,22,12,10,390,2018-08-22T08:33:13,2022-03-17T11:51:03,2022-03-17T11:43:52,2022-03-17T11:51:03,
adafruit/adafruit_circuitpython_sht31d,147,36,17,10,156,2018-01-29T03:07:25,2025-01-16T07:12:22,2025-01-16T03:15:04,2025-01-16T03:15:01,
jazzband/django-invitations,391,2,166,10,415,2014-11-29T11:20:24,2024-10-08T09:26:10,2024-10-08T02:38:44,2024-08-13T05:34:06,
projectmesa/mesa-geo,253,16,63,10,2189,2017-09-14T09:56:33,2025-02-05T06:50:53,2025-02-05T06:49:25,2025-02-05T06:49:21,
adafruit/adafruit_circuitpython_ssd1305,94,29,5,10,117,2019-09-12T06:47:42,2025-01-16T07:13:31,2025-01-16T03:11:37,2025-01-16T03:11:34,
python/pythoncapi-compat,231,0,26,10,271,2020-06-04T05:09:06,2025-01-28T01:18:39,2025-01-28T01:18:45,2025-01-28T01:18:38,
cdluc3/ezid,5375,74,4,10,76248,2020-02-21T06:40:34,2025-02-12T09:38:10,2025-02-12T09:34:17,2025-02-12T09:33:09,
adafruit/adafruit_circuitpython_azureiot,263,39,15,10,622,2019-05-10T07:11:11,2025-01-16T07:23:34,2025-01-16T03:12:58,2025-01-16T03:12:56,
adafruit/adafruit_circuitpython_logging,292,50,21,10,193,2019-03-07T06:02:35,2025-01-16T07:56:21,2025-01-16T03:16:04,2025-01-16T03:16:01,
semaphoresolutions/s4-clarity-lib,92,11,11,11,195,2019-04-08T04:55:54,2024-08-06T11:22:41,2024-08-06T11:21:35,2024-08-06T11:21:31,
duosecurity/duo_universal_python,62,8,23,11,92,2020-10-16T12:45:23,2024-12-10T04:12:19,2024-12-10T04:09:32,2024-12-10T04:09:28,
newfuture/ddns,395,36,655,11,342,2016-06-10T11:51:51,2024-09-11T03:29:01,2024-09-12T10:51:40,2024-09-11T03:29:00,
joanbm/full-offline-backup-for-todoist,128,14,9,11,211,2018-02-10T11:49:59,2024-07-07T12:01:48,2024-07-07T12:01:51,2024-07-07T12:01:46,
adafruit/adafruit_circuitpython_ina260,127,31,11,11,129,2019-03-05T06:05:07,2025-01-16T06:54:33,2025-01-16T03:11:23,2025-01-16T03:11:20,
capytaine/capytaine,1203,17,75,11,2336,2017-09-16T01:11:11,2025-02-12T04:53:41,2025-02-12T04:53:45,2025-02-12T04:53:41,
aiidateam/kiwipy,314,7,4,11,532,2018-01-21T03:17:53,2025-02-05T10:47:00,2025-02-05T09:20:40,2025-02-05T09:20:35,
pythological/etuples,44,7,6,12,81,2019-12-23T08:54:48,2024-09-03T10:30:13,2024-09-03T10:30:15,2024-09-03T10:30:10,
skalenetwork/transaction-manager,635,190,7,12,1489,2019-11-07T03:20:35,2024-05-17T07:24:38,2024-05-17T07:22:53,2024-05-17T07:22:49,
painless-software/python-cli-test-helpers,141,0,4,12,151,2019-10-27T03:29:38,2025-01-06T10:28:00,2025-01-06T10:26:37,2025-01-06T10:26:33,
meyt/linkpreview,91,1,9,13,73,2020-02-10T05:47:24,2024-09-27T06:51:05,2024-09-27T06:51:08,2024-09-27T06:50:56,
OpenAPITools/openapi-generator-pip,58,0,8,17,86,2019-11-02T10:14:49,2025-01-23T09:03:21,2025-01-23T09:03:25,2025-01-23T09:03:21,
sphinx-contrib/multiversion,233,7,69,164,374,2020-02-19T04:25:24,2025-02-11T07:35:05,2025-02-11T07:35:09,2025-02-11T07:35:05,
yadm-dev/yadm,714,0,178,5499,3794,2015-07-14T12:51:13,2025-02-10T09:02:25,2025-02-11T05:55:31,2025-02-09T09:28:48,
moira-alert/moira-trigger-role,42,0,5,10,80,2017-11-04T07:04:03,2025-01-15T11:10:54,2025-01-15T11:10:56,2025-01-15T11:10:54,
adafruit/Adafruit_CircuitPython_HCSR04,115,26,22,10,670,2018-09-07T01:09:14,2025-01-16T06:53:48,2025-01-16T03:13:50,2025-01-16T03:13:48,
adafruit/Adafruit_CircuitPython_NTP,146,34,18,10,119,2019-08-22T06:02:35,2025-01-16T07:57:45,2025-01-16T03:16:12,2025-01-16T03:16:09,
bbc2/shuffled,79,0,3,10,156,2016-05-29T05:10:32,2025-02-09T12:33:15,2025-02-09T12:33:18,2025-02-09T12:33:14,
