full_name,gpt_result,importer_result,codebleu,ngram_match_score,weighted_ngram_match_score,syntax_match_score
ckan/ckanext-archiver,0,0.409880586,0.1845266520024072,0.2998183925857917,0.155363268095073,0.0122699386503067
radare/radare2-r2pipe-api,0,0.546291679,0.1369415975138798,0.165607009648999,0.1423958390975325,0.0687022900763358
letterror/ufoprocessor,0,0.332601637,0.0636353981288857,0.0990125537948321,0.0600759415273822,0.0
trailofbits/manticore-examples,0,0.400046478,0.1819866405760808,0.2641631309468709,0.148595678285539,0.0844155844155844
kanboard/python-api-client,0,0.603582481,0.4238212051608482,0.5265063542282887,0.5034413955159371,0.0592105263157894
opencivicdata/python-opencivicdata,0,0.533386299,0.2744580154193646,0.4105753571302231,0.2543278513528288,0.0424836601307189
aureliojargas/replace,0,0.524961299,0.1425808069396593,0.1540778857001871,0.2023741316489611,0.0
marcus-oscarsson/pyqtconsole,0,0.625004606,0.1000916498454361,0.1305857181895591,0.1116752789339913,0.0159362549800796
standy66/purerpc,0,0.403082098,0.0768624130627071,0.0776479199924606,0.088701661051404,0.0516129032258064
cuducos/webassets-elm,0,0.634956763,0.2075655730890745,0.2403154795553185,0.2545984531673679,0.048
hugovk/pixel-tools,0,0.661850467,0.1789804220857688,0.1985729872310197,0.2305294441301913,0.036697247706422
m-mueller/mattermost-poll,0,0.719951057,0.4627049809048664,0.5956439206427558,0.5322167975153639,0.0578034682080924
exodus-privacy/exodus-standalone,0,0.596087272,0.2859018518606956,0.3713825414146586,0.3365227731685873,0.0136986301369863
potassco/telingo,0,0.225458784,0.2000568747009483,0.3028335118873044,0.1973086748650662,0.0
metasys-lisbp/isocor,0,0.350516936,0.1530901687859773,0.1166699343683205,0.2214126304537655,0.0892857142857142
gerardroche/sublime-phpunit,0,0.491807103,0.0464139885638412,0.0638862078824203,0.0346884460668653,0.0349206349206349
fitnr/censusgeocode,0,0.503293675,0.2365759592517626,0.2991792535810917,0.2922606445483149,0.0
bodik/soft-webauthn,0,0.599354929,0.3092245266492511,0.276947691420245,0.4836136252028828,0.025
gedaskir/qmeq,0,0.219712593,0.1386072539773007,0.1261209656625156,0.1771539260374931,0.0864864864864864
remcohaszing/pywakeonlan,0,0.350865113,0.1665580923939286,0.1348384752103976,0.2708040676023808,0.021505376344086
gabfl/vault,0,0.787719676,0.4486958166024863,0.567334910218497,0.4966011630796264,0.1156069364161849
edio/randrctl,0,0.589380461,0.4709619083529898,0.6294703296529277,0.5237965101950639,0.0482758620689655
tsroten/fcache,0,0.554759702,0.1472820150670546,0.2712578060620425,0.0869804541969562,0.0199335548172757
datalad/datalad-neuroimaging,0,0.113677701,0.3731200297860398,0.2950304797037356,0.600732557724327,0.074074074074074
danjac/pyramid_storage,0,0.453893799,0.2208708608528857,0.3715057643700679,0.1806713877621462,0.0
cfstacks/stacks,0,0.384603526,0.2959373002639759,0.3942281366062917,0.3267866621708027,0.0376569037656903
rogargon/myrecommendations,0,0.414797485,0.2037992099917525,0.1742160538847834,0.3001942517963523,0.0701754385964912
modscripps/mixsea,0,0.353665169,0.3502205184633096,0.632708767532676,0.242842528625598,0.0
django-fluent/django-fluent-blogs,0,0.389115864,0.2191329808531037,0.3471223114744391,0.1961018457274444,0.0092165898617511
strongswan/strongtnc,0,0.686957903,0.5857966200210037,0.6323279977869533,0.5680126088693296,0.5283018867924528
unode/firefox_decrypt,0,0.411768498,0.2522798448846818,0.4664535246406878,0.1527518346974534,0.0229885057471264
adobe/ops-cli,0,0.394181491,0.2050100849037752,0.2999175566719988,0.1913310598427582,0.0425531914893617
tramcar/tramcar,0,0.688472956,0.4737266799659757,0.6526098418627289,0.5124760888214412,0.0384615384615384
dirkmoors/drf-tus,0,0.103291183,0.3520671454888445,0.4787892766127612,0.3893303943382656,0.0240963855421686
apsl/django-yubin,0,0.339162185,0.2345568352740257,0.2388736036715981,0.3296613416563232,0.0357142857142857
clalancette/oz,0,0.34123869,0.0237191244317669,0.0339103232944663,0.025387487784951,0.0
dakrauth/django-swingtime,0,0.705312247,0.5343465237367199,0.693277086800561,0.6035267225412387,0.078125
dorianbrown/rank_bm25,0,0.392162312,0.4561359233646712,0.4615422695950696,0.5771026235623711,0.2033898305084746
bittremieux/spectrum_utils,0,0.331446329,0.3097716171821912,0.5435839158560055,0.2156936119479572,0.0303030303030303
amancevice/influxalchemy,0,0.261168172,0.0760383683106524,0.0572078688663388,0.0964802849200008,0.0728155339805825
mozilla/foxpuppet,0,0.318477614,0.023420993235103,0.024453768179524,0.0306385072957768,0.0069204152249134
curiouslearner/django-phone-verify,0,0.622764453,0.4198222975242737,0.5298483253895206,0.5022655579560473,0.0348837209302325
eugene-eeo/tinyrecord,0,0.614096472,0.3431615223027981,0.5903521545441854,0.2491184714893075,0.0368663594470046
georgeyk/belogging,0,0.444154004,0.107284631142701,0.1970245250521485,0.0711870528046041,0.0
jbarnoud/panedr,0,0.373898023,0.0963584138104088,0.1445234661204074,0.0930830947214042,0.006578947368421
ab-ce/abce,0,0.52817411,0.6497655010475291,0.821158953609091,0.7832547990097315,0.04
django-compressor/django-appconf,0,0.3764744,0.3391669626923425,0.4037365671333333,0.4371878326045158,0.0139860139860139
ithaka/apiron,0,0.520430196,0.407668926343394,0.4856638748843739,0.5235084409741111,0.02
thomasballinger/curtsies,0,0.562325762,0.4639812797194055,0.7012764615598374,0.4147578188197576,0.0878378378378378
wimglenn/pytest-structlog,0,0.498002933,0.1566644858011297,0.1916486227256743,0.1854140516311645,0.0291970802919708
carrotquest/django-clickhouse,0,0.382196163,0.2805115753611767,0.3722462745982067,0.3197447381081407,0.0185758513931888
peshay/btcde,0,0.587291324,0.3715446269849506,0.3732866485606365,0.5152240417087576,0.0807017543859649
samuelcolvin/harrier,0,0.536713443,0.1742608595504314,0.2010741807667104,0.2044920082239812,0.0601719197707736
craigds/django-typed-models,0,0.508802525,0.352479000356514,0.5250286153294232,0.3416761319386733,0.0289855072463768
hexlet/hexlet-friends,0,0.673412398,0.4338693602775189,0.5274643898074841,0.4919916195819653,0.1304347826086956
yelp/aactivator,0,0.653675426,0.1921415974511275,0.2023001249959471,0.261247145942796,0.0336134453781512
necaris/python3-openid,0,0.401485098,0.0582240378715241,0.0879880419477762,0.0511204398278083,0.0129032258064516
saleguas/context_menu,0,0.403165939,0.191675341989226,0.1964552586622721,0.2660664296441262,0.0333333333333333
scikit-signal/tftb,0,0.441919321,0.2462152362032647,0.3514412366453809,0.2515182375105796,0.0251572327044025
asuni/wavelet_prosody_toolkit,0,0.42552503,0.2112344391999809,0.2637900626406096,0.2490288597868236,0.0305343511450381
ywangd/pybufrkit,0,0.491350872,0.0591773459224811,0.0323749860189879,0.036864675083511,0.1574074074074074
pytest-dev/nose2pytest,0,0.584986929,0.3490327578541358,0.5691722003571739,0.2881812678822265,0.0304568527918781
vauxoo/travis2docker,0,0.165690665,0.0177072914948183,0.0230489413007785,0.0175960990304703,0.0072463768115942
asmeurer/removestar,0,0.739852423,0.4446702344798408,0.6056372442875564,0.4887969626017006,0.0344827586206896
fatal1ty/aioapns,0,0.625074814,0.2681040338242335,0.3521120746263433,0.2985401667969856,0.0392156862745098
aosingh/lexpy,0,0.622071004,0.3686053990613306,0.4630745299478088,0.3942497785163284,0.1283783783783783
elmotec/circlify,0,0.545414056,0.2828276907313958,0.4667412811695364,0.2339176892486967,0.0128205128205128
abusix/ahocorapy,0,0.739181447,0.3947438300861403,0.4653228658104972,0.4599425065063027,0.1231884057971014
keeprocking/pygelf,0,0.652682652,0.2040408177444409,0.2742795706770645,0.2160596278342354,0.0395256916996047
andhus/dirhash-python,0,0.460662058,0.3049349406615221,0.5151730951831328,0.233830923137339,0.0266666666666666
glidergeek/pysoar,0,0.237338258,0.1972223678016112,0.2170327607233637,0.2370323330925908,0.0779816513761468
jfjlaros/demultiplex,0,0.207171542,0.4181087030732463,0.6472481495808399,0.3916541813506836,0.0127388535031847
click-contrib/click-man,0,0.432974676,0.1410038208322319,0.2447859465845049,0.1025822173212677,0.0102827763496143
evoluxbr/greenswitch,0,0.681024665,0.4212535958199286,0.4774797683463791,0.4940939375154992,0.1631205673758865
nmigen/nmigen-soc,0,0.623258855,0.3310907797102976,0.3675456011866209,0.4601813480891232,0.0
strongswan/strongman,0,0.683660444,0.3617269436588536,0.4542939014888779,0.3926464084779281,0.1147540983606557
payu-org/payu,0,0.566544622,0.2992185236050003,0.533772064336364,0.2104574507830068,0.0076335877862595
citusdata/django-multitenant,0,0.683212829,0.3106111904045707,0.2960596703207403,0.4635191531483134,0.0338983050847457
igordejanovic/parglare,0,0.704140744,0.4731694286782301,0.578683700185613,0.5404100842759197,0.1276595744680851
shaarli/python-shaarli-client,0,0.498737038,0.3242743684133981,0.332339575012833,0.4710999692090679,0.0144927536231884
django-cms/django-sekizai,0,0.056098608,0.211275488754374,0.0055146455195026,0.2171185208108768,0.6111111111111112
percipient/django-allauth-2fa,0,0.533635351,0.1464748777295771,0.1714213983730412,0.1818124280752538,0.0259067357512953
kiwicom/structlog-sentry,0,0.240429473,0.0338174047602186,0.0317150250139578,0.0270931927689415,0.0514705882352941
torchbox/wagtail-markdown,0,0.312612532,0.1832188752572907,0.336628192423057,0.1070747334250877,0.0286885245901639
regebro/pyroma,0,0.568852522,0.2690896212225646,0.4266311130706691,0.2460929399857424,0.0
jupyter/kernel_gateway,0,0.562102173,0.2130186076774654,0.3675348356962119,0.1588954755463812,0.0122324159021406
cnes/pandora,0,0.593386322,0.2736228587724233,0.2912437636060592,0.3692839715602931,0.0470588235294117
django/django-localflavor,0,0.497561798,0.2054511617390211,0.2421336242674962,0.2639185225042989,0.0151515151515151
duecredit/duecredit,0,0.472669888,0.2035811056490601,0.3285853990382568,0.172733777298134,0.015267175572519
drvinceknight/nashpy,0,0.520243417,0.2689882558678922,0.255622495703736,0.3392619370694427,0.1551724137931034
python-quantities/python-quantities,0,0.392079655,0.3661872829511969,0.5768655669074708,0.3130212451216842,0.0511627906976744
skontar/cvss,0,0.539058908,0.3625154152588941,0.3820233463951823,0.4687096361964975,0.1111111111111111
ciciui/django-db-logger,0,0.684871783,0.2937744762609341,0.3550749811386283,0.2899451511195463,0.1788321167883211
delgan/win32-setctime,0,0.4096921,0.4174137252991648,0.5685884896648369,0.4381811177007221,0.0735294117647058
getslash/flux,0,0.393122665,0.275070677432175,0.2550238984862135,0.4058670808085098,0.0535714285714285
niwinz/django-jinja,0,0.372681403,0.1095328261509162,0.0596308942298022,0.1952617772080944,0.0378787878787878
ecshackweek/impedance.py,0,0.591889771,0.2790652500749266,0.4184420570020827,0.2732210681852337,0.012
polyconseil/django-cid,0,0.569041311,0.2420702604200053,0.4130912980014293,0.1859305068947377,0.0123076923076923
pytries/marisa-trie,0,0.622843958,0.1542760191653581,0.229707340867352,0.1449936960570323,0.0219780219780219
gintas/django-picklefield,0,0.451493165,0.2471827794594857,0.2345765081294043,0.3595709167097861,0.0476190476190476
revsys/django-tos,0,0.365041904,0.309445964602732,0.2467638390513281,0.5126666752923812,0.0283687943262411
keiserlab/e3fp,0,0.451407506,0.1549387379768794,0.2219540018032249,0.1562016666683853,0.0183823529411764
intgr/topy,0,0.458277962,0.3697578607804329,0.449928089323283,0.4493093299233965,0.050314465408805
demianw/tract_querier,0,0.447781975,0.2023670250167923,0.3354258172236449,0.1605907552193259,0.0198019801980198
packagecontrol/st_package_reviewer,0,0.478313164,0.2161576658184134,0.343015777349428,0.1759716593678594,0.0428134556574923
crccheck/django-object-actions,0,0.3070707,0.2603402452744175,0.3923628167552876,0.2506402627984692,0.0156950672645739
filestack/filestack-python,0,0.527077663,0.4846234107701227,0.49790166547059,0.5758615858641656,0.2755905511811024
pln-fing-udelar/fast-krippendorff,0,0.19431434,0.0559197249275539,0.0027374823943744,0.053728496591177,0.1666666666666666
molmed/checkqc,0,0.367502975,0.2250381252064677,0.1846746134333907,0.3401848505261746,0.0754716981132075
siddhantgoel/flask-filealchemy,0,0.776982941,0.5179573407163245,0.6574920630678994,0.5564153732299542,0.1619718309859155
beaglecli/beagle,0,0.545967506,0.1870295565886233,0.2863496616949181,0.1642750772342673,0.0338983050847457
cenkalti/pypi-notifier,0,0.74279062,0.1985907520499714,0.1857377225610455,0.3009352359952554,0.0196078431372549
yetone/olo,0,0.601322847,0.315870465443438,0.4027911898931268,0.3824006687827326,0.0089686098654708
grigorig/stcgal,0,0.639276409,0.4704828057380366,0.6950533438822022,0.4306949548665589,0.1009174311926605
wildfish/django-star-ratings,0,0.543865109,0.2951302633714138,0.3158525125503484,0.4061001300051703,0.0317460317460317
vslavik/bakefile,0,0.386737745,0.3834118156663846,0.4217964702368585,0.4367330689291028,0.2
zyegfryed/django-statici18n,0,0.43765263,0.3215887445832016,0.3860282266443946,0.3512769681469426,0.1333333333333333
tompollard/tableone,0,0.442793165,0.2396731268317216,0.4047115389456515,0.1813133833968105,0.0263157894736842
christianbrodbeck/eelbrain,0,0.378417545,0.1239352155783934,0.1045071801516326,0.1481880016514938,0.1142857142857142
colcon/colcon-ros,0,0.219229027,0.104149197841031,0.0906038487229797,0.1565241127670151,0.0264900662251655
yelp/fuzz-lightyear,0,0.476336276,0.2014065005715445,0.3191785930327321,0.1695228435813143,0.0296296296296296
w3c/openscreenprotocol,0,0.256272478,0.1401437539720305,0.2741367543279486,0.0762226306021276,0.0
exxamalte/python-georss-ingv-centro-nazionale-terremoti-client,0,0.423871553,0.1280268982424781,0.1881072658185698,0.1115518165223193,0.0408163265306122
mattpitkin/psrqpy,0,0.482810928,0.2311941633701354,0.3813228179732698,0.1650420370923849,0.0632411067193675
awickert/gflex,0,0.447035644,0.1142344789756968,0.170264829693353,0.0751979109557655,0.0802469135802469
damnever/pigar,0,0.504358946,0.2245372416714063,0.3056391934386187,0.2493747968158466,0.0126582278481012
r4fek/django-cassandra-engine,0,0.3032612,0.1421309119749429,0.1788972227709591,0.1693878036452714,0.0140845070422535
sammyfung/hk0weather,0,0.502319111,0.2356180326908848,0.3932416558917341,0.1876733445346647,0.016260162601626
modoboa/modoboa-webmail,0,0.480588846,0.2450426704900994,0.3947847044768964,0.1982730995679008,0.0390977443609022
mykrobe-tools/mykrobe,0,0.396072642,0.1563364962045222,0.2630619252185563,0.1052040644566288,0.0451505016722408
modoboa/modoboa-amavis,0,0.485114571,0.2498424562509655,0.4192363600774263,0.1903321865650251,0.0300751879699248
anexia-it/django-rest-multitokenauth,0,0.485113978,0.2884849839194035,0.6305604648207143,0.0876216919474915,0.006060606060606
jsfehler/renpy-encyclopaedia,0,0.339459854,0.0916372613233238,0.1450528436043972,0.0703040459676485,0.0274725274725274
yezyilomo/django-restql,0,0.50957952,0.4369767152806282,0.5496959299279742,0.4773612428889811,0.1307692307692307
astropy/astroplan,0,0.171378837,0.1044950814465594,0.1689666036235859,0.0922710999928127,0.0
regebro/tzlocal,0,0.568844775,0.2947481174272365,0.4545576946839667,0.2689792655507912,0.0266666666666666
konikvranik/pycec,0,0.667217199,0.3031520267957543,0.4349254973270605,0.2848189764419863,0.0762711864406779
openuado/niet,0,0.244539894,0.1556317363056801,0.0982153902978317,0.2719960259380667,0.0377358490566037
mpolden/jarvis2,0,0.177700816,0.3844389815354275,0.5599043302258206,0.360312620468094,0.0817610062893081
ricardobranco777/clean_registry,0,0.6613237,0.3991274709762335,0.7234237299622035,0.2548754279588606,0.039039039039039
modlinltd/django-advanced-filters,0,0.616835285,0.4824540750949259,0.4536425713660174,0.5540193339285493,0.3969465648854962
craffel/mir_eval,0,0.028661578,0.015978065117982,0.0020368180067168,0.0161692143534558,0.0434782608695652
pjuu/pjuu,0,0.348130296,0.3669130560251088,0.5815021040728675,0.2772899699521687,0.1169811320754717
hugovk/gutenberg-metadata,0,0.241440596,0.178301861431554,0.0572614764325732,0.2713056771463119,0.234375
scikit-fuzzy/scikit-fuzzy,0,0.394745095,0.2073929333951237,0.2457764339794213,0.2488015170382684,0.047808764940239
tiran/defusedxml,0,0.530730074,0.0989592506059745,0.1108787677508623,0.136519358764074,0.0
bogdanp/django_dramatiq,0,0.541966524,0.223911455265926,0.2199923317187766,0.3274100688222761,0.0247524752475247
aiven/pglookout,0,0.521472481,0.2153143299375937,0.3693502144867389,0.1580265194481545,0.0218181818181818
socialpoint-labs/unity-yaml-parser,0,0.364045784,0.1303205347160821,0.2505853688843292,0.0665952782507037,0.0172413793103448
cher-nov/cryptg,0,0.187233734,0.1855169338062771,0.1912076089370621,0.2567117097056147,0.0317460317460317
williamjameshandley/fgivenx,0,0.683389699,0.3957804615156793,0.5638798931244214,0.3976524789388886,0.0558375634517766
koed00/django-q,0,0.594220893,0.391575608938387,0.5287092520882698,0.4284906398229149,0.0434782608695652
dfki-ric/phobos,0,0.169929994,0.0594056103829403,0.0333795942171543,0.0846000805951584,0.0610687022900763
webrecorder/warcio,0,0.714917637,0.4470918779030672,0.531915205913632,0.4992760273055744,0.173076923076923
decalage2/olefile,0,0.422896394,0.2420243269277421,0.307628493959095,0.276706934759224,0.0414507772020725
opencagedata/python-opencage-geocoder,0,0.562632625,0.1184346176020654,0.1653744231858506,0.1190162143865644,0.023391812865497
mancellin/capytaine,0,0.3448888,0.0736483499215165,0.0617203323306184,0.074606424826114,0.0955882352941176
jungtaekkim/bayeso-benchmarks,0,0.659277549,0.4322376973963262,0.5132137884120744,0.5132137884120744,0.1083333333333333
ably/ably-python,0,0.521226556,0.3638005943480953,0.6675375237331633,0.2355945353854826,0.0127388535031847
chaoss/grimoirelab-graal,0,0.628245344,0.4409534607018838,0.5451288299239315,0.5040140810900372,0.1064814814814814
20c/rdap,0,0.391774986,0.2440625773409109,0.4741073344255687,0.1192532432936337,0.0335917312661498
eskerda/pybikes,0,0.375685926,0.2724596271928831,0.4023443513453917,0.2413715615566021,0.0748663101604278
disqus/django-bitfield,0,0.394953504,0.1053478610541818,0.0982083045955825,0.145161348039872,0.04
w3c/feedvalidator,0,0.694190968,0.4138198319054286,0.4728031984087171,0.5425156121240851,0.0384615384615384
ebook-utils/css-parser,0,0.395743094,0.2422261190900936,0.3780533176579187,0.2171385360839128,0.0207468879668049
getsentry/reload,0,0.614199357,0.1721591197014702,0.211917133129691,0.1963567723186748,0.0442477876106194
coldfix/udiskie,0,0.800662688,0.1980544442027483,0.2518489600651319,0.2324175852243476,0.0217391304347826
llimllib/limbo,0,0.525548844,0.406440341508693,0.4567265278440033,0.5126453539651123,0.0934579439252336
pygame/pygameweb,0,0.568512645,0.3765841559282649,0.5113627538969718,0.4203888980596126,0.0194174757281553
retext-project/pymarkups,0,0.656868818,0.2906392946419574,0.4405342957684167,0.2548139408364768,0.0625
arthurdejong/python-pskc,0,0.55087252,0.2748631987239753,0.5298308812278355,0.1573271155821029,0.0
django-tastypie/django-tastypie,0,0.499218805,0.2157900237194158,0.279304749033044,0.2601703102654955,0.0
django/daphne,0,0.449021882,0.3330962803699452,0.3188245193581717,0.4902194991022362,0.0473933649289099
eliben/pss,0,0.674807837,0.376549480430424,0.4590664466232338,0.4678145008296376,0.0289855072463768
djangoadminhackers/django-linkcheck,0,0.574096422,0.3232584808505493,0.3270641512016742,0.4705000403426884,0.0211640211640211
duosecurity/duo_openvpn,0,0.739076654,0.3699892829973187,0.4326084863901185,0.4840313877698448,0.0166666666666666
openshift-scale/cerberus,0,0.242055847,0.1262207442233233,0.187346515472817,0.1182550963292724,0.0199004975124378
arista-eosplus/pyeapi,0,0.659946903,0.3732851834736282,0.456194079849155,0.4718375316846565,0.0103626943005181
pimoroni/grow-python,0,0.399738,0.2388019278893589,0.2720694707270594,0.3070782061391949,0.0357142857142857
preset-io/elasticsearch-dbapi,0,0.524974927,0.1767721746210487,0.2638824357119375,0.1745877932282275,0.0069204152249134
abusix/querycontacts,0,0.623810482,0.5119643861395836,0.5437856902008696,0.655616800571818,0.1610169491525423
benbrostoff/draftfast,0,0.177486046,0.1385398088211469,0.1041267404081695,0.1746552140771301,0.1351351351351351
amorvincitomnia/vtt-to-srt.py,0,0.409691485,0.2067138425345352,0.2711250587476023,0.2196855216147098,0.0519480519480519
censoredusername/unrpyc,0,0.371643818,0.1516787065664187,0.1258135390917937,0.202457301398327,0.1018518518518518
agateblue/django-dynamic-preferences,0,0.581222674,0.2052553809573763,0.2344815706509409,0.2505669941020504,0.0561797752808988
flozz/nautilus-terminal,0,0.293606263,0.3164958335960049,0.4684694296356473,0.2741590432432537,0.0972222222222222
dask/partd,0,0.571422055,0.3566286049866143,0.421282970132405,0.4272777896459587,0.086021505376344
p4lang/ptf,0,0.768853231,0.4000625243248167,0.5438436632661235,0.4485001475459184,0.015625
lgoodridge/django-uniauth,0,0.631674973,0.3417115778799809,0.3555123070199947,0.484168097533972,0.0291970802919708
openownership/data-standard,0,0.31551637,0.2966506328140381,0.368769980299776,0.3475401460391166,0.050632911392405
canonicalltd/landscape-client,0,0.544088746,0.2294552271459998,0.2112787619804759,0.3245686082101051,0.0755813953488372
spulec/freezegun,0,0.688921989,0.3195846261614925,0.458545046072293,0.3178034540048051,0.0452261306532663
mgalardini/pyseer,0,0.473000263,0.2780361702747594,0.2958631806763128,0.3901363359196767,0.0181818181818181
peeringdb/django-peeringdb,0,0.540633064,0.31145709883559,0.4844261650636876,0.2687263859468558,0.0509803921568627
googlechromelabs/pywebsocket3,0,0.700876946,0.390024715815543,0.5030074094152744,0.4482448563140591,0.0476190476190476
nchammas/flintrock,0,0.231346444,0.1345235028450347,0.1998453592141,0.1227647677615006,0.0273972602739726
tommyod/efficient-apriori,0,0.541250827,0.178440996925393,0.2196209074709147,0.2158995742605574,0.0211640211640211
jrfonseca/jmdict-kindle,0,0.547122011,0.2114865044199628,0.2011277193680394,0.2949088031197761,0.065359477124183
jeanralphaviles/comment_parser,0,0.721302265,0.0398657980772432,0.0434713774751046,0.0445652107412593,0.0232558139534883
pic-iris/ph5,0,0.491807166,0.3136151488047949,0.3870264268904565,0.3807070972954437,0.0326086956521739
dassencio/mapgen,0,0.493662958,0.4024260768881878,0.547812306814548,0.4324464337930184,0.0516129032258064
fdemmer/django-weasyprint,0,0.691494708,0.2761910843653961,0.4618334006509647,0.2236191846343849,0.0100502512562814
mitya57/secretstorage,0,0.862843267,0.4267628216460731,0.6054725911200104,0.4317540976983688,0.0593607305936073
wwu-mmll/photonai,0,0.616129342,0.2327096309941776,0.3900156429580854,0.185264928033852,0.0129870129870129
chaoss/grimoirelab-sirmordred,0,0.581184852,0.3282344550022807,0.4874487715912887,0.266731115914413,0.1328125
in-toto/demo,0,0.588217152,0.305753946239208,0.4468565384524634,0.3005791746031838,0.0338983050847457
ebi-gene-expression-group/scanpy-scripts,0,0.45197203,0.3302480936721725,0.2235658345281887,0.5655580492872793,0.072992700729927
pusher/pusher-http-python,0,0.680168019,0.3497517804584934,0.4450582865314293,0.4156225344778178,0.0273972602739726
pylons/pyramid_debugtoolbar,0,0.39224508,0.0974787532749215,0.1986464268724658,0.0419592662066462,0.0061823802163833
dokku/ansible-dokku,0,0.420393717,0.1962257689887746,0.3023735656508601,0.1686596068210764,0.0390625
aws-cloudformation/cloudformation-cli-python-plugin,0,0.432695741,0.191473457931803,0.1605441461794783,0.2830043635148942,0.0702702702702702
crate/docker-crate,0,0.491479985,0.3207038011424323,0.3197870904914955,0.4732004825400239,0.0175438596491228
spinlud/py-linkedin-jobs-scraper,0,0.421324146,0.245373595452859,0.2532168219498849,0.3538069102720063,0.0128205128205128
mhkit-software/mhkit-python,0,0.623811464,0.345166914407299,0.5183442230309279,0.3328543129873196,0.0234375
lki/chinese-calendar,0,0.627726154,0.2696712842307326,0.3621869113020844,0.3000865373699853,0.0238095238095238
python/pyperformance,0,0.559055354,0.3234771783442087,0.5273171609182405,0.2718971119564992,0.0189573459715639
stphivos/django-mock-queries,0,0.429912927,0.1335594379796527,0.1888491526211498,0.1281955097437122,0.0337078651685393
flask-extensions/flask_simplelogin,0,0.756772257,0.3193540273906898,0.3646097561188949,0.3702159903239312,0.1271186440677966
serge-sans-paille/gast,0,0.529646603,0.4251693509989554,0.5646809830057051,0.4590267082171736,0.0784313725490196
nethserver/dev,0,0.276743643,0.148137278312131,0.1203963051117188,0.1882184956068803,0.1234567901234567
rt-net/crane_x7_ros,0,0.312192246,0.0200415485530915,0.0185262623882184,0.0219622243791257,0.0192307692307692
areski/python-nvd3,0,0.664772026,0.6064731053843915,0.7308551235468057,0.6175857044303019,0.3354838709677419
pycqa/flake8-bugbear,0,0.58788026,0.4868670297932681,0.6790604780332986,0.4547737631165384,0.1666666666666666
tigge/openant,0,0.745185936,0.5177288686092968,0.6646129238857933,0.5778957761348581,0.1036269430051813
pytest-dev/unittest2pytest,0,0.564497336,0.3697142659113978,0.6282325275629742,0.2804281372155204,0.03125
berkeleyautomation/python-fcl,0,0.205938383,0.1310126511430631,0.1170785142040803,0.1877258409263046,0.0454545454545454
daffidwilde/matching,0,0.695129544,0.2253014049509962,0.3179189413836066,0.1983048680235869,0.094059405940594
changaco/python-libarchive-c,0,0.387827705,0.1935189904556996,0.2291547626648776,0.2292189846608121,0.0508474576271186
laowantong/paroxython,0,0.755994366,0.1767396223445,0.2038405369192853,0.2288060649542347,0.0184049079754601
exodus-privacy/etip,0,0.752822871,0.3644231726536329,0.4502936247013902,0.460764306932692,0.0
modoboa/modoboa-contacts,0,0.487476012,0.2256084604748809,0.41618958938328,0.1391359096300093,0.017391304347826
frappe/bench,0,0.470185289,0.1351469361833858,0.1987437007949149,0.132834331487449,0.0125786163522012
usnistgov/fipy,0,0.460559983,0.1012364688585667,0.0805474499959466,0.1299080632357416,0.0852713178294573
timniederhausen/gn-build,0,0.452433451,0.1639597656556793,0.2289916985241989,0.153526763234047,0.0547619047619047
chembl/chembl_structure_pipeline,0,0.27731396,0.1437831202122639,0.142046434022449,0.2005844434312877,0.0336538461538461
treasure-data/td-client-python,0,0.678487055,0.4382043665267861,0.5676696876193825,0.4536476803104859,0.1483870967741935
robweber/xbmclibraryautoupdate,0,0.280605109,0.075830492744121,0.0615425080290155,0.1093421350462403,0.0373831775700934
bmwcarit/python-dlt,0,0.224405955,0.1627328851538045,0.2497311524076688,0.1184105842863663,0.0773809523809523
cgatoxford/umi-tools,0,0.492782542,0.2930350439982306,0.4385054329614917,0.2521466931631169,0.0838709677419354
f-dangel/backpack,0,0.515830875,0.2398974929468383,0.3061151810072372,0.2745809323122394,0.0380952380952381
aio-libs/aiohttp-sse,0,0.376785762,0.188361645479425,0.3153940991902427,0.1394303820427762,0.0321592649310872
starou/simpleidml,0,0.575739054,0.308633349256862,0.4551648379176303,0.2949593077567134,0.0429184549356223
eht16/python-logstash-async,0,0.515643735,0.2250730329330164,0.3502057206603801,0.2003556495509489,0.0242424242424242
python/core-workflow,0,0.471031765,0.1737207891771589,0.1473059658544533,0.2487794465788898,0.0764331210191082
tutorcruncher/pydf,0,0.596289065,0.1667872905470549,0.2105053614391402,0.1562698147354468,0.1003861003861003
jrief/django-entangled,0,0.243526436,0.2787795388103508,0.4369503434401214,0.2340917678344603,0.0518134715025906
zamzterz/flask-pyoidc,0,0.38732214,0.2249908315329596,0.3875502965469721,0.166756847644904,0.0163398692810457
paulscherrerinstitute/pcaspy,0,0.443929638,0.0853311044298011,0.0800029407530136,0.1229081536548224,0.0208333333333333
djc/rnc2rng,0,0.505998891,0.3892134412693905,0.6180850610112368,0.3046972858808323,0.100502512562814
circus-tent/circus,0,0.371548817,0.2781529942219095,0.4522919354516539,0.2117425877206745,0.0626959247648902
alir3z4/html2text,0,0.362184119,0.1264292683779208,0.231411417565017,0.0784736345679039,0.0123762376237623
stonesjtu/pytorch_memlab,0,0.442377361,0.1912641907188416,0.2315417887636155,0.2160843368884502,0.0610687022900763
nitmir/django-cas-server,0,0.414191652,0.0323465922767019,0.0477626809570143,0.0260283280366273,0.0141509433962264
vifactor/repostat,0,0.398142787,0.2694516523870279,0.5161402395433945,0.14818656584278,0.0186046511627906
algorand/pyteal,0,0.586759668,0.2195717473832096,0.2384957959209915,0.279052819398957,0.0627615062761506
xmatthias/pywnedpasswords,0,0.098609809,0.3533732675584559,0.4711360685259761,0.3913546919932003,0.0418848167539267
mbj4668/pyang,0,0.740426037,0.5133852738792747,0.6716628710985455,0.6041667258133815,0.015267175572519
google/openhtf,0,0.614281951,0.3553938902250724,0.3534469306076241,0.5085827685000305,0.0529100529100529
tohojo/flent,0,0.575720035,0.1637720900270019,0.2553904554372407,0.1500793735906602,0.0079207920792079
py-pa/django-minio-storage,0,0.496605974,0.3929099801641199,0.3329491562895725,0.578492460787394,0.1416666666666666
kolotaev/vakt,0,0.570481475,0.2243224290081987,0.3481109268260631,0.1967207047998649,0.0319488817891373
dabapps/django-zen-queries,0,0.567167636,0.2939237104185379,0.2410351375293291,0.4527293623976125,0.0820895522388059
n-wouda/alns,0,0.652268488,0.2774291520001866,0.2774579372347212,0.4003046660859033,0.0316205533596837
dlenski/python-zxing,0,0.467235086,0.3469693001813941,0.6481221475030171,0.2132035419748583,0.0121951219512195
pymoca/pymoca,0,0.50655165,0.2165346633219858,0.3166948045570905,0.2197278488338691,0.0098280098280098
wirepas/gateway,0,0.202981709,0.033768486869409,0.0444621861081528,0.0354341441875417,0.0090497737556561
aequitas/python-rflink,0,0.463290867,0.3035036739915504,0.3359978564305747,0.3962126559819296,0.0530973451327433
joalla/discogs_client,0,0.753109735,0.5728803135748132,0.7002242297169506,0.7031995758028161,0.0575539568345323
som-st/pysom,0,0.668784969,0.1970097445088976,0.2828271558124679,0.1799769257394964,0.0594405594405594
camptocamp/marabunta,0,0.552111141,0.2308087220345649,0.3137258297064054,0.2514965653505084,0.023598820058997
jealous/stockstats,0,0.695706314,0.4018928004653275,0.5585572977067025,0.4356483876671426,0.0210526315789473
pyfeeds/pyfeeds,0,0.565562558,0.2802739781111421,0.4252212168061162,0.275463728471739,0.0
simoninireland/epydemic,0,0.484247509,0.3219509883662024,0.3365211979814791,0.4612134157911699,0.0142857142857142
modoboa/modoboa-radicale,0,0.511542078,0.2563826147438088,0.4017633984574115,0.2065844427499367,0.0652173913043478
dlenski/what-vpn,0,0.401292496,0.430539851677322,0.7093923806805128,0.3438549382817693,0.0462046204620462
zooniverse/panoptes-cli,0,0.600007293,0.3732279699971658,0.4556329140140387,0.4197447032865678,0.1153846153846153
martenson/disposable-email-domains,0,0.637823193,0.1540064643901007,0.1495498353494281,0.2028576299736497,0.0652173913043478
drivendataorg/deon,0,0.537005126,0.4700090582030259,0.665170637731273,0.4980176882496645,0.0236686390532544
m-lundberg/simple-pid,0,0.682820312,0.360201071449107,0.5886070710261395,0.3008458838397219,0.0220994475138121
benbarth/hacktoberfest-swag,0,0.671308311,0.0921088536624499,0.1384686124277049,0.0918035217284198,0.0
haddocking/pdb-tools,0,0.552792834,0.2227708780835805,0.4483951142670734,0.1025914868824719,0.0118811881188118
tue-robotics/image_recognition,0,0.395265273,0.0380328868889592,0.0414641352742748,0.0302847486147898,0.0466666666666666
holzhaus/sphinx-multiversion,0,0.381909911,0.1874105642974946,0.2114055793440201,0.2230299223088072,0.0681818181818181
nocarryr/python-dispatch,0,0.494708045,0.2319866419493081,0.2220513948713739,0.3422902100018963,0.03125
nens/dask-geomodeling,0,0.20535438,0.1195525252121679,0.1805489583668323,0.114919385380311,0.0068259385665529
sirver/ultisnips,0,0.913415678,0.1610783664004436,0.3087203066723872,0.0939756093287217,0.0
dgilland/cacheout,0,0.566951379,0.427528132036904,0.634335281639224,0.3854196278922882,0.0981308411214953
dgilland/sqlservice,0,0.580896259,0.3783895031995374,0.5286309234111097,0.3869690028120328,0.0607476635514018
scvenus/peekabooav,0,0.702794504,0.5563804926727725,0.7576113373461398,0.6198263808222777,0.027027027027027
gecrooks/quantumflow-dev,0,0.630545604,0.3614216857196647,0.6575538419545643,0.236654577952074,0.0186915887850467
jsonpickle/jsonpickle,0,0.688724396,0.3273390028974797,0.4620915296582575,0.3336222327294745,0.0452674897119341
ovh/celery-director,0,0.681699126,0.2504288473702957,0.3542331833904528,0.2621301971712088,0.0194174757281553
containers/udica,0,0.470857805,0.107048122504274,0.1016229410334253,0.1597080570511591,0.0125786163522012
mgaitan/sphinxcontrib-mermaid,0,0.695848484,0.2441215368342942,0.3670094769008981,0.2155165874070595,0.0555555555555555
leeping/forcebalance,0,0.0,0.0077776290182012,0.0005937535227556,0.0188503190227473,0.0
hugovk/random-street-view,0,0.687256272,0.4421721042884712,0.5358629787861947,0.5318960490582709,0.0753424657534246
riptano/ccm,0,0.365722158,0.1078457743061136,0.1220777970359437,0.1280921942848959,0.0388888888888888
coleifer/walrus,0,0.567009028,0.3199859814162274,0.4247948494568033,0.3681278505626385,0.0140845070422535
coleifer/flask-peewee,0,0.684963625,0.2918620068711864,0.3606952771840244,0.3606952771840244,0.0165289256198347
luispedro/jug,0,0.395785694,0.4758650564116228,0.7309897953040525,0.4400393053523338,0.0372670807453416
circuits/circuits,0,0.447689191,0.2438747335133526,0.4044708284917647,0.1902160052916167,0.03
coleifer/scout,0,0.671141894,0.3127797756352709,0.3573553197985153,0.4163296564797445,0.0165289256198347
2gis/k8s-handle,0,0.407507244,0.1746887441675982,0.2171352770155789,0.2044350682519015,0.0303030303030303
ibm/causallib,0,0.631691395,0.2546363239009605,0.3118184787316915,0.2676294738778527,0.1142857142857142
uos/rospy_message_converter,0,0.216692017,0.1728464822283736,0.2160535498035044,0.1859421738397187,0.0602409638554216
coleifer/wtf-peewee,0,0.61115497,0.2495359343815616,0.280616784954948,0.3349585881890386,0.0165289256198347
amccaugh/phidl,0,0.730643306,0.3697291425352187,0.3827076766836473,0.4087480467872667,0.2657342657342657
collective/collective.solr,0,0.363824634,0.1997011872059628,0.3122171501489378,0.1850398098819373,0.0039920159680638
ladybug-tools/ladybug-pandas,0,0.631235829,0.2327745637332928,0.3495053645889364,0.2299121530566382,0.0050377833753148
python-babel/babel,0,0.336614644,0.2510394676904027,0.3067648843191737,0.2947921182401664,0.0520833333333333
yaph/logya,0,0.562614042,0.314695464257152,0.4311220236381273,0.3243666370047528,0.0625
aiidateam/aiida-cp2k,0,0.610013218,0.2906534919860502,0.2989692922719411,0.355442215470962,0.1444444444444444
idr/idr-metadata,0,0.669936776,0.4157085805332991,0.4733326312396066,0.5430380567348624,0.0458015267175572
wee-slack/wee-slack,0,0.467762959,0.2130365462151885,0.4233933463365723,0.1017167224432943,0.0149625935162094
mschwager/fierce,0,0.618843087,0.3128991989114675,0.3645224519057743,0.3978842755316248,0.0396825396825396
kislyuk/argcomplete,0,0.463447071,0.1915548634329382,0.1244402978701671,0.1694074906334382,0.3700787401574803
danirus/django-comments-xtd,0,0.496324715,0.1246954194925533,0.1361226232550931,0.1703527675815533,0.0105263157894736
floooh/fips,0,0.209384103,0.1338128686727116,0.0078276521217341,0.2589079093905533,0.135593220338983
mathandy/svgpathtools,0,0.424376783,0.2084282663333173,0.2223793906906022,0.2772627037141196,0.0428571428571428
piwheels/piwheels,0,0.519925396,0.2119497968769764,0.2657228135471541,0.2442841289764127,0.0397350993377483
parquery/icontract,0,0.635713795,0.3208670653046426,0.514093388926429,0.279416265677169,0.0173160173160173
reata/sqllineage,0,0.658925559,0.3632891554852078,0.5353772642977928,0.3470391728023237,0.0516129032258064
plone/plone.rest,0,0.637881145,0.2623390357565782,0.3481296474039219,0.3039443570818632,0.0075471698113207
codelv/atom-db,0,0.646839406,0.2227198949143499,0.3849572517718067,0.1625832262548089,0.0185185185185185
django-oscar/django-oscar-api,0,0.578929033,0.2257752979650976,0.251763947634147,0.2953241395498904,0.0347003154574132
celery/py-amqp,0,0.502459508,0.1882849477681596,0.2968530529905828,0.165174452906243,0.0173697270471464
mahjongrepository/mahjong,0,0.582289355,0.3368730738587445,0.5178944544430212,0.3142379789475586,0.0201005025125628
jpuigcerver/pylaia,0,0.397097267,0.1904816804109836,0.3170440776382648,0.1524261166551875,0.0134680134680134
simon-weber/python-libfaketime,0,0.631205075,0.088738153653858,0.137754661355674,0.0787997174879657,0.0105820105820105
polymonster/jsn,0,0.687544485,0.0853120629492494,0.1456628805630247,0.0622981278739286,0.0106382978723404
seancline/pythonsymbols,0,0.403487858,0.1669100920717049,0.2628001500579026,0.1353363241404986,0.0382775119617224
pympler/pympler,0,0.754188346,0.3712134124743092,0.5503552895451307,0.3676279903843609,0.0201005025125628
vstinner/python-ptrace,0,0.367518551,0.2648749481283011,0.3178425985997609,0.3299562825123587,0.0287769784172661
becksteinlab/gromacswrapper,0,0.257716086,0.1524958252141781,0.2530768275145066,0.1189414240455288,0.0184426229508196
dobiasd/undictify,0,0.693621346,0.2059006119068116,0.1295815253668461,0.2682345205292152,0.2338709677419354
liormizr/s3path,0,0.41128006,0.3005934458308757,0.2489649052850655,0.4883343121290032,0.0283687943262411
stackstorm/orquesta,0,0.693566016,0.3289733611057667,0.4157098960243083,0.3901945811202735,0.0330578512396694
ucla-irl/ndn-python-repo,0,0.040265775,0.4134745098940391,0.5660661461253308,0.4473498583394965,0.0405405405405405
ricequant/rqalpha,0,0.609761398,0.2917157091108848,0.4063666351219275,0.3099916031725258,0.0258620689655172
s3tools/s3cmd,0,0.62577764,0.3719620225679189,0.5168820655304688,0.3671714625050489,0.0917030567685589
pdfminer/pdfminer.six,0,0.509777391,0.2644509654749073,0.5633805156075037,0.0934642428335118,0.0085653104925053
gpiozero/gpiozero,0,0.511909465,0.4078788676247477,0.53974589606919,0.4437193889347082,0.072463768115942
fuhrysteve/marshmallow-jsonschema,0,0.536763353,0.2543399869905753,0.2946406700127289,0.294640670012729,0.0931372549019607
pygstio/pygsti,0,0.094317132,0.0018648148062798,0.0038687613917862,0.0007932756239132,0.0
geographika/mappyfile,0,0.564302051,0.2439129434219932,0.4466690497154346,0.1462739306012065,0.0336787564766839
jeanralphaviles/prometheus_speedtest,0,0.4338438,0.096421437622415,0.0786220735525642,0.1554870760590287,0.0138888888888888
tarantool/test-run,0,0.645123583,0.5039956332392231,0.7503986775078307,0.4557929372357966,0.1075949367088607
devicetree-org/dt-schema,0,0.057431426,0.2523438278170441,0.381650000377129,0.2255875219213868,0.0472440944881889
libvips/pyvips,0,0.301474635,0.1705728299369403,0.2101105894012868,0.1914767649441695,0.0496894409937888
python-semver/python-semver,0,0.460565432,0.2401600131135866,0.4091297146052561,0.1912703181787104,0.0
cgevans/scikits-bootstrap,0,0.36280661,0.2297622174903663,0.3659669286749544,0.2042369343786924,0.0084033613445378
quantumlib/openfermion-pyscf,0,0.438009581,0.0825563684236081,0.1554208794253631,0.0509700416336572,0.0
bkbilly/alarmpi,0,0.118367741,0.1122796402626426,0.0028389002956221,0.0903602003609844,0.375
jaylinski/kodi-addon-soundcloud,0,0.762189887,0.2800326077685007,0.3571625731441412,0.3370365933359339,0.0117647058823529
wncc/instiapp-api,0,0.56335399,0.3222101919435656,0.6489176006107821,0.1457146330607681,0.0217864923747276
tanghaibao/goatools,0,0.268491245,0.4994329867821342,0.6103796428865239,0.5594357007811405,0.1575342465753424
jonlabelle/trimmer,0,0.307834318,0.0762404937534703,0.0590093242573726,0.0977573236601379,0.0676691729323308
kipe/pycron,0,0.543572203,0.3422587007713071,0.5948434242826868,0.2478722931628222,0.0258620689655172
chaoss/grimoirelab-elk,0,0.433176979,0.2201701892207774,0.3026541269106005,0.2110580594280564,0.0734265734265734
iamdefinitelyahuman/py-solc-x,0,0.445234183,0.0913800550952706,0.1338415987303602,0.0813235148532269,0.0265700483091787
1adrianb/face-alignment,0,0.536150587,0.2626120930457133,0.30232541127021,0.3409597882314906,0.0264900662251655
districtdatalabs/yellowbrick,0,0.490967536,0.2818746716320941,0.5506219653871813,0.1540647136930539,0.0
novnc/websockify,0,0.63073865,0.4279946551834031,0.6634489899833959,0.3535575155247809,0.1059602649006622
korfuri/django-prometheus,0,0.532243653,0.2867255267319342,0.323911882990223,0.3688779098155885,0.048048048048048
marcusva/py-sdl2,0,0.445455557,0.1665048386999746,0.2421743982532387,0.1654855479590632,0.0172043010752688
enjoy-digital/liteeth,0,0.528766315,0.0664510460962811,0.0536133627352274,0.0494074563889705,0.1262135922330097
jamescooke/flake8-aaa,0,0.59048421,0.4120751229932223,0.4762577851931197,0.5104517614203709,0.0869565217391304
strinking/futaba,0,0.44207975,0.1413898749497084,0.0989980075150206,0.2544766798592505,0.0
mara/mara-pipelines,0,0.259884451,0.1775264531318725,0.174915963306079,0.2540853547087875,0.0296296296296296
python-zk/kazoo,0,0.09655694,0.1838958341816716,0.1195949881135598,0.2790758950505428,0.1221374045801526
matoking/protontricks,0,0.596385399,0.4283072271853427,0.6856856518393089,0.371689558981191,0.0267857142857142
dtcooper/python-fitparse,0,0.530523514,0.4305089364232994,0.764896077667084,0.2969877741825313,0.0287769784172661
lululxvi/deepxde,0,0.311188974,0.069452020322259,0.1362174369900997,0.0295385980675162,0.0157480314960629
idank/bashlex,0,0.610493668,0.3676600116423534,0.6103794810268676,0.2938451749446877,0.0298507462686567
rescuezilla/rescuezilla,0,0.562318732,0.0886425034195982,0.1043510244884141,0.1091580680686787,0.0161943319838056
liminspace/django-mjml,0,0.113793043,0.1183938109446012,0.2339821830831643,0.059978052780363,0.0040485829959514
jacebrowning/datafiles,0,0.607812943,0.49508298306932,0.5063434672769963,0.5639431759166658,0.334841628959276
ariebovenberg/snug,0,0.107478095,0.391142493840633,0.3648138406617243,0.5884522300054321,0.0491803278688524
barrust/mediawiki,0,0.408646285,0.2949802359112097,0.4841141635553023,0.2284917057258275,0.0496894409937888
pytest-dev/pytest-testinfra,0,0.3298714,0.1189510840591679,0.2225431081272232,0.0662139123655242,0.0172413793103448
xanaduai/thewalrus,0,0.648811762,0.3235485876409126,0.420922849184253,0.3711888433817157,0.0335195530726257
oe-alliance/autobouquetsmaker,0,0.500855558,0.1726264880087582,0.2579077083644522,0.1480174860164176,0.0512820512820512
tartley/colorama,0,0.463857207,0.3018837336270072,0.540775754274263,0.2017755250820087,0.0243161094224924
nose-devs/nose2,0,0.470682109,0.1584734869061812,0.2787772968984769,0.1142617662789258,0.0062893081761006
zaproxy/zap-api-python,0,0.710095165,0.3611269292303787,0.3963499548238934,0.4810436394384939,0.0508474576271186
enjoy-digital/litescope,0,0.421918807,0.1572631203849895,0.1470737408149994,0.1489966815066978,0.1941747572815534
rust-lang/homu,0,0.540297718,0.1844046644673118,0.2989971268428556,0.162014534325424,0.0
hypothesis/bouncer,0,0.575077608,0.2470107101861272,0.2943596207283672,0.2871502055844085,0.0720338983050847
pbs/django-atris,0,0.221218603,0.0579868994815562,0.0613971665852768,0.0650515636000951,0.037037037037037
pavdmyt/yaspin,0,0.456966914,0.0913113397733275,0.1239324793898546,0.0996177376557573,0.0094562647754137
pivotal-energy-solutions/django-datatable-view,0,0.528113117,0.1049030311084162,0.2165429556150393,0.0457146221560013,0.0
sklarsa/django-sendgrid-v5,0,0.658227123,0.3996990353821987,0.6194130892802399,0.3507888560217298,0.0580912863070539
delph-in/pydelphin,0,0.444247909,0.401219166203718,0.7143331489135125,0.2704220836689531,0.0365853658536585
xflr6/gsheets,0,0.510827658,0.2971153751166952,0.4249801977255105,0.2968877379741772,0.0418410041841004
dylan-profiler/visions,0,0.609973093,0.2197451165664244,0.1788856753585062,0.3517271160575549,0.0375
cloud-bulldozer/cerberus,0,0.242055847,0.1262207442233233,0.187346515472817,0.1182550963292724,0.0199004975124378
apache/fluo-muchos,0,0.264206666,0.1288747172612514,0.2603729011600013,0.0618138919931272,0.0
telegraphic/hickle,0,0.440596504,0.2782382199018745,0.5087921184133715,0.1672721813413148,0.0390625
mtgjson/mtgjson,0,0.557604853,0.1943503456327568,0.2889894117791425,0.1867854422017393,0.0202020202020202
hotdoc/hotdoc,0,0.629779101,0.4340696088345954,0.6076431881512641,0.4435802166512739,0.0679012345679012
cherab/core,0,0.711847662,0.2311755408619052,0.3019439278504224,0.2436566158466294,0.0646766169154228
mahmoud/boltons,0,0.552651214,0.1161572674893223,0.2107490280402908,0.0771750048805457,0.0049382716049382
nameko/nameko,0,0.578182272,0.2158982732700086,0.3030938988213333,0.2351614713879654,0.0029806259314456
jschneier/django-storages,0,0.465583765,0.1476150902943218,0.2304920426394998,0.1306271310601055,0.0158371040723981
pycqa/pyflakes,0,0.405159135,0.3232629882638684,0.5522314000574867,0.2102529936791073,0.0913461538461538
dask/dask-ml,0,0.382196088,0.1793886062019303,0.2075221146311693,0.2264985338216332,0.0289017341040462
kristianoellegaard/django-health-check,0,0.434110795,0.1830130291171095,0.235929847829833,0.2116820900423059,0.0198412698412698
zac-hd/hypothesis-jsonschema,0,0.794268105,0.3581737001590329,0.5223927632674971,0.3380096399963272,0.0700636942675159
thoth-station/micropipenv,0,0.167816279,0.1343975809223402,0.225007365837175,0.1109865864686756,0.0
mihaiparvu/screencaplibrary,0,0.665530418,0.3218119594707946,0.6041680713071672,0.1785436455516375,0.0436363636363636
pypa/sampleproject,0,0.566057468,0.1618005157050684,0.2218842630263285,0.1388214057983864,0.0875912408759124
python/pythondotorg,0,0.698616055,0.2742971458632484,0.3659900692381955,0.3061658388981861,0.0271739130434782
roclark/sportsipy,0,0.05554484,0.2030479300342142,0.1709565430820947,0.3056555300654564,0.0620155038759689
learning-unlimited/esp-website,0,0.497267864,0.2261336989350893,0.3332075833763749,0.2134699475434379,0.0373134328358208
codingpirates/forenings_medlemmer,0,0.092739854,0.313961902600935,0.3647968775846128,0.3826929129313301,0.0748299319727891
certbot/josepy,0,0.446076739,0.3014510074693591,0.4928224091095375,0.2501668116915198,0.0212765957446808
django-dbbackup/django-dbbackup,0,0.485932206,0.2310814270530302,0.1569735934220119,0.4089652683282108,0.0235294117647058
savoirfairelinux/num2words,0,0.55267768,0.4389016680540459,0.6259112198720186,0.3766827560883388,0.1893203883495145
tenable/pytenable,0,0.439798211,0.3144434556656476,0.3151546057806138,0.4450919644179877,0.0517241379310344
python-organizers/conferences,0,0.68685438,0.2478656212140456,0.2733627447190278,0.3159982780130559,0.0606060606060606
rm-hull/luma.lcd,0,0.542306137,0.1923391723171378,0.2999367638062717,0.1728140009946699,0.0161943319838056
telefonica/toolium,0,0.48461806,0.2759707155965665,0.5113105523585311,0.1455423066717957,0.0661478599221789
nickjj/flask-static-digest,0,0.945722522,0.5547840579784882,0.7134529098742377,0.6584696410870206,0.0300751879699248
rm-hull/luma.emulator,0,0.514822129,0.1817948192213567,0.258190589266873,0.1881992927946158,0.0161943319838056
willemarcel/osmcha-django,0,0.070849875,0.0679211106598297,0.0050436735293578,0.0878360261971396,0.1538461538461538
solvebio/solvebio-python,0,0.59609113,0.3086697330417138,0.4704635166720541,0.272962228361609,0.0564971751412429
jocketf/fimfarchive,0,0.617059099,0.2788728103924318,0.3999753884016679,0.2739508236259232,0.0465116279069767
exodus-privacy/exodus-core,0,0.508162544,0.3849725078392461,0.3986422235404031,0.5637890460577121,0.0
spl0k/supysonic,0,0.716838642,0.5520738727306443,0.7115602335222297,0.6217494483043811,0.09375
nir0s/distro,0,0.611684268,0.2804748535251896,0.4145950080183936,0.2752284894309441,0.0227272727272727
raimon49/pip-licenses,0,0.661336583,0.4037202046378459,0.5704892629574929,0.4217657940916675,0.034090909090909
ppinard/matplotlib-scalebar,0,0.669080888,0.4438827615623256,0.6156265085262108,0.4738783751775829,0.0404040404040404
siddhantgoel/beancount-dkb,0,0.780820486,0.4221864191959929,0.4981017776436627,0.4792392703463195,0.15625
geoalchemy/geoalchemy2,0,0.536652381,0.2194390911258987,0.3265161139911955,0.2097528467002636,0.0246575342465753
jupyter/enterprise_gateway,0,0.605118078,0.2648655993519606,0.3632573867717988,0.2730445426425855,0.0517241379310344
openwisp/openwisp-notifications,0,0.597201982,0.3324469095252318,0.4593132773516697,0.3393556188802888,0.0648967551622418
zalando/connexion,0,0.642369681,0.339222002286798,0.5079507553478239,0.3124544807839178,0.0552995391705069
thp/urlwatch,0,0.705508102,0.5380577834292651,0.7524512621742411,0.573212676918402,0.0389610389610389
trusted-ai/aif360,0,0.56179383,0.2183130168602957,0.3259198392492384,0.2168506547087299,0.0060240963855421
cnvogelg/amitools,0,0.55408734,0.4314262379602048,0.5624089346084856,0.4806956673842248,0.0709219858156028
edx/edx-analytics-pipeline,0,0.653283985,0.2247965982542928,0.2934956522216992,0.2341998145331665,0.0685920577617328
ssec/sift,0,0.100659633,0.2795199470096033,0.4674844291446889,0.224370993934875,0.0138888888888888
adacore/e3-core,0,0.593469427,0.2558403637649401,0.4291348123856801,0.2030586896192629,0.0148148148148148
learnables/learn2learn,0,0.370267688,0.1923999955329393,0.2621450242160001,0.1994751196551078,0.0387596899224806
arthurdejong/python-stdnum,0,0.5666254,0.2219184530425306,0.4001341543663478,0.1546619782399787,0.0
wemake-services/docker-image-size-limit,0,0.0,0.8745283185293489,0.883380563753766,0.891829121458495,0.8222222222222222
liqd/adhocracy4,0,0.67862225,0.4424150410043663,0.6072905522710808,0.4804543673130058,0.0365853658536585
liqd/adhocracy-plus,0,0.68260134,0.3311875362673822,0.4209063994224931,0.3873995198976477,0.0393258426966292
edx/edx-rest-api-client,0,0.104440052,0.1744894013801297,0.2682378913357447,0.1592899599406664,0.017391304347826
django-import-export/django-import-export,0,0.51811244,0.1505319254964627,0.2044376907351526,0.1401597044811328,0.0634648370497427
lyft/cartography,0,0.514807153,0.2768973307134968,0.3340340597403683,0.354144226392967,0.008130081300813
networktocode/ntc-templates,0,0.632018571,0.0245793823428077,0.0205895612909528,0.0158588945660665,0.05
earwig/mwparserfromhell,0,0.727119217,0.5004049761003638,0.5528247190139158,0.5244072334321158,0.3475609756097561
enjoy-digital/litedram,0,0.465191957,0.1245789339413829,0.0632225033130763,0.2180524177472776,0.0603448275862069
simonit/spotifylyrics,0,0.574717299,0.199612723634116,0.2447184659626406,0.2466880707914948,0.0152505446623093
arm-software/workload-automation,0,0.696304806,0.267937933445228,0.440700594042449,0.2200118194792967,0.0182648401826484
fedora-selinux/selinux-policy,0,0.551750103,0.0951411211025316,0.1345991496271687,0.0984689641339451,0.0095693779904306
openxbox/xbox-webapi-python,0,0.4521616,0.3429978567275839,0.5389444007632065,0.3006130213248116,0.0358744394618834
flav-io/flavio,0,0.482228368,0.3883812451809423,0.4371495746571016,0.5184189229106386,0.0307692307692307
fkie/catkin_lint,0,0.634628071,0.4305851334477682,0.6046399968085577,0.4574550207189087,0.028735632183908
google/python-fire,0,0.011182777,0.0022614926726228,0.0042232014534978,0.0014305302280593,0.0
prompt-toolkit/ptpython,0,0.663557665,0.2839857659857598,0.3530770756358643,0.3439841135220836,0.0258064516129032
computationalmodelling/nbval,0,0.672661428,0.4511159511488514,0.5740166558687678,0.5217732220033606,0.064
saadmk11/django-newsfeed,0,0.198852991,0.1824962728993603,0.2210087573101015,0.2224114121177864,0.0256410256410256
jasonacox/tinytuya,0,0.214080928,0.1360410050907393,0.1877272123741696,0.1375604855378638,0.0296296296296296
inveniosoftware/invenio-app-ils,0,0.371408279,0.1582514573549299,0.2141027316290963,0.1712048108407972,0.0206422018348623
nexb/scancode.io,0,0.486114153,0.2783567425570036,0.4299792851636141,0.2349208356917048,0.0619834710743801
dstrigl/htheatpump,0,0.212436356,0.0053289654679348,0.0047913093349602,0.0085311043348769,0.0
linode/linode-api-docs,0,0.453516967,0.3749749325442886,0.5423148017402292,0.3378706212235459,0.1145038167938931
aiven/pghoard,0,0.618169404,0.3990113503732099,0.4683857365685445,0.5014673626117127,0.055350553505535
rm-hull/luma.core,0,0.551541798,0.1810808640822087,0.2833892429449389,0.1607659087135743,0.017094017094017
openmeteo/enhydris,0,0.675945482,0.3914249350055683,0.4921122478955794,0.4599795013830471,0.0529411764705882
dbiir/uer-py,0,0.996001225,0.7189141673705389,0.805825705919332,0.932368803416106,0.1181818181818181
alphagov/digitalmarketplace-frameworks,0,0.547992772,0.3966004709308155,0.5740666274077322,0.4110651231677143,0.0127388535031847
ncclient/ncclient,0,0.729825261,0.4247282080478969,0.5737088338811474,0.4042407184966592,0.1677419354838709
3yourmind/django-migration-linter,0,0.469782684,0.3555424281951971,0.4280604613895857,0.4284879167907146,0.0646153846153846
kplindegaard/smbus2,0,0.450800368,0.188028167303734,0.3444423045547336,0.119745760763425,0.0117647058823529
lebrice/simpleparsing,0,0.483039358,0.321845959074835,0.2713300163070322,0.5172848813800552,0.032
int-brain-lab/ibllib,0,0.472921983,0.259314610321653,0.4343672372602424,0.1988691213198097,0.0301003344481605
edx/repo-tools,0,0.125260604,0.2532803804899043,0.2950544011908453,0.3186660305533961,0.0389610389610389
dpgaspar/flask-appbuilder,0,0.477697715,0.2411028208407364,0.2990820007913198,0.3010012545190774,0.0053475935828877
hatchet/hatchet,0,0.589833703,0.3158861565268962,0.4392466171318449,0.3344431331597546,0.032051282051282
autotest/tp-libvirt,0,0.555243628,0.33230715400659,0.5658202352659875,0.2347278695307072,0.0604395604395604
whatwg/misc-server,0,0.578208138,0.1479276832531246,0.2145293029425672,0.1423866793837927,0.0258064516129032
bundlewrap/bundlewrap,0,0.569044683,0.4021184465554542,0.5694824994270699,0.4093235507364001,0.0529801324503311
graalvm/mx,0,0.797178949,0.261706638236546,0.3708853967560064,0.2833811988353586,0.0
openstax/openstax-cms,0,0.336923761,0.118890384390731,0.1491206999183606,0.1385814515346573,0.019047619047619
opensvc/opensvc,0,0.662577052,0.3438410128777093,0.6203258334773069,0.2369778481422537,0.0045977011494252
owasp/cheatsheetseries,0,0.535639069,0.0696170647519752,0.054631739652611,0.080348422227327,0.078125
rlworkgroup/metaworld,0,0.415605416,0.0606379585123977,0.0623006676869873,0.0892942285940069,0.0
horizonrobotics/alf,0,0.302449628,0.0877968065190256,0.0398195731171674,0.0734224431803966,0.2125
zigpy/zigpy-znp,0,0.507135018,0.155374509494926,0.2451607783475988,0.1368446272225137,0.0128617363344051
coding-kitties/investing-algorithm-framework,0,0.080541,0.2706142088885869,0.2810914512737644,0.3891940709477029,0.0125
pyro-ppl/pyro,0,0.684921098,0.3793885288943855,0.5113814816892496,0.411298515810489,0.0515826494724501
django-oscar/django-oscar,0,0.478924677,0.2337318473388263,0.3924401536697224,0.1729651618884987,0.0378486055776892
tanghaibao/jcvi,0,0.311489878,0.4837095337297522,0.5859153200524828,0.5643307364941198,0.1180555555555555
eth-brownie/brownie,0,0.434111993,0.0827221132566284,0.1015673003035731,0.0912192912492129,0.02803738317757
openwisp/openwisp-users,0,0.612290431,0.3345271992461639,0.511153139525519,0.3251648585898907,0.0
codezonediitj/pydatastructs,0,0.510429422,0.4439497979050385,0.6553848207052182,0.4469425042460572,0.0150943396226415
avocado-framework/avocado-vt,0,0.7072793,0.3760410639849632,0.56120887196627,0.3660261409373145,0.025735294117647
autotest/tp-qemu,0,0.639303824,0.4060347708304473,0.6282228806279249,0.3563084908926379,0.0611111111111111
soimort/you-get,0,0.255703961,0.4168739191407261,0.7122133963068399,0.3168995061201389,0.0261437908496732
autorope/donkeycar,0,0.0,0.0041685734706762,0.0028457024515317,0.0075757312251589,0.0
dictation-toolbox/caster,0,0.667433199,0.2258922646508637,0.4240115677021303,0.1318104079562095,0.0178173719376391
cyberbotics/urdf2webots,0,0.750453819,0.3364488133377498,0.3953337411643053,0.4081943072176631,0.075187969924812
lukapecnik/niaaml,0,0.772613969,0.6600846158329161,0.8656918744080734,0.7698137828212755,0.0294117647058823
nextstrain/ncov,0,0.528471188,0.1421820805050732,0.0876220256139305,0.2520851441526894,0.0314960629921259
vmiklos/ged2dot,0,0.579796198,0.502280009355155,0.576551591907541,0.64929768521169,0.0597014925373134
lux-org/lux,0,0.679918089,0.3497793771185223,0.4682189752503737,0.375695116400894,0.0610687022900763
strateos/transcriptic,0,0.435798095,0.2055971923179874,0.3506909010125634,0.1502962994355843,0.0260115606936416
nottinghamtec/pyrigs,0,0.648403885,0.1930089956356231,0.2363476247068983,0.2268615596611293,0.03862660944206
snakyeyes/ade-scheduler,0,0.477703233,0.3046454404057133,0.4675989785310804,0.2874999645027468,0.013029315960912
bigswitch/pybsn,0,0.648652485,0.3525632733175776,0.5461248519020666,0.3177394717427546,0.0350877192982456
openml/automlbenchmark,0,0.590968768,0.2423280833431101,0.3423834274648585,0.249831338716046,0.0272108843537414
disposable-email-domains/disposable-email-domains,0,0.637823193,0.1484734982022217,0.1465869850971218,0.2028576299736497,0.0434782608695652
mrbean-bremen/pytest-order,0,0.279783538,0.0303634625527329,0.0459765778778724,0.0125910380415321,0.0346820809248554
greyli/bootstrap-flask,0,0.565610496,0.1265930371567348,0.1838615412974124,0.1218296846879497,0.0215827338129496
pythoncapi/pythoncapi_compat,0,0.580942271,0.1939953868796123,0.2734703599692381,0.2005290962407816,0.0219780219780219
smarr/pysom,0,0.668784969,0.1604801704701037,0.2059849834950262,0.1654951629599532,0.0594405594405594
pollination/queenbee,0,0.60915818,0.2846437973527754,0.4027832399587803,0.3005324145605991,0.0165876777251184
jack1142/jackcogs,0,0.505276989,0.1409958807319662,0.2479711679611494,0.0949031492533814,0.0192307692307692
charmed-kubernetes/jenkins,0,0.544202555,0.3753223909595414,0.6010356132663471,0.3159289007178723,0.0426829268292682
bihealth/sodar-core,0,0.590712498,0.2161034217643004,0.2622943033801903,0.2739481867735326,0.0080321285140562
julienpalard/oeis,0,0.418366728,0.1008197046061499,0.1297478803624007,0.1073013811529739,0.03
valohai/django-allauth-2fa,0,0.533635351,0.1418386190446105,0.1423419156346696,0.1837572226504319,0.0569948186528497
chronicle/api-samples-python,0,0.306286952,0.2785765331301661,0.4949377976526317,0.1858785351727836,0.03125
radiocosmology/driftscan,0,0.618678404,0.2915875094607173,0.4837048317298406,0.2194280756605545,0.0516717325227963
linuxmuster-docs/main,0,0.153174475,0.0788583327258596,0.1556920691385817,0.0414537626760673,0.0
michadenheijer/pynytimes,0,0.068975901,0.302082499411988,0.439267275294721,0.3159389732352491,0.0
jsonzilla/vtt-to-srt.py,0,0.409691485,0.2067138425345352,0.2711250587476023,0.2196855216147098,0.0519480519480519
qgallouedec/panda-gym,0,0.165282218,0.5106419936839124,0.789919305779285,0.3938285355733529,0.1857142857142857
uptick/pymyob,0,0.406120209,0.0992414531530851,0.0991184599210768,0.1201893614433114,0.0575916230366492
rodrigo-arenas/sklearn-genetic-opt,0,0.144504337,0.4706345697437797,0.5907330088028757,0.5318965810241995,0.1079136690647482
robpol86/sphinx-disqus,0,0.237022093,0.0358229761597978,0.0297325224003799,0.0467244813178918,0.0262008733624454
urlab/incubator,0,0.499583813,0.2377092650438803,0.2871811547591657,0.2963968206847597,0.0213903743315508
m3t0r/tpl,0,0.523759368,0.2933231855662366,0.4328918986945516,0.2950106598156345,0.0108108108108108
googlecloudplatform/click-to-deploy,0,0.583133116,0.2639180115932913,0.2295542395438348,0.3938771530757571,0.0727272727272727
provinzkraut/cologne_phonetics,0,0.612308186,0.3363196839738321,0.3047065793456869,0.4691283448746077,0.1339285714285714
sphinx-doc/sphinx-doc-translations,0,0.631314532,0.2561182210933035,0.3352352847836705,0.2544529805001955,0.1012145748987854
suse/saphanasr,0,0.297994542,0.0224989021473434,0.041564610189387,0.0091881396844661,0.0109890109890109
netbox-community/go-netbox,0,0.734889169,0.4415707492059748,0.5677671388011388,0.5238444632778375,0.0246305418719211
crown-commercial-service/digitalmarketplace-frameworks,0,0.547992772,0.3966004709308155,0.5740666274077322,0.4110651231677143,0.0127388535031847
city-of-helsinki/parkkihubi,0,0.57152418,0.0944744780169662,0.1470472210927209,0.0862404232250569,0.0057971014492753
wtbarnes/fiasco,0,0.134509072,0.0013201914472364,0.0023850059594708,0.0009154726586202,0.0
posita/dyce,0,0.650655168,0.4833928566920978,0.6333748330354824,0.4135688471563006,0.3230769230769231
ade-scheduler/ade-scheduler,0,0.477703233,0.3046454404057133,0.4675989785310804,0.2874999645027468,0.013029315960912
dabapps/django-enforce-host,0,0.585891123,0.468758296158423,0.4882915781876364,0.5720339142745368,0.2231404958677686
uf3/uf3,0,0.672323945,0.3103921854092861,0.4437944396547926,0.299506285306331,0.065359477124183
amaranth-lang/amaranth-soc,0,0.623258855,0.3438320783888074,0.3663805660822223,0.4298662965564628,0.1266666666666666
pyqtconsole/pyqtconsole,0,0.625004606,0.1186978805927305,0.1261242869150674,0.162652287076719,0.0159362549800796
hugovk/strava-tools,0,0.264386808,0.2912100447661764,0.0955942065477297,0.4953341311741628,0.2741935483870967
jazzband/django-dbbackup,0,0.485932206,0.2369223010856594,0.1388959046167701,0.4416451422150256,0.0235294117647058
jmdict-kindle/jmdict-kindle,0,0.547122011,0.2389441896069035,0.2170246316988454,0.2953685220569756,0.1699346405228758
kpetremann/mqtt-exporter,0,0.726432864,0.4793009523955709,0.6105863587192867,0.5470410222696407,0.08125
thxo/cabrillo,0,0.590180484,0.2345203259473749,0.2596875767626651,0.3176846666772007,0.0178571428571428
arshadkazmi42/currency-symbols,0,0.598716681,0.5066223753306177,0.6551316948823924,0.5165966572372552,0.1896551724137931
nathanhi/pyfatfs,0,0.691009512,0.3511191994813534,0.3721831322846178,0.4632419850628336,0.0847457627118644
picterra/picterra-python,0,0.68283016,0.3511536647376741,0.4438381572976687,0.4136378412812104,0.0408163265306122
py-sdl/py-sdl2,0,0.445455557,0.1755224156942521,0.2875476114303096,0.1426562772676861,0.0172043010752688
yunojuno/django-management-command-log,0,0.548390641,0.1288143109047348,0.2119878262693713,0.1022048137375637,0.0156862745098039
jupyter-server/enterprise_gateway,0,0.605118078,0.2648655993519606,0.3632573867717988,0.2730445426425855,0.0517241379310344
spec-first/connexion,0,0.642369681,0.325965148442391,0.4846123061323606,0.3026507953883635,0.0552995391705069
kiwitcms/tenants,0,0.406847625,0.2533959279803786,0.2610364979255309,0.3107249269636872,0.1234567901234567
revsys/django-health-check,0,0.434110795,0.1677464177198815,0.1947167509236349,0.214728658455434,0.0198412698412698
openedx/openedx-webhooks,0,0.561896788,0.2879366629725144,0.2915356180249775,0.3610545774180044,0.1345029239766081
convexfi/riskparity.py,0,0.334763784,0.3979251135690639,0.3224271531255016,0.5313599897715171,0.282051282051282
geany/www.geany.org,0,0.33344789,0.2059014904630854,0.4050462027606017,0.1097075233971118,0.0
pyar/asoc_members,0,0.452164953,0.1377027948938474,0.200750935611339,0.1284684576383171,0.0300751879699248
beatonma/django-wm,0,0.649875533,0.5711473367334965,0.7029157442410825,0.690469838971969,0.0689655172413793
esa-vires/magneticmodel,0,0.656692635,0.2858666291699001,0.4168667550884068,0.2865385565750821,0.0225225225225225
ome/omero-web,0,0.564837559,0.2838458033256547,0.3716534457945178,0.3379610625196188,0.0
dfki-ni/rospy_message_converter,0,0.216692017,0.1940495908634481,0.2363438483968969,0.1975753094846148,0.1024096385542168
biomedsciai/causallib,0,0.631691395,0.2675850661972988,0.3647411297209526,0.2470786786294373,0.1142857142857142
gday/django-q2,0,0.594220893,0.391575608938387,0.5287092520882698,0.4284906398229149,0.0434782608695652
freebsd/iocage,0,0.404730943,0.3763719143471131,0.544310211851302,0.3511650285619354,0.0909090909090909
pypi/conveyor,0,0.694285995,0.1484035972712655,0.1607086470883788,0.2013717746612137,0.0178571428571428
colcon/colcon.readthedocs.org,0,0.562564381,0.4515785572549797,0.5486377372094766,0.4856116862310027,0.1893939393939394
MrParosk/pyDenStream,0,0.175535136,0.3765558906495142,0.5485861223195271,0.3754625638418307,0.0346820809248554
timeplus-io/proton-python-driver,0,0.660481612,0.2741399774191113,0.473162750093856,0.20637323996555,0.0116279069767441
alubbock/thunor,0,0.290409034,0.325426359066377,0.2831244697852758,0.5050176990671075,0.0508474576271186
inveniosoftware/invenio-records,0,0.2011449,0.1465224174892505,0.0814847929190411,0.2702227106580998,0.0291970802919708
aboutcode-org/scancode.io,0,0.486114153,0.2913113183430813,0.4646518621229248,0.2347008139000677,0.0578512396694214
nirs/pytest-threadleak,0,0.416610753,0.342225167423137,0.4058670808085096,0.4204987574573621,0.0583941605839416
aboucaud/pypher,0,0.296807412,0.3374378916147774,0.3381279640824312,0.4561709903066251,0.0985915492957746
nap/jaro-winkler-distance,0,0.438789919,0.1930670643851032,0.3539520120061794,0.1236905233284379,0.0100502512562814
mrworf/iceshelf,0,0.238924312,0.2018751539846493,0.3697004877131773,0.1349873972484459,0.0
sphinx-contrib/apidoc,0,0.482639009,0.1784251625379753,0.2868330709419879,0.1563889263120412,0.0056818181818181
jvkersch/pyconcorde,0,0.31350067,0.266781416370746,0.2097123320692507,0.4085399101563155,0.0974025974025974
jumptrading/luddite,0,0.42859104,0.0932827608559685,0.1087078161196778,0.1057490860202435,0.0375
mwilliamson/python-vendorize,0,0.622546863,0.4912329645665901,0.5013269962906532,0.6665702299406367,0.1203703703703703
jmozmoz/cloudmap,0,0.457146191,0.2210214558655568,0.3011609969211863,0.2349091262591892,0.0329670329670329
crew102/reprexpy,0,0.556973553,0.4791899664429194,0.62252518530457,0.518017298370296,0.1148648648648648
cmake-lint/cmake-lint,0,0.657932514,0.5077066168833817,0.6525105846660485,0.5657355493791404,0.1020408163265306
posterior/goftests,0,0.572771263,0.2336610704756555,0.2897161557717895,0.2726973899825667,0.0434782608695652
python/cherry-picker,0,0.547421031,0.2629328299800708,0.2908883530538849,0.3497770552296255,0.0333333333333333
gabfl/mysql-batch,0,0.761307742,0.3843561970446972,0.4506664725607484,0.4752777834918547,0.0698924731182795
enthought/sat-solver,0,0.661829231,0.2149785848443216,0.3256727093827636,0.1835479462764274,0.0564516129032258
jsocol/django-adminplus,0,0.028334099,0.7596551024095896,0.9022808672598444,0.7984193887641295,0.396875
shopify/pyreferrer,0,0.55876383,0.3483145835813964,0.4390670907470057,0.3828471877553573,0.0977443609022556
flozz/pypapi,0,0.552099839,0.2014516064803311,0.2782116186845805,0.1850447267087939,0.0807453416149068
szastupov/aiotg,0,0.497084484,0.4038582109279017,0.3533426333290783,0.6189894611548551,0.0746268656716417
zodb/perfmetrics,0,0.552898353,0.2010438808560747,0.4604077607776738,0.0422019413625129,0.0
rhevm-qe-automation/pytest_jira,0,0.472629887,0.2165093112549737,0.1571398969465571,0.361056458113954,0.0461538461538461
pusher/push-notifications-python,0,0.760563064,0.4564134395685235,0.566954323633776,0.5549535922274236,0.0382513661202185
alanhamlett/pip-update-requirements,0,0.504351845,0.1570825358470832,0.1763859190731751,0.2095636637877762,0.0135135135135135
numberly/mongo-thingy,0,0.525144229,0.2084262128299187,0.2489666303135805,0.2520989017612163,0.04
mhe/pynrrd,0,0.40058321,0.309176238498667,0.2324345510153268,0.5262203309456263,0.0285714285714285
whitespy/django-node-assets,0,0.69497094,0.2735307903385049,0.3537602329482734,0.2598188090136915,0.140495867768595
click-contrib/click-repl,0,0.699613464,0.4059579507877854,0.5559309759828147,0.4299783937402721,0.0579710144927536
jaidevd/numerizer,0,0.715452013,0.4046388229525568,0.5610854984710115,0.4379329425581793,0.0251572327044025
pytorch/tnt,0,0.579590429,0.1843193698688797,0.1165195324514272,0.3313756664143205,0.0258064516129032
neithere/argh,0,0.497355238,0.4004994690212982,0.45925874421255,0.4936028315665021,0.0967741935483871
seantis/suitable,0,0.085712226,0.5347816977441983,0.4974867712888231,0.8133805165499333,0.0521739130434782
drugilsberg/paccmann,0,0.562105864,0.3568545998830235,0.3722700165418252,0.4786900125774981,0.0823529411764705
qiskit/qiskit-bot,0,0.445162848,0.2706142450594278,0.5041453413408578,0.1689538451908732,0.0068728522336769
dib-lab/screed,0,0.388633894,0.2743172637605071,0.4728049670588049,0.2054975556383428,0.0149812734082397
starou/django-thumborstorage,0,0.481675922,0.3523701866316575,0.5262503383961498,0.3345138378604134,0.0403225806451612
clembou/behave-pandas,0,0.576494331,0.3567509926495216,0.5879780005186371,0.2466475727082203,0.1145038167938931
carlthome/audio-scraper,0,0.20129282,0.0807407005272829,0.0263451076066106,0.1621733103782632,0.0266666666666666
vxgmichel/aiostream,0,0.515148436,0.2325245181352487,0.3937881767073695,0.1766196918394749,0.0218068535825545
click-contrib/click_params,0,0.431517588,0.2159258945030893,0.2610248475970088,0.2488359716100232,0.0599078341013824
refty/mongo-thingy,0,0.525144229,0.2084262128299187,0.2489666303135805,0.2520989017612163,0.04
jupyter-server/kernel_gateway,0,0.562102173,0.2222060430782651,0.3765957853189689,0.1728031144256234,0.0122324159021406
openedx/edx-analytics-pipeline,0,0.653283985,0.2247965982542928,0.2934956522216992,0.2341998145331665,0.0685920577617328
rticau/screencaplibrary,0,0.665530418,0.3281313897179103,0.6199666469249564,0.1785436455516375,0.0436363636363636
quantling/pyndl,0,0.403501507,0.2280856181360686,0.3983135782827537,0.1631028130984735,0.0175953079178885
projectmesa/mesa-geo,0,0.641671874,0.313364791715476,0.5768942110228638,0.2012821661715852,0.0104712041884816
siddhantgoel/beancount-ing,0,0.77999584,0.4495984442338986,0.5221916927853354,0.4891283614613831,0.2253521126760563
python-trio/purerpc,0,0.403082098,0.0141197280396923,0.008333800688412,0.0092235839269479,0.0354838709677419
python/pythoncapi-compat,0,0.580942271,0.2021982868557301,0.2853018609333798,0.2092048452169345,0.0219780219780219
simonsobs/pspipe,0,0.240189363,0.0989470791694145,0.1221564233655148,0.0964342961407552,0.0575539568345323
chaos-kubox/cerberus,0,0.242055847,0.1275715328327402,0.1907234869963593,0.1182550963292724,0.0199004975124378
iqbal-lab-org/minos,0,0.204755121,0.0907130724149467,0.1656033362278322,0.0495061930585617,0.0233463035019455
metabrainz/brainzutils-python,0,0.788928975,0.3111259552062358,0.5151112319032601,0.2469141824281189,0.031578947368421
stefan-grafberger/mlinspect,0,0.517700037,0.337917950778465,0.4816768217576508,0.3327313148570199,0.0607734806629834
mdanalysis/panedr,0,0.373898023,0.0979086206176362,0.1264313811786719,0.1018928019443659,0.0328947368421052
daoo/autodesk,0,0.612205686,0.4027536897318124,0.4508434527947797,0.5013532715347514,0.109375
duosecurity/duo_universal_python,0,0.757817744,0.4682440136258746,0.5487089710286291,0.5767882810811702,0.0902255639097744
joanbm/full-offline-backup-for-todoist,0,0.494470561,0.2333092242778876,0.2063278867409949,0.3017239350156709,0.1504424778761062
cesnet/libyang-python,0,0.593960397,0.1110325345529456,0.1429180400561474,0.1256745322812729,0.0179775280898876
capytaine/capytaine,0,0.3448888,0.0407547285145463,0.0269255810115534,0.0345200638042242,0.0808823529411764
mila-iqia/cookiecutter-pyml,0,0.426212794,0.2080865618961785,0.2678489267465415,0.2276761199692134,0.0493827160493827
aiidateam/kiwipy,0,0.570373522,0.1996417781787162,0.2887815244684285,0.1949200773764663,0.0308056872037914
sciris/sciris,0,0.157450889,0.1070192764562624,0.1616610744491052,0.0951344285195077,0.021505376344086
nexpy/nexusformat,0,0.657981057,0.4666742832536564,0.6042234430616132,0.5547103270880316,0.0155038759689922
esa-vires/vires-python-client,0,0.286161851,0.0883440286915487,0.0690054293425704,0.1236288359346885,0.0564516129032258
tue-robotics/node_alive,0,0.367761317,0.1190600513267531,0.0558479199219574,0.1887719053646223,0.106060606060606
skalenetwork/transaction-manager,0,0.067100564,0.2018854004690918,0.2484318244500825,0.2130718001794372,0.0864197530864197
pogzyb/whodap,0,0.534321619,0.3110564277952132,0.5003191900805484,0.2616968794074846,0.03125
libfuse/pyfuse3,0,0.526150311,0.3608632046279952,0.5270433611656149,0.3400828032706151,0.0700636942675159
meyt/linkpreview,0,0.601699566,0.2290231133258096,0.2217346745398226,0.3340633322383887,0.0335195530726257
crown-commercial-service/digitalmarketplace-supplier-frontend,0,0.493830329,0.2232514213771035,0.3225635170182465,0.2145124048455648,0.0421052631578947
gaoxingliang/you-get,0,0.255703961,0.0063028132692359,0.0041237623307949,0.011633270842295,0.0
OpenAPITools/openapi-generator-pip,0,0.244399426,0.0376494663112874,0.0474232342761668,0.0300337648353851,0.0333333333333333
CERNDocumentServer/cds-ils,0,0.265104063,0.181387541794989,0.2527890353475312,0.2006798191399414,0.0
sphinx-contrib/multiversion,0,0.381909911,0.2006976921906558,0.1893919978935871,0.2896249598557795,0.0454545454545454
seatsio/seatsio-python,0,0.566210568,0.2775062113097877,0.1088793088741903,0.556717205315772,0.056338028169014
cartography-cncf/cartography,0,0.514807153,0.26700022968003,0.3230731966585121,0.3403623368911566,0.008130081300813
Josh-XT/pytube2,0,0.480009797,0.1495402298213636,0.1559729799143229,0.2002305358155568,0.0352941176470588
esrg-knights/Squire,0,0.594248077,0.207100819858178,0.3026916616652329,0.186891373895705,0.056338028169014
anexia/drf-multitokenauth,0,0.485113978,0.2593974084347141,0.3669563962849849,0.2023292040097213,0.1584158415841584
mir-evaluation/mir_eval,0,0.028661578,0.0160147427958873,0.0021285122014799,0.0161692143534558,0.0434782608695652
dlenski/aztec_code_generator,0,0.456995703,0.3207962631339034,0.5966492670472966,0.1960821315282026,0.0185185185185185
Infinidat/infinisdk,0,0.672661541,0.2958932432759598,0.3189095503801348,0.3918380505633878,0.0579710144927536
moira-alert/moira-trigger-role,0,0.521425837,0.3758916545300382,0.4199620365605225,0.4415062301993556,0.1565217391304348
bbc2/shuffled,0,0.460590517,0.14138161150417064,0.22578918293253578,0.12083890726133792,0.013651877133105802
