full_name,importer,gpt-3.5,gpt-4o,deepseek
scikit-signal/tftb,0.459176470007943,0.6409811253113187,0.5298876527778985,0.5527048889642135
jeanralphaviles/comment_parser,0.7383187496993109,0.6942039396258332,0.7882225999168971,0.795543129938695
OpenAPITools/openapi-generator-pip,0.3986468060779162,0.3812074852624956,0.3796541378665114,0.3788072690266944
demianw/tract_querier,0.4549955537522493,0.7864827524344267,0.7304725362573028,0.6995347704596654
christianbrodbeck/eelbrain,0.3411616450662628,0.4113408047096748,0.4125340546287447,0.5354929760178578
cuducos/webassets-elm,0.5821720430816569,0.6049677330726845,0.5862308163342234,0.5548987197560196
mozilla/foxpuppet,0.3169622559808093,0.5890896153471472,0.6400014610459026,0.5855674334700618
holzhaus/sphinx-multiversion,0.5106950945890372,0.6879765936188182,0.7203577690971648,0.6457060707652946
sphinx-contrib/multiversion,0.5106950945890372,0.6321882782667246,0.7317299885740297,0.6537232687223622
jaidevd/numerizer,0.8063372356858555,0.9183321333011432,0.8970539708876049,0.9166153917476478
letterror/ufoprocessor,0.450742279989302,0.5502692583046395,0.5780145407835082,0.5205533112274819
beaglecli/beagle,0.6624382122732414,0.7906983435401432,0.8173788122888701,0.8194998702805742
keeprocking/pygelf,0.644044567309422,0.7353813030709053,0.6653632161261112,0.7354860147950815
riptano/ccm,0.4017157136434126,0.5272040233779688,0.537941457461353,0.5237902262395768
jacebrowning/datafiles,0.7254151036787884,0.7589519926063454,0.8596138480426473,0.8554517413424025
webrecorder/warcio,0.7445568321467759,0.8713933545227172,0.8255931666410631,0.8861134611982459
mrworf/iceshelf,0.7225025386196958,0.7790237500152679,0.8385202224987945,0.8015732393689367
areski/python-nvd3,0.7841155450718181,0.8820980313894908,0.8462091678136257,0.9133764239520205
simon-weber/python-libfaketime,0.6663112816364455,0.6026766716438106,0.5658591871372703,0.5995872451616175
posterior/goftests,0.729397054300546,0.7831221216939149,0.8022580376121763,0.7837561036675934
censoredusername/unrpyc,0.5482814937948496,0.5592300857351793,0.5558522923635678,0.5981889850092141
dylan-profiler/visions,0.6597115860130328,0.729054402609861,0.7803228196006923,0.7974206457421963
googlechromelabs/pywebsocket3,0.7631681027558217,0.8412390218677235,0.8439438839411645,0.8060366134837821
clalancette/oz,0.3402822091081412,0.3244390190963548,0.3450802987850691,0.3909972559140436
andhus/dirhash-python,0.6535266809037827,0.7484055562140677,0.763738173129498,0.743455775875641
jmozmoz/cloudmap,0.4787469951763403,0.5348597131615506,0.5171787882331246,0.7062830081894146
alir3z4/html2text,0.4734926049522648,0.6651218253995889,0.8133605763761131,0.8222562216604742
flozz/pypapi,0.6591478756302519,0.7429531806833759,0.7246919196214042,0.8212246482326081
jsocol/django-adminplus,0.1157089965364731,0.9705737933903832,0.9683606867430952,0.9808373894439292
awickert/gflex,0.5437660620216006,0.5886743754524851,0.5776406536148132,0.6172524602272883
decalage2/olefile,0.4688383304405155,0.66871672326689,0.6624271864350216,0.6991614883051769
nap/jaro-winkler-distance,0.5651973138848901,0.7242525840943066,0.7169770610574315,0.7323296368649727
duecredit/duecredit,0.5202778940532831,0.7676137247146528,0.7514012741875759,0.7991303512674203
benbrostoff/draftfast,0.3810364641238851,0.468382304733048,0.4020606968122028,0.5443191356958507
robweber/xbmclibraryautoupdate,0.3520225914403276,0.5368098119227848,0.5576513040171553,0.5791836024800524
molmed/checkqc,0.6921154023001472,0.6175424805416189,0.7273786684171378,0.7081967205168281
dirkmoors/drf-tus,0.1266646513268037,0.3496158353345919,0.2700820981066149,0.4039438981478059
peshay/btcde,0.494982053938406,0.6963883577527511,0.7319365836870556,0.710608582932877
nitmir/django-cas-server,0.4557059949851479,0.5550498394210219,0.481820263764438,0.4769237564504321
pygame/pygameweb,0.5698850778877838,0.7406564910931389,0.8407413297933669,0.8531038983285288
sphinx-contrib/apidoc,0.6587300227652844,0.8092163305358319,0.7774980015638474,0.7827543947070128
sammyfung/hk0weather,0.5993939746070905,0.6754605106670682,0.6878419913981529,0.6760134653519583
yelp/fuzz-lightyear,0.5460824982684462,0.71387997519276,0.5864545638462287,0.6431187122813881
ricardobranco777/clean_registry,0.6963664457553245,0.7900706417052673,0.7236397522823748,0.7865268884198736
lgoodridge/django-uniauth,0.6343387079941674,0.8758575154187184,0.6605060393084503,0.5319761135866747
seantis/suitable,0.213674728400062,0.773676984765719,0.773676984765719,0.773676984765719
oe-alliance/autobouquetsmaker,0.652836407943266,0.6461390961836455,0.6242208162090964,0.6923514112934672
opencagedata/python-opencage-geocoder,0.6309306330837265,0.7346413240887384,0.7346677020551378,0.7640156998718033
dfki-ric/phobos,0.1854144620746282,0.1998163241977308,0.2143664283775823,0.2064941202848285
openml/automlbenchmark,0.6505764149685204,0.645566408534061,0.6319490016549587,0.6581499833830456
whitespy/django-node-assets,0.7728177675323772,0.8666791495725853,0.855107121431207,0.9130109322393076
saleguas/context_menu,0.3917415462504383,0.7125250818299541,0.6969077290808319,0.6904497075818442
edio/randrctl,0.7734916683679809,0.8976537018458719,0.8649690432750423,0.8888907029897263
pbs/django-atris,0.2185508702188441,0.2851004815963607,0.1984948716826383,0.1817400573133336
stphivos/django-mock-queries,0.4969549271288337,0.5159725515837379,0.2931481009576108,0.2138650459871568
asuni/wavelet_prosody_toolkit,0.4663029844588877,0.5147332731861913,0.5747939851274252,0.4879627830366372
python-organizers/conferences,0.800068420325325,0.80866672709709,0.7824319235688915,0.820136378931966
openuado/niet,0.2043374626853797,0.1691464225308806,0.2259632946646723,0.260352539810791
jsfehler/renpy-encyclopaedia,0.5273191478650245,0.7605198539036394,0.6897089964934264,0.7816186091474926
moira-alert/moira-trigger-role,0.6089744568609322,0.7532152752606006,0.6706929335576239,0.7485758336482097
meyt/linkpreview,0.7074955186188885,0.5728697317250532,0.798253352622955,0.8085119006598636
suse/saphanasr,0.3513038682846965,0.3175671146332946,0.3770400168676917,0.3756492240564091
metasys-lisbp/isocor,0.6780738246189888,0.6772543190279755,0.6943396018368104,0.7286594163766493
kolotaev/vakt,0.5665547452070935,0.8175398544623186,0.5849563795933583,0.6536968176524192
glidergeek/pysoar,0.2852473342600201,0.4828514159771535,0.4500009902894574,0.5320793675534975
paulscherrerinstitute/pcaspy,0.4246430172646573,0.5047539906453874,0.4386839410844804,0.4569854548602178
tsroten/fcache,0.5980551057877115,0.7922197279120647,0.6391837628451353,0.6427493592828655
polymonster/jsn,0.3278435460195611,0.4035362772884469,0.4010232600457338,0.408945819092775
ywangd/pybufrkit,0.6009032488613891,0.562062211044621,0.5557541263099469,0.5476743694336899
szastupov/aiotg,0.7229432626896111,0.6981845898220312,0.828446181238984,0.8368331356445603
strinking/futaba,0.5545782871729149,0.6696876443903899,0.7451738795720577,0.7987220591167952
intgr/topy,0.5810205452223236,0.7774726398641488,0.6617790974503225,0.7011284131102554
clembou/behave-pandas,0.789116955261662,0.8956415312790726,0.8192030294506418,0.9354361022856332
m-mueller/mattermost-poll,0.731680382175319,0.7916877695560411,0.7689973307157503,0.802610682956385
click-contrib/click-repl,0.7551402377406453,0.7997337811624572,0.761247666311953,0.8044032276336235
lululxvi/deepxde,0.3557357758112408,0.7068616079419333,0.3101709726160186,0.2273935356996064
kpetremann/mqtt-exporter,0.7683597472040169,0.8877751883472548,0.9049258903998232,0.951642396709846
usnistgov/fipy,0.4612002001493601,0.4880292687896487,0.4487647322062704,0.4456959967117825
radare/radare2-r2pipe-api,0.5440907535955503,0.6500338853150437,0.575312796212933,0.6028609858784969
ibm/causallib,0.6115899179224091,0.7173354869063944,0.745291055871123,0.6968623769010064
biomedsciai/causallib,0.6115899179224091,0.7270905021717101,0.74080048096715,0.7071407862666751
uos/rospy_message_converter,0.2702282562199782,0.5728530587020795,0.4389585611364795,0.4394923433718821
dfki-ni/rospy_message_converter,0.2702282562199782,0.4383917526272015,0.432917805674577,0.5586872955494137
pypi/conveyor,0.857398852391738,0.8061909813150145,0.8422860097215348,0.8213561046677252
enthought/sat-solver,0.7308861329666375,0.816493465402849,0.7733315318710303,0.8993210371435487
mgaitan/sphinxcontrib-mermaid,0.8147266717679162,0.8135314015040144,0.8160138861698009,0.8593158210274415
2gis/k8s-handle,0.6471096715979968,0.7619207562263735,0.713747098343448,0.754816791756945
getslash/flux,0.6644283740960131,0.633191251402929,0.687662493343009,0.6980987408965925
libvips/pyvips,0.2972079567473123,0.3896127480022469,0.4584393922218076,0.4577182417871531
esa-vires/magneticmodel,0.6791914233720395,0.7410116968719217,0.7218567198022375,0.7542259790048652
nethserver/dev,0.4113193872871624,0.3808467746978602,0.4754967782152204,0.4441077044635638
hugovk/pixel-tools,0.6707755873741832,0.8049532814641157,0.8092102556766839,0.840158171786228
mhe/pynrrd,0.8102660197481548,0.8212606113289778,0.850524429691165,0.8485531517327983
pogzyb/whodap,0.7276110966886546,0.782535214951702,0.7447129773555562,0.8153286228663246
mancellin/capytaine,0.3160616105256498,0.5455277128492545,0.4713092339303081,0.5560550647782266
capytaine/capytaine,0.3160616105256498,0.5426011306978766,0.520885066178541,0.5560550647782266
networktocode/ntc-templates,0.579739559011903,0.8327284702615104,0.7701072004727734,0.7887362092998849
openmeteo/enhydris,0.6808795659569735,0.8976351080059517,0.8693452271965778,0.8573828080931684
fdemmer/django-weasyprint,0.7236266925621948,0.7789210970935294,0.7825027333519128,0.8069277411763119
laowantong/paroxython,0.8395916989443004,0.8422472544506833,0.8410734326196191,0.8248636090091777
cenkalti/pypi-notifier,0.9151789634044984,0.7680821881774971,0.7774253196017552,0.7939939480827695
rescuezilla/rescuezilla,0.5989037889937534,0.672977471150784,0.5288893131615254,0.6373744198064303
apsl/django-yubin,0.5161702742894488,0.800545252975372,0.7914816891726602,0.7966202679477521
tompollard/tableone,0.5450416680792791,0.6669819125700704,0.6634531659232221,0.6808218841709587
quantling/pyndl,0.4344214263416379,0.579674727873135,0.5615357485184116,0.6551530656966649
mila-iqia/cookiecutter-pyml,0.5356371208123778,0.6619780210180344,0.7211183145568811,0.715217649558592
aosingh/lexpy,0.5917883775337174,0.8324491788380985,0.8021198586309868,0.8731963881672962
cgatoxford/umi-tools,0.541372348749105,0.706563847773575,0.6316745568024437,0.7439535201827966
frappe/bench,0.48167524886628,0.567866206102157,0.6448556685071367,0.601665719106143
pavdmyt/yaspin,0.5567581908091539,0.7970636657950889,0.7075083549696655,0.7243018106348439
disqus/django-bitfield,0.5058003373472413,0.4549516523705379,0.4830188451475204,0.492202284731087
eskerda/pybikes,0.5097259521591082,0.6170832319713138,0.6451497030911314,0.6947163198115625
arshadkazmi42/currency-symbols,0.758295303531598,0.8574423769019583,0.8154246783130255,0.8632511971006362
elmotec/circlify,0.5968086717548304,0.742572186443051,0.7120129348387453,0.70191107512988
necaris/python3-openid,0.4824453512181968,0.3804716767968256,0.6832537866777604,0.6937543792765827
bodik/soft-webauthn,0.7449929729470572,0.7934769631958758,0.7405888453558004,0.8438197596215721
click-contrib/click-man,0.5733662598346444,0.6979069977653372,0.7094459354744721,0.7238814914330349
py-pa/django-minio-storage,0.6355659133696786,0.7001970768608741,0.7068790821771179,0.7647546663708247
jbarnoud/panedr,0.4519973423385611,0.6019585369946466,0.6075965461263595,0.5994312211978381
mdanalysis/panedr,0.4519973423385611,0.6081553190396844,0.5829872284198594,0.5994312211978381
mara/mara-pipelines,0.5658515673621548,0.6764756502862194,0.7444513278617806,0.67962642121441
haddocking/pdb-tools,0.6145087282149614,0.8308449612247648,0.8122933287402664,0.8279722805602017
gintas/django-picklefield,0.6001638311677101,0.8097924167355726,0.6907718195158988,0.8027786052277806
jasonacox/tinytuya,0.8104794415978637,0.879079800650797,0.8251006880835825,0.903126492827196
kplindegaard/smbus2,0.55143929270993,0.7740079104730982,0.7882805956385395,0.7498214232303275
libfuse/pyfuse3,0.584908427521725,0.7470181294953284,0.7287080486238925,0.7778056423343024
shaarli/python-shaarli-client,0.6152577709902776,0.8800127615207205,0.8039440166641875,0.7986294907349181
google/openhtf,0.6926441412359284,0.8452643010248966,0.8137103571169958,0.8533397707090716
simonsobs/pspipe,0.3213986584128626,0.7249106349686105,0.362450373946749,0.4264984599760968
city-of-helsinki/parkkihubi,0.6000736462324617,0.7968342608561099,0.7191697346549161,0.6270850543153552
amorvincitomnia/vtt-to-srt.py,0.6832179106140392,0.6896263821365208,0.6695174203147433,0.6914038781944297
jsonzilla/vtt-to-srt.py,0.6832179106140392,0.6800727070647055,0.6603518267585444,0.6914038781944297
modoboa/modoboa-contacts,0.5541799764957326,0.7103637476101773,0.8477320958613724,0.8515487315157798
modoboa/modoboa-radicale,0.6047914641523613,0.7199030774486448,0.8297867887104486,0.7703039259905552
nextstrain/ncov,0.4753118522411591,0.5046224293828682,0.4545616516438147,0.4946186331850875
m-lundberg/simple-pid,0.7578854641819824,0.8383831654431392,0.815708946233297,0.8653359861224534
in-toto/demo,0.5941668443875328,0.7746577597441364,0.7401518094466422,0.7791085962805989
mattpitkin/psrqpy,0.5962439551892379,0.6000136995403201,0.6826552483401676,0.6841920185767486
curiouslearner/django-phone-verify,0.734347144796357,0.8072543276284799,0.8262110594051064,0.8203342001785956
nchammas/flintrock,0.3126429633754606,0.6647759250113527,0.6790752681987965,0.7162167047038043
mykrobe-tools/mykrobe,0.4181882886021571,0.5467892185202938,0.4939927669738498,0.5124180804063511
standy66/purerpc,0.3578805403384701,0.6223001021500505,0.6016017826495013,0.4849601529797395
python-trio/purerpc,0.3578805403384701,0.5640906707249298,0.5977517569873325,0.4528339309288286
seancline/pythonsymbols,0.5399797020707937,0.5991845529055848,0.5826538046411947,0.6729384040955955
lebrice/simpleparsing,0.7945029281576551,0.7712441805896224,0.7470881996740715,0.7297427808618734
nocarryr/python-dispatch,0.561746952230687,0.7493585807853194,0.7165251081240357,0.7342759292577985
projectmesa/mesa-geo,0.7459572615444947,0.7488530118871874,0.7329672769535513,0.7394120062554134
arista-eosplus/pyeapi,0.7303866374522494,0.8555347274354937,0.925226644187222,0.8915129606016686
agateblue/django-dynamic-preferences,0.6429190265915964,0.704065750933878,0.5492178538615861,0.6165525342278333
savoirfairelinux/num2words,0.6272494947501722,0.8107776864517399,0.766936224632352,0.7321428554373256
scvenus/peekabooav,0.7873628188329512,0.9156271672491464,0.9156137052732364,0.8721213650647616
rogargon/myrecommendations,0.4491356684843182,0.6000085594943229,0.6034748756419608,0.6518099511948489
starou/simpleidml,0.5661166979303338,0.6903199779296363,0.6814570119610932,0.7037143770118575
n-wouda/alns,0.6787959454878923,0.9174292072236474,0.8299709936600532,0.897053082374953
amccaugh/phidl,0.7762684026954845,0.8613589757184514,0.8650959838856104,0.8515044238569273
starou/django-thumborstorage,0.5048633599126919,0.7234509385443039,0.7086193854434291,0.6466201891075547
sphinx-doc/sphinx-doc-translations,0.6358446194094979,0.7442058227151966,0.8032719131495076,0.7622395839555639
numberly/mongo-thingy,0.5786764943858917,0.537711230735804,0.5663842055980716,0.5333183221685162
refty/mongo-thingy,0.5786764943858917,0.537711230735804,0.5663842055980716,0.5333183221685162
lukapecnik/niaaml,0.8494929684869391,0.9493449003136196,0.9227651300751722,0.8666601922230307
citusdata/django-multitenant,0.7389952011392787,0.4863408606780565,0.8029643621590798,0.8004236123898598
flav-io/flavio,0.7151495134292382,0.8978355041979428,0.8124952963926796,0.8638994101305947
geographika/mappyfile,0.656421194482717,0.7641197116625943,0.7337028665750542,0.7916088464859362
cnvogelg/amitools,0.6572293746588072,0.8547075029804257,0.7472572441801022,0.7136574998589141
joanbm/full-offline-backup-for-todoist,0.5713745666560864,0.5445682149291267,0.5752550971407526,0.5445682149291267
cmake-lint/cmake-lint,0.7961209647579518,0.9170282920041886,0.8690794863259643,0.9170282920041886
exxamalte/python-georss-ingv-centro-nazionale-terremoti-client,0.5684818111239271,0.7728526396713131,0.7374612270855516,0.7427458634634991
socialpoint-labs/unity-yaml-parser,0.3065791432257103,0.6859751680412705,0.6698329235356121,0.6528995291072769
datalad/datalad-neuroimaging,0.2832731556117975,0.611149313062563,0.5905144921863517,0.5905144921863517
algorand/pyteal,0.6380665971566991,0.764636603494346,0.8416013662204963,0.810594101752758
esa-vires/vires-python-client,0.3349480761568975,0.4589029943808945,0.4235481840534353,0.4697903564606075
vslavik/bakefile,0.7853733175229981,0.8541002127606359,0.8456421601644624,0.8670346762066518
pdfminer/pdfminer.six,0.6210164661954213,0.8194443734414867,0.7637258447548222,0.8148840286373286
thxo/cabrillo,0.6972019231767902,0.8488115853136337,0.8155364965533048,0.8011996426335959
mihaiparvu/screencaplibrary,0.7051948759180345,0.7512503594426311,0.757740838833451,0.7947225999349012
rticau/screencaplibrary,0.7051948759180345,0.7852695304333128,0.7592522516734689,0.7947225999349012
jrief/django-entangled,0.2569677291923421,0.5195143963815527,0.7399647286545713,0.7124972727269496
aboucaud/pypher,0.3745167332287002,0.6312352932032321,0.5422206595091164,0.3199876081354441
pic-iris/ph5,0.5126162021372682,0.77997391721795,0.7910337143902016,0.8055492571400996
beatonma/django-wm,0.7438748485542674,0.9743033871365928,0.8832994379253929,0.967300138282272
fitnr/censusgeocode,0.5744358611150134,0.734034701407232,0.7261386800660027,0.7336171789922883
jungtaekkim/bayeso-benchmarks,0.732087999514801,0.95998988405584,0.846154333277597,0.9233704996782702
nirs/pytest-threadleak,0.4935115505003772,0.8216685566515158,0.6582785702469469,0.7477103040562634
r4fek/django-cassandra-engine,0.2946662500973117,0.3847081301572724,0.3013829873333677,0.4480468371521679
evoluxbr/greenswitch,0.7278227837581832,0.8170888346112672,0.8221534902732442,0.7626679918883594
codelv/atom-db,0.6246176394417505,0.8270968264783577,0.7480106111268002,0.7844331134494762
django-tastypie/django-tastypie,0.5082189381129945,0.8299316003683325,0.5704876764077738,0.7036493389041292
jealous/stockstats,0.7997767998464937,0.935888155239654,0.9239118035408956,0.9414245906824475
zyegfryed/django-statici18n,0.4912193709501298,0.7902346379373181,0.5939885131273244,0.4906386143394202
computationalmodelling/nbval,0.720857535168853,0.9188366714010856,0.880874765120484,0.8817462411620037
djangoadminhackers/django-linkcheck,0.6488533002558059,0.857761158028856,0.9380688932598364,0.8693620542989198
gabfl/mysql-batch,0.7464350480050079,0.9342140062112144,0.8132320961637443,0.8296203023373204
gabfl/vault,0.7731171413933804,0.9325921655225744,0.9115325266499136,0.956348906995118
iqbal-lab-org/minos,0.3346470884878819,0.4083836549012993,0.4079104048695083,0.3424361300686273
marcus-oscarsson/pyqtconsole,0.6559832644036417,0.6422284816679925,0.6698272604965206,0.6174939682888713
pyqtconsole/pyqtconsole,0.6559832644036417,0.6422284816679925,0.6197882665761942,0.6653145559186864
gerardroche/sublime-phpunit,0.5300857949896473,0.6093411046363737,0.5506204122204325,0.5868727550211418
zamzterz/flask-pyoidc,0.4493225440286739,0.7333710196296307,0.7315399001999038,0.7386205099215789
celery/py-amqp,0.533958657885716,0.8921848433403053,0.8807064224077784,0.9348618484869032
changaco/python-libarchive-c,0.3746142714815573,0.5806970820044971,0.4750188724394332,0.5207576178918037
rhevm-qe-automation/pytest_jira,0.7123138044461538,0.7020107155352249,0.8325029703128207,0.8247654792760214
colcon/colcon-ros,0.2293294905394569,0.3491987347312643,0.330923166206925,0.3255233800118099
ciciui/django-db-logger,0.6879087649228172,0.692095643983952,0.964945964470956,0.982363416650756
delgan/win32-setctime,0.4239737989543184,0.9288023252684382,0.8717574030459337,0.9513901938305848
w3c/feedvalidator,0.8499837844432568,0.8910115756201616,0.8703029270675483,0.8674533771899944
timeplus-io/proton-python-driver,0.687731598897237,0.706229078443195,0.8214604294654687,0.7380201600118469
zooniverse/panoptes-cli,0.7206464407080212,0.7675170503506578,0.7478329091439796,0.7642335387635372
modscripps/mixsea,0.3621809170274604,0.8159110620464143,0.4993540303406443,0.4833525069566506
nexpy/nexusformat,0.7672491699592744,0.8908737281544229,0.8449713468919647,0.8832639444644171
django-fluent/django-fluent-blogs,0.4924202542618231,0.7813819183652614,0.8642202190964606,0.7370128822880824
edx/edx-analytics-pipeline,0.6349695402896008,0.8561834890457435,0.7602325293736982,0.8735553601177638
openedx/edx-analytics-pipeline,0.6349695402896008,0.8561834890457435,0.7867626828249296,0.873201319986702
aio-libs/aiohttp-sse,0.4667335813935945,0.7234047549043408,0.598952953872025,0.729676016335949
python/cherry-picker,0.57472108642734,0.8343344728530545,0.7790654762501802,0.8072140121623185
tutorcruncher/pydf,0.6329541637023555,0.8076583386365759,0.8188391970349331,0.8512167344465218
codezonediitj/pydatastructs,0.5744582524971142,0.8766115857469484,0.868971023429867,0.8795984587551501
crccheck/django-object-actions,0.3190975884995173,0.5670726179944854,0.5403186239997695,0.546628694823611
korfuri/django-prometheus,0.5536404772856874,0.6388143142871426,0.7794384387877028,0.7648836392478966
michadenheijer/pynytimes,0.1980572482925606,0.7542421689652216,0.7491808830394902,0.7491808830394902
openedx/openedx-webhooks,0.6559116272912433,0.8813606047758046,0.9081363519437295,0.8796962958501378
ladybug-tools/ladybug-pandas,0.6093235466820057,0.8546163562984427,0.880560816336994,0.8914688055590392
pypa/sampleproject,0.58040703480871,0.7102930573176767,0.7069436986033736,0.6620919988290476
ncclient/ncclient,0.8049067604451942,0.9318575485005578,0.9137218045635136,0.9444722341206307
niwinz/django-jinja,0.4843837528793442,0.6883755105756787,0.7130285484943678,0.5574144407308012
stonesjtu/pytorch_memlab,0.5825722759537155,0.6647401661905568,0.7159810593979475,0.8042350415374103
hugovk/gutenberg-metadata,0.2870392211757039,0.4217286932303083,0.398872296498355,0.4114266977551521
mschwager/fierce,0.6595210844751983,0.8073722909480556,0.7630497994335756,0.7999166539509408
eht16/python-logstash-async,0.6811328772175798,0.8502720755094129,0.838802042674651,0.8491567891825582
pympler/pympler,0.7209448597512711,0.8767648762250758,0.8613789848920745,0.9019224157070196
camptocamp/marabunta,0.7181124437458799,0.7967833907743044,0.8422546737092479,0.8312607482526031
eugene-eeo/tinyrecord,0.7247054943688866,0.7817825391624252,0.7446936402655902,0.8009844492722634
django/django-localflavor,0.5415767907885307,0.7646177878859006,0.4511635190997062,0.5472263572238241
esrg-knights/Squire,0.6678213617591056,0.8296454626802974,0.8573309402162523,0.8684545818683348
geany/www.geany.org,0.5921834899148024,0.7641455339478559,0.7535557646921132,0.75390450809067
earwig/mwparserfromhell,0.7852313862945212,0.8330917174925462,0.776813614937296,0.8556851677652946
jaylinski/kodi-addon-soundcloud,0.7108581701886838,0.8712419552468549,0.863836291037605,0.8599402046726932
tartley/colorama,0.4802643689759861,0.6837767488167034,0.6731225767469255,0.7131452382415127
canonicalltd/landscape-client,0.65791649366293,0.5557470413777312,0.7344933449518056,0.7500429720290401
pytest-dev/unittest2pytest,0.6417236108904819,0.7188993533909526,0.6618969203194555,0.7292281011546335
idank/bashlex,0.7068977635838454,0.8192966127273404,0.7729482515608311,0.7882292106837512
wimglenn/pytest-structlog,0.7276060643537646,0.8249904725085281,0.8135397086992074,0.7872433192042468
pytest-dev/nose2pytest,0.682179389149464,0.7986394472228218,0.715330999042724,0.7852879083133212
mathandy/svgpathtools,0.7714207399622589,0.7673367299131009,0.7397336700269108,0.8284570523167405
posita/dyce,0.7831791370863745,0.8837555775458267,0.8590517540938436,0.8653969339290111
drugilsberg/paccmann,0.6562384722129755,0.7804378147843302,0.7017675432039535,0.7643147743452914
aiven/pglookout,0.597570205007471,0.5398505217753228,0.3841683984025628,0.6167318361272097
matoking/protontricks,0.6592014719144997,0.8297444385782825,0.8734056915799782,0.8859991938053924
snakyeyes/ade-scheduler,0.5588479491176287,0.5664036089264192,0.7319823644323787,0.7021167373088176
ade-scheduler/ade-scheduler,0.5588479491176287,0.5231006745289615,0.7297633632504483,0.7272575004828106
dlenski/python-zxing,0.7491615054851637,0.8838865033530268,0.8814314052549748,0.9337751971648144
strongswan/strongtnc,0.7595043690865013,0.9397930170744924,0.8980399661906895,0.9341603917671252
lux-org/lux,0.778933670436221,0.8601365975418958,0.8453612611653072,0.8826867599604611
ecshackweek/impedance.py,0.6307475562659445,0.8846594463777722,0.8893657781786011,0.843203232436832
jschneier/django-storages,0.5644323834036865,0.852090233968214,0.6824196194137316,0.6629022252912748
yetone/olo,0.6253935413904672,0.7510903504716531,0.8416402348966525,0.8716330268172108
kiwitcms/tenants,0.5258077135400614,0.6806302511624185,0.6055305818244281,0.6215158314224908
certbot/josepy,0.6932659895071631,0.7992908377236732,0.7716938997466358,0.8100144214866529
adobe/ops-cli,0.4415337809579708,0.6810003096189605,0.7081662477474868,0.6930130586392337
shopify/pyreferrer,0.7216948281810912,0.8545101356411073,0.8291171138357434,0.8599833104261037
python-quantities/python-quantities,0.5534792347030337,0.7846455659426813,0.7950881790915891,0.8399197392885195
spulec/freezegun,0.7451389536418095,0.8989852503401584,0.8340303144201388,0.8816131255589239
python/pythondotorg,0.7463115992298831,0.6067640804049621,0.8107973319782642,0.6553597994616921
django-compressor/django-appconf,0.4668786596111182,0.891394262513465,0.4771764536764899,0.3851234007941139
flask-extensions/flask_simplelogin,0.8009322700264082,0.8787936254672113,0.800588341888684,0.8081959732551577
circuits/circuits,0.5052659818141817,0.7548138182898217,0.71330378555256,0.6979421876091491
craigds/django-typed-models,0.6152082508312879,0.8470961608154737,0.8386202201461043,0.8761480215163596
asmeurer/removestar,0.790451972040122,0.911799946517843,0.9212660000844392,0.9289457725126384
exodus-privacy/exodus-standalone,0.7188669332061809,0.8291217305222666,0.8219255045415699,0.8111122222591239
exodus-privacy/exodus-core,0.6850630456977644,0.7825399222097071,0.7736765167017702,0.8600703029864045
exodus-privacy/etip,0.7968944387276188,0.8866319081839896,0.9033315816715396,0.8749166573615014
avocado-framework/avocado-vt,0.6839426016969051,0.7564993300896569,0.7534562169812321,0.8355684820847373
python-zk/kazoo,0.3027240411697203,0.4873368476612445,0.4873368476612445,0.4780450036791863
yezyilomo/django-restql,0.6709274892532302,0.9215177159702808,0.8621074299733955,0.5958390791386154
ssec/sift,0.2419605346474213,0.7122585521556772,0.7122585521556772,0.7122585521556772
django-import-export/django-import-export,0.5207686267463603,0.5806941564123221,0.6975379267280802,0.7570021331234241
dbiir/uer-py,0.9985041407513532,0.6596199684869283,0.9991656283147858,0.9996946921875112
ovh/celery-director,0.6695046884811234,0.7525554171455866,0.8146959682232179,0.8502861971935805
pytries/marisa-trie,0.6651060386664897,0.7262688702639518,0.7173067391604253,0.752413732763797
becksteinlab/gromacswrapper,0.2161838179798435,0.4934813125835529,0.3639073634587207,0.7165451071563524
coding-kitties/investing-algorithm-framework,0.1987890962159668,0.6365807389962808,0.6365807389962808,0.6365807389962808
jumptrading/luddite,0.5890439262312052,0.8087112714374393,0.7654539913972409,0.7402969706303533
autotest/tp-qemu,0.6767134037204082,0.728560006904469,0.765632094506846,0.728560006904469
jonlabelle/trimmer,0.4130905249561424,0.6610455512946142,0.6380019782335837,0.5924863021352896
cgevans/scikits-bootstrap,0.2587851742712888,0.5029414923234279,0.5663150872480571,0.6641042172327125
delph-in/pydelphin,0.5987362023295779,0.7425557333702465,0.7093238696798992,0.7008872248437169
mwilliamson/python-vendorize,0.8157250251842435,0.9214135892357912,0.8584686961179966,0.895101057592077
xflr6/gsheets,0.5542581859648409,0.7826420942952214,0.622178829348078,0.7721356779131587
arthurdejong/python-pskc,0.6046760183004303,0.8993435386781204,0.8069869288486332,0.7865441420662893
chembl/chembl_structure_pipeline,0.3115289597585028,0.590609415765824,0.6577343024060271,0.6392303705814418
mhkit-software/mhkit-python,0.7009686328789704,0.8597948598957051,0.7985320450791279,0.8485151105154861
carrotquest/django-clickhouse,0.4011250692074027,0.3962750820917279,0.5939720526416523,0.5344126362333127
cnes/pandora,0.5913505243616147,0.7278809814070668,0.7532524845127306,0.7412743886834225
alanhamlett/pip-update-requirements,0.5462781364078239,0.7470784166313371,0.7148169938858291,0.7373952718446959
autotest/tp-libvirt,0.6570816603759096,0.7118007525381347,0.7606902102847914,0.7547943734049413
s3tools/s3cmd,0.6441142917801979,0.8158206920513379,0.8348543956386004,0.8089194613174466
liminspace/django-mjml,0.0906844651661773,0.8630604170405419,0.3781218885274317,0.3602573285318335
liqd/adhocracy-plus,0.6685601440138982,0.8232979001538863,0.8551903496426316,0.846029204775058
nir0s/distro,0.6166894987709887,0.8402836850325833,0.8432517517334706,0.8796702007080646
liqd/adhocracy4,0.6672978891404424,0.5698044562252028,0.6836764810141257,0.8129382191908531
modoboa/modoboa-amavis,0.6059241066009463,0.7068362597336644,0.8135531873942546,0.8268497503379124
aiven/pghoard,0.6365120373197724,0.7887093051798822,0.7888942879949571,0.7749449239120819
serge-sans-paille/gast,0.680104869334707,0.8628918632705129,0.8085679749362514,0.8186899718238285
liormizr/s3path,0.6750481158591597,0.7203692768122062,0.7569944258366228,0.7372769179096175
qiskit/qiskit-bot,0.6277615039921846,0.7338651415589117,0.7586876436667619,0.7513054095959394
tohojo/flent,0.5807995865295816,0.3169793338877928,0.5447556455401263,0.5614721346688886
openstax/openstax-cms,0.2782578292244089,0.3960305661473267,0.5083895473271577,0.4998140411760988
jsonpickle/jsonpickle,0.7255711943386007,0.6744730210340144,0.7279028553731159,0.7232374758173102
igordejanovic/parglare,0.7732702903537759,0.8578211698871966,0.9379221649937636,0.9299209127876252
ithaka/apiron,0.617891153020181,0.8580633815502017,0.8865993602859513,0.8705277090148935
mbj4668/pyang,0.7644354162016052,0.8563220018695932,0.8891090257272042,0.9571683897671116
skalenetwork/transaction-manager,0.1942730850788079,0.5295592963423165,0.5308117019796519,0.5308117019796519
devicetree-org/dt-schema,0.1741382889209753,0.6438831522271826,0.6438831522271826,0.6438831522271826
pyro-ppl/pyro,0.7116467252065539,0.7432291524969848,0.7284330835584654,0.837882043111418
zalando/connexion,0.7061678590465083,0.8078412677880638,0.8161570016014239,0.8305273918759695
spec-first/connexion,0.7061678590465083,0.8078412677880638,0.8042220480280812,0.8305273918759695
nens/dask-geomodeling,0.1932744592877467,0.5363332974558579,0.3523588451763459,0.3578011923444364
robpol86/sphinx-disqus,0.1560446180331529,0.4159261412598052,0.4306658953008051,0.5474695854242558
gedaskir/qmeq,0.2136731331739908,0.4051041789641683,0.3989193744266945,0.4777835468700356
thp/urlwatch,0.7775878222424539,0.915595183408138,0.9291510626233568,0.897450792477519
opencivicdata/python-opencivicdata,0.541196527384311,0.6651707890964184,0.7193150310483788,0.7349786851795049
rodrigo-arenas/sklearn-genetic-opt,0.7867458999829349,0.8820515819456831,0.8793722700825849,0.9117340317052542
crew102/reprexpy,0.6563582764451302,0.7698995981991184,0.7310298664811238,0.749796972066562
bmwcarit/python-dlt,0.3043362478197753,0.465265729233318,0.427372273537683,0.3280920823327151
ckan/ckanext-archiver,0.4504848041246006,0.4662743476965665,0.5652251656159923,0.6194747137019624
som-st/pysom,0.576040995941557,0.5480060858521337,0.6573760586288834,0.5608199751161369
smarr/pysom,0.576040995941557,0.5480060858521337,0.65611283001987,0.5608199751161369
pyar/asoc_members,0.5841521891109868,0.6626512213491051,0.6572608981982929,0.6491138061783376
modlinltd/django-advanced-filters,0.6807316025557874,0.8986889391883953,0.7957758836910198,0.8674339919952176
marcusva/py-sdl2,0.5333649322565429,0.6164249514033097,0.4171276324075461,0.636900964779494
py-sdl/py-sdl2,0.5333649322565429,0.6164249514033097,0.665996759484852,0.6009520933955025
stefan-grafberger/mlinspect,0.5181332717717521,0.736154272398113,0.6514438107757977,0.7083652419674856
packagecontrol/st_package_reviewer,0.4804084415109727,0.6563608269249551,0.616476354990024,0.528268986908456
click-contrib/click_params,0.4547298345984883,0.7380770973914008,0.7164958442904319,0.5821284421535899
mahmoud/boltons,0.5959532390110212,0.7093456457346196,0.6318919656158497,0.6308870927937928
ariebovenberg/snug,0.6807179238326131,0.876759221090935,0.8807454617858923,0.8473240804556991
python/core-workflow,0.5659913025424373,0.8637898530915731,0.7227521008466851,0.8090823735736706
int-brain-lab/ibllib,0.5369528861817524,0.6999199286762557,0.7357822656970124,0.7246269607126118
jvkersch/pyconcorde,0.3009080893871073,0.6041004525171956,0.5778148523507193,0.576615168645015
bogdanp/django_dramatiq,0.7302152298618634,0.7585705557860795,0.7608930483077464,0.771521139659278
percipient/django-allauth-2fa,0.6231550410814477,0.7359429262724556,0.7554149259017608,0.6894389736581891
valohai/django-allauth-2fa,0.6231550410814477,0.7359429262724556,0.7453373653554898,0.7315137560111336
hatchet/hatchet,0.6190703853811498,0.9071719752631724,0.9208156699509228,0.9496559020454162
telegraphic/hickle,0.4802730706842247,0.6064920822376477,0.5523069862606433,0.6143718920385572
cherab/core,0.7182369336359419,0.8243699869669245,0.8501612488360801,0.8520059626949764
torchbox/wagtail-markdown,0.3668816554233435,0.6853904757948364,0.4564164765189261,0.4456014868085438
martenson/disposable-email-domains,0.7666831675554338,0.7094106528689851,0.7156602901432707,0.6739379156430242
disposable-email-domains/disposable-email-domains,0.7666831675554338,0.6960353751968281,0.7156602901432707,0.6739379156430242
timniederhausen/gn-build,0.430619133516815,0.5528809750915725,0.4847110306410822,0.510241613583933
openshift-scale/cerberus,0.3033625203276339,0.6315975985633836,0.6380680235528631,0.6728819137414396
cloud-bulldozer/cerberus,0.3033625203276339,0.6315975985633836,0.6380680235528631,0.6967331876013465
chaos-kubox/cerberus,0.3033625203276339,0.6315975985633836,0.6380680235528631,0.7137681432215307
freebsd/iocage,0.5189659687118929,0.7099535156556083,0.7203735909474388,0.7367907974937807
greyli/bootstrap-flask,0.5980242628593716,0.626170151945838,0.6168703516259321,0.6654796218439694
m3t0r/tpl,0.6467051425956051,0.7552468793819097,0.7164149122663364,0.7527276077910782
jupyter/kernel_gateway,0.5904940692783336,0.7065048693223642,0.6862963272976577,0.7081780858663013
jupyter-server/kernel_gateway,0.5904940692783336,0.7065048693223642,0.6897336667683668,0.7081780858663013
urlab/incubator,0.6848546811870986,0.7870064442592,0.8275790237514796,0.8088948775708001
wirepas/gateway,0.3523829213935952,0.460947538012716,0.5357011134584229,0.5345961578851048
metabrainz/brainzutils-python,0.8449316548697293,0.8170933015231451,0.8169666170295009,0.8706715557111514
Josh-XT/pytube2,0.6301574850894236,0.8728979029669274,0.8683220632120585,0.8625783995365215
saadmk11/django-newsfeed,0.554179324727285,0.8225709398212492,0.6655373401411662,0.7188861938919202
nameko/nameko,0.5950536134943031,0.6242857497438272,0.8817188771571598,0.8083965686030904
nathanhi/pyfatfs,0.6059858922039869,0.7007995757919806,0.7563645897998801,0.7595845582461777
parquery/icontract,0.7102418788692502,0.7747339192667996,0.7857427126485936,0.7608411951084814
scikit-fuzzy/scikit-fuzzy,0.36526958114352,0.4611155636745351,0.5443993166254957,0.4624641119490692
sirver/ultisnips,0.9631266019738756,0.3688983336931,0.5758849839155855,0.9213105280442602
modoboa/modoboa-webmail,0.5939995871167808,0.7057038237335248,0.8107049497221547,0.8198256706376368
unode/firefox_decrypt,0.5251725690671236,0.65596711899369,0.6086091571622627,0.6630463561893517
bittremieux/spectrum_utils,0.307200522962803,0.4316678356187368,0.4338921310001288,0.4724278090769997
pythoncapi/pythoncapi_compat,0.5683675433321131,0.7346783281233772,0.7857050352796697,0.7972133170262037
python/pythoncapi-compat,0.5683675433321131,0.7346783281233772,0.7857050352796697,0.7909346427736805
python/pyperformance,0.6341758012489717,0.7754743624614451,0.7773433909951611,0.775943068872356
cyberbotics/urdf2webots,0.8123464814933138,0.8768167743500169,0.8272115220634181,0.8634763908506005
arthurdejong/python-stdnum,0.620277259133319,0.8825108147110378,0.7181772586761935,0.7752691163987732
cher-nov/cryptg,0.2487916495547582,0.6742142597357329,0.4702792017193489,0.5910408749669526
potassco/telingo,0.2251142675783779,0.4960723353794115,0.4468736726860239,0.4892189350599817
vstinner/python-ptrace,0.5256108720309521,0.8640953218306804,0.8933070497963884,0.8101067163824993
qgallouedec/panda-gym,0.6284465742992653,0.7991567037556082,0.7143914419500621,0.7885363250618602
simoninireland/epydemic,0.5015774986729521,0.7193546988051716,0.6413434198495669,0.6388330012336888
skontar/cvss,0.5774271717596834,0.7950531732050193,0.7567809068052546,0.8718546570394191
districtdatalabs/yellowbrick,0.4672862192449836,0.7101493300140088,0.7745233222066759,0.7166853068499311
jamescooke/flake8-aaa,0.7169452076490511,0.8251633735772501,0.8201638071064843,0.8867832756849411
aureliojargas/replace,0.662553158224365,0.6747135585352573,0.6237684291355134,0.7047695420051457
peeringdb/django-peeringdb,0.5906472801348716,0.772231978298508,0.7240675916264193,0.7554176405658113
ricequant/rqalpha,0.6607450874026511,0.9170631930450932,0.8716905471174389,0.8888679584878925
jfjlaros/demultiplex,0.6013384818605136,0.7096254925506493,0.7096714512466997,0.6983721807685231
telefonica/toolium,0.5457315726759571,0.7343544649680268,0.7240372925760958,0.7011521461101082
Infinidat/infinisdk,0.7529328987703003,0.8575352169504356,0.8663961082584305,0.8402743369561382
openownership/data-standard,0.338602491740741,0.5537201103621453,0.4786056038291225,0.517538881726865
regebro/pyroma,0.5792548296725248,0.8318606319559321,0.7946344946930797,0.7882148066352879
llimllib/limbo,0.5776987305417884,0.946107608857267,0.8486741868513148,0.8843963349694929
vxgmichel/aiostream,0.6054176449732307,0.6603237615273206,0.7103883922170302,0.7021479956079001
w3c/openscreenprotocol,0.598464423758127,0.7491041354671174,0.7462520614184673,0.7378830896545376
wwu-mmll/photonai,0.532744629655198,0.6689714108326232,0.6798755756986539,0.7231254491990422
sklarsa/django-sendgrid-v5,0.7694392565610142,0.8708642179683703,0.8517736613141436,0.9297064621347224
dakrauth/django-swingtime,0.7941944332134672,0.897214152919478,0.8688574943907305,0.9071101764030568
dlenski/aztec_code_generator,0.7629528425659813,0.8592836829811041,0.8683286485143612,0.8832932711336299
trusted-ai/aif360,0.5874754358815268,0.6639140522826776,0.6858263303314432,0.6942127555252945
pusher/pusher-http-python,0.7672859206791763,0.8668341937294973,0.8209597383711271,0.8887427194243687
ucla-irl/ndn-python-repo,0.612298835536679,0.8189542455930624,0.8172893456420967,0.733235192750131
stackstorm/orquesta,0.6779558855180903,0.8697302416318164,0.83096802141657,0.8584126358076161
mgalardini/pyseer,0.5159809635735997,0.6620081731229001,0.678194710187353,0.6785923577367882
koed00/django-q,0.6054581472819786,0.5626173028627236,0.705317958047052,0.7173947292092031
gday/django-q2,0.6054581472819786,0.6681147654840998,0.6892825828341119,0.7176253998887062
revsys/django-tos,0.2090291780411495,0.8273772055924871,0.3239277587029224,0.3402191051143519
mitya57/secretstorage,0.8216025134004502,0.9506779130131108,0.9375808213227218,0.9474863925533554
dorianbrown/rank_bm25,0.7386965592211716,0.6873458640683594,0.7844631486002106,0.8114914718904321
novnc/websockify,0.667493387898403,0.9268959759315012,0.8138626462171011,0.9328344404413044
payu-org/payu,0.6043317621997978,0.6948250430426837,0.8256695418105816,0.896587258322768
collective/collective.solr,0.329722030829018,0.4605884257325128,0.5104731332214391,0.4784851213857662
danirus/django-comments-xtd,0.5545920107972702,0.6720259300398091,0.7185167648991013,0.7131895355392033
linuxmuster-docs/main,0.622774570286551,0.5479877735767873,0.5731899718399303,0.4883334482945573
williamjameshandley/fgivenx,0.7193112469408889,0.7950386540422208,0.8218436478614866,0.8346438109920654
wildfish/django-star-ratings,0.4807628379445609,0.7645941153832887,0.6538580903566953,0.6549175268049616
zodb/perfmetrics,0.615441888125484,0.7365290593081735,0.8032689335603002,0.7233465309110152
alubbock/thunor,0.4621021302775652,0.6960054604045055,0.8538076934881801,0.8440486009776963
yelp/aactivator,0.7749993306492658,0.7112813293556614,0.6820640537632224,0.7514580400678226
fatal1ty/aioapns,0.7386196628722548,0.8039403387153549,0.8250335135199494,0.8163587103060632
django-oscar/django-oscar-api,0.5774536435151556,0.7101313327633807,0.7535148835026917,0.6069839955191599
lyft/cartography,0.6650525240793194,0.5837886688901609,0.6344152478517036,0.6202166250417832
cartography-cncf/cartography,0.6650525240793194,0.5467859612025086,0.6423783917903408,0.6197499180486877
bigswitch/pybsn,0.7145005054028694,0.8106761092548768,0.782203011262627,0.8164837585453254
adacore/e3-core,0.6938791802668963,0.7476898369658221,0.8160413990374663,0.8411965664471853
convexfi/riskparity.py,0.3546103534701245,0.5688783423991197,0.6061086040789357,0.6533112529249845
dib-lab/screed,0.4683929691092607,0.6392984541194099,0.5871083719635851,0.6474795343829227
nexb/scancode.io,0.4920867253615197,0.5085470636289483,0.686343287531648,0.7198584340691774
aboutcode-org/scancode.io,0.4920867253615197,0.5792656453838362,0.6831168256744179,0.7114482065640008
thoth-station/micropipenv,0.1301987876308742,0.1747136833352188,0.6051203999896769,0.5953616921411751
solvebio/solvebio-python,0.7038057201149893,0.8235673052488821,0.8019485983372948,0.8227900893732623
pusher/push-notifications-python,0.795167369692559,0.9442420333372876,0.9146418968019367,0.9281394127031164
learning-unlimited/esp-website,0.6454177122075405,0.5155752111562221,0.6351472178362104,0.5290446548415997
ably/ably-python,0.6586977444157904,0.8050086008389169,0.7816926656781195,0.7813834908240227
rlworkgroup/metaworld,0.4165339385813527,0.2870159218014804,0.5629850792678828,0.5639998075848246
zaproxy/zap-api-python,0.7722356320879297,0.8538024821996607,0.7994040954422904,0.7974276459420054
hotdoc/hotdoc,0.7297303659724838,0.8525738634447732,0.8046917290844944,0.8452668568201838
kiwicom/structlog-sentry,0.2661370920947898,0.2750401638039901,0.24402340015457,0.3224786774605719
prompt-toolkit/ptpython,0.7396666621288105,0.9098821347557288,0.9003204977112546,0.941110133149143
crate/docker-crate,0.6645359306921261,0.809819882213345,0.8145951005380314,0.8599838451570921
nottinghamtec/pyrigs,0.5272163473308544,0.6698555908181082,0.7036541891507143,0.6565775473136531
nose-devs/nose2,0.5185070098301766,0.6252932384445696,0.7001766438446699,0.6643130556671701
joalla/discogs_client,0.8095842758638817,0.94075662182702,0.856939824046091,0.929747696004512
floooh/fips,0.2286509339532424,0.2419168732867326,0.1814983633234619,0.1815599673730719
openwisp/openwisp-users,0.681328896184155,0.8163960360412948,0.8643388433470085,0.9010156255169344
retext-project/pymarkups,0.675687578279342,0.899096467446083,0.7497613341468599,0.8872167339374993
xanaduai/thewalrus,0.7002952650545475,0.6854688207803042,0.7688132152898732,0.7931747264595426
fuhrysteve/marshmallow-jsonschema,0.5889488311738402,0.8279241121391826,0.7423612622267769,0.8266046757436485
bundlewrap/bundlewrap,0.6107943125734436,0.7833743080309397,0.669956718795996,0.6726636158236449
f-dangel/backpack,0.5562688710149758,0.7870866925589967,0.609493393287694,0.7677333498626693
polyconseil/django-cid,0.6503306557381621,0.7732677032656792,0.7027108285072227,0.4253666946120586
vifactor/repostat,0.4910192507814994,0.7110875048851056,0.7178561752315618,0.7236102063283595
chaoss/grimoirelab-graal,0.6392684098502599,0.867493907201895,0.9529135051409876,0.8531172182928535
strongswan/strongman,0.6750918660544261,0.8835475457218743,0.7097759179168466,0.7985346076521845
20c/rdap,0.4229938103298803,0.5358993342305836,0.5386351563788977,0.5535131479681107
tiran/defusedxml,0.592177156911305,0.8670825459509369,0.819655716921582,0.5991056937181823
bihealth/sodar-core,0.5663603568384966,0.6792398915946952,0.7639892446398935,0.6291567792440822
abusix/ahocorapy,0.7094133419808517,0.8066160654612526,0.7663643487688556,0.823139265579601
keiserlab/e3fp,0.377358778460723,0.653314925825102,0.544419236405487,0.6759829824751473
jocketf/fimfarchive,0.7937336180165236,0.9336948006820524,0.8555635200775829,0.9425943387063148
radiocosmology/driftscan,0.6678952327824278,0.7926576850496396,0.8622101908092619,0.8785529953912564
tue-robotics/node_alive,0.4071352789849208,0.5678720921427961,0.6062465172640168,0.5463206058338903
pytorch/tnt,0.5998410909999715,0.7036638225027071,0.6819965902197251,0.7119415067709235
spinlud/py-linkedin-jobs-scraper,0.6312684847855444,0.7415590734054333,0.8013386253267534,0.8042894201479859
danjac/pyramid_storage,0.4887596348658149,0.7082239671346678,0.6500103097921751,0.6317166579432865
preset-io/elasticsearch-dbapi,0.5433749096493796,0.7588204287201099,0.6433909142827938,0.5883898979396074
uf3/uf3,0.6862043111388689,0.8022808299981835,0.7446111741354087,0.767459463534925
MrParosk/pyDenStream,0.7382359985638107,0.8056598904496691,0.8318621295311239,0.7927523984636801
grigorig/stcgal,0.7169321179088752,0.8409804131869726,0.8210675053812847,0.8566044851330838
ab-ce/abce,0.6186785099503364,0.9565904803219932,0.9430692753598658,0.8258193710605873
1adrianb/face-alignment,0.5615527574631735,0.7194852948790753,0.6189268916237621,0.7260340553081551
kipe/pycron,0.6083848495777275,0.7898243125394822,0.7416896680060089,0.7497515038635684
chaoss/grimoirelab-sirmordred,0.5826809636164774,0.7283415658429735,0.782659034101994,0.7905017375812036
rm-hull/luma.emulator,0.5410692483212179,0.761371433276338,0.6471418433332993,0.6669471512124767
nickjj/flask-static-digest,0.9470058459700756,0.978665158462286,0.9816883085248964,0.9798064585942142
opensvc/opensvc,0.6626885610872812,0.8654156557292727,0.8473919769452617,0.9113914456653804
yunojuno/django-management-command-log,0.6524377781249507,0.7854249473205217,0.6139881506610781,0.5172750639307744
inveniosoftware/invenio-app-ils,0.372957099712553,0.4748574988904741,0.4410694279883366,0.447243319894428
thomasballinger/curtsies,0.6446273783095913,0.9085515463709154,0.8393889699062492,0.8647472010295668
dtcooper/python-fitparse,0.6757956272863017,0.750900526121232,0.6852465375752,0.7805387387281596
plone/plone.rest,0.6805646858261468,0.8192271857092995,0.8914671306305204,0.9129630633689748
dobiasd/undictify,0.3806044318574539,0.5461770994791224,0.5098570916005927,0.5904244746528212
strateos/transcriptic,0.5059005177942587,0.7739945597773571,0.8552319811314267,0.7973303829279919
mtgjson/mtgjson,0.5275227913486099,0.7375909832291204,0.7284560307614732,0.7281250790286982
edx/edx-rest-api-client,0.286535735027098,0.6453851010308839,0.6413795301054117,0.6413795301054117
coleifer/wtf-peewee,0.8147001834221165,0.9162808390360632,0.8788146792992592,0.9162808390360632
coleifer/flask-peewee,0.8126578077514551,0.9413997637213396,0.8770803905862755,0.913004591507956
coleifer/walrus,0.6222232882182701,0.8603249689106633,0.8888311090165406,0.8369899134919822
coleifer/scout,0.8043217188395385,0.9105103783067148,0.8788146792992592,0.9096934710276308
luispedro/jug,0.6534687219073814,0.8484788590062589,0.8155161197272058,0.7851188247871185
linode/linode-api-docs,0.6443698809535909,0.7509676311379642,0.682351242251903,0.5759179201219778
astropy/astroplan,0.2616714110610851,0.6890766778912872,0.4542433697772501,0.637435054336442
hugovk/random-street-view,0.7377405926278632,0.9282611770557494,0.8454256352640274,0.8729651635457991
wee-slack/wee-slack,0.5242728372757162,0.5120784011858283,0.4862774469534557,0.5197655325836014
aiidateam/aiida-cp2k,0.6307806535794385,0.5912489507039148,0.5458687142988512,0.632152365450972
CERNDocumentServer/cds-ils,0.307851756375669,0.554074689790656,0.3698455456593209,0.3778301735664105
daoo/autodesk,0.758179624717352,0.8655525352809825,0.8514936110772808,0.8727260142404842
dlenski/what-vpn,0.7448384320757495,0.8631122573325148,0.8536958294394659,0.8575097577811752
jupyter/enterprise_gateway,0.5907827039927729,0.7768578154386242,0.7672694470695691,0.7979747622587741
jupyter-server/enterprise_gateway,0.5907827039927729,0.7743792951566899,0.7741729160360501,0.7745111290063679
pyfeeds/pyfeeds,0.645750681229347,0.7041879221347389,0.686524803288514,0.8662806767587519
learnables/learn2learn,0.4516978422819516,0.651888290364798,0.5517033062039524,0.5900264610892969
aequitas/python-rflink,0.5591657727985135,0.7847485466659823,0.7976825395713841,0.8194258086995976
gecrooks/quantumflow-dev,0.7200618537040121,0.8081898862153688,0.8879752514589634,0.8856905301650504
barrust/mediawiki,0.3893062370284845,0.6594003327690074,0.5815864278340701,0.6039216015585901
rm-hull/luma.lcd,0.5747998551754435,0.7883998482815614,0.7198417767055891,0.7598039078394726
alphagov/digitalmarketplace-frameworks,0.737193916440647,0.8008147901307947,0.8058962431787812,0.7973935891694967
crown-commercial-service/digitalmarketplace-frameworks,0.737193916440647,0.8008147901307947,0.8058962431787812,0.7973935891694967
django-oscar/django-oscar,0.543860908033898,0.8249174149872942,0.713957071213666,0.732559872453593
geoalchemy/geoalchemy2,0.554075229080128,0.6275938401516071,0.7965571492400604,0.8199920037786991
pycqa/pyflakes,0.4690999453306465,0.6329537585882137,0.6221958050776765,0.609529560736641
pollination/queenbee,0.6196559515714138,0.9195896499363336,0.923744694777138,0.9253266999187156
chaoss/grimoirelab-elk,0.4222293707210445,0.6125144578004017,0.534938631039565,0.5609305464259268
googlecloudplatform/click-to-deploy,0.6719716432106952,0.7605895649815918,0.8464937929972594,0.8522068857787659
crown-commercial-service/digitalmarketplace-supplier-frontend,0.5985715167733483,0.7222953948726175,0.7030256726314538,0.666922287020583
inveniosoftware/invenio-records,0.21090416042109,0.7461762626988299,0.534607569361883,0.3809374711792367
arm-software/workload-automation,0.6594121511995936,0.650828584917397,0.7220926059042452,0.7127188226687763
sciris/sciris,0.5711531071210205,0.7264888517084649,0.6704603982927972,0.7025502647141569
rm-hull/luma.core,0.5900823793620837,0.7789570207434696,0.6776168155347582,0.7312626099998735
hugovk/strava-tools,0.3069974234664045,0.4590565673890803,0.4591541345717714,0.4289868861573987
containers/udica,0.5466051188587617,0.4844992011850706,0.5030804574130989,0.5209259242493737
edx/repo-tools,0.3289321915284525,0.7268594642455244,0.7268594642455244,0.7268594642455244
dictation-toolbox/caster,0.7081889062317281,0.8997631039269921,0.8960985962347237,0.8919041958690833
tue-robotics/image_recognition,0.4576744364580866,0.5492104862904836,0.5247188246503781,0.5738555119951368
3yourmind/django-migration-linter,0.5511649310207242,0.7227602902738667,0.4900268192529195,0.5598262016417583
raimon49/pip-licenses,0.7453985924208563,0.8741678591468438,0.8544117416082426,0.8751558186938294
fedora-selinux/selinux-policy,0.5998296514894499,0.6020776253737999,0.6059083259672071,0.6628967843535445
enjoy-digital/litescope,0.4539790708820105,0.5078488804723464,0.4933438263594715,0.5676619680135051
enjoy-digital/litedram,0.5219328941603566,0.5485106049467456,0.5774213653026209,0.6769763915705204
enjoy-digital/liteeth,0.6127566641775901,0.6422706029723877,0.5970117002754054,0.6046917288084313
pycqa/flake8-bugbear,0.6588856107690726,0.8879092356798395,0.803474455717683,0.9244897187926974
ebi-gene-expression-group/scanpy-scripts,0.5619410794502686,0.7754713023185555,0.7628316476536816,0.7686718514768572
spl0k/supysonic,0.7427396046940357,0.8970843400704723,0.8720960949740875,0.921701077275862
jrfonseca/jmdict-kindle,0.6329668972442656,0.6502916971666923,0.71932742039014,0.7727232070816074
jmdict-kindle/jmdict-kindle,0.6329668972442656,0.6957097156782264,0.7782194218715593,0.77011316822733
tommyod/efficient-apriori,0.6359029087889178,0.8374441154705657,0.8547784164690154,0.8376366903696657
aws-cloudformation/cloudformation-cli-python-plugin,0.568320795490108,0.730295993379238,0.7537791869833933,0.7766296596831451
julienpalard/oeis,0.5099800578445874,0.7045021461780335,0.5552536327037283,0.6600859478277296
tenable/pytenable,0.8116224809608255,0.7860778618060574,0.8095940127751041,0.8507082425404828
tarantool/test-run,0.717084475757556,0.8372437357682181,0.7955661419139558,0.8026963119529776
idr/idr-metadata,0.7768079160127428,0.8439381400833422,0.8557506704634565,0.8111028155264933
pymoca/pymoca,0.5870946419546829,0.6547967317644805,0.7749295232401316,0.7681114528160576
simonit/spotifylyrics,0.5633102508626817,0.7982039155725082,0.8206041155005238,0.8558340094704777
flozz/nautilus-terminal,0.4430451731009362,0.6441282749121559,0.6524844731660164,0.6217108595985723
dask/dask-ml,0.3890348121281618,0.5360758068646447,0.6580552156802477,0.648452469024706
abusix/querycontacts,0.6764991391090249,0.8447033672349898,0.7651994167440064,0.8265080349120317
p4lang/ptf,0.8368928496436491,0.8366080512010915,0.8864839049661569,0.8050659362385745
chronicle/api-samples-python,0.6403944873474752,0.7840666270376361,0.7406977387345733,0.7742905959763566
duosecurity/duo_openvpn,0.8684618366869694,0.9487659395050594,0.9111502817202116,0.9577003753466404
dask/partd,0.5915130077072358,0.7311771388852603,0.7262668076317226,0.816968774902554
reata/sqllineage,0.7539306974941358,0.8871424493075666,0.8703430011808342,0.9468666538350244
pimoroni/grow-python,0.5255571439033242,0.824533304528073,0.8055996223226938,0.8117708533016192
pytest-dev/pytest-testinfra,0.448602936026303,0.673968926851106,0.6020914390009996,0.5874199840944904
python-babel/babel,0.4185851371571015,0.65704869886933,0.6117209135963049,0.6244386867750275
python-semver/python-semver,0.4154902185329472,0.5354107893973,0.5306970524034716,0.5574142712740338
vmiklos/ged2dot,0.7272535957526113,0.8956990605582121,0.9779383394255,0.9223390414747475
django-dbbackup/django-dbbackup,0.487851094503853,0.6481227233000073,0.6274149393168736,0.5477115583391002
jazzband/django-dbbackup,0.487851094503853,0.6080065596271602,0.6300881891860778,0.5308640677458035
ebook-utils/css-parser,0.4255623276146369,0.6821382417775813,0.6516213817817084,0.6594101780281001
openwisp/openwisp-notifications,0.6783150219755925,0.8495638828186295,0.9054524469883825,0.7956431199128825
getsentry/reload,0.8502292166668289,0.778738124415854,0.7699732732378233,0.7982364455559402
duosecurity/duo_universal_python,0.8491033680465526,0.9586834069478524,0.926749756546894,0.9659154866217856
jpuigcerver/pylaia,0.4424608640394855,0.6574225713680487,0.7203650850368767,0.6017967884142968
dgilland/sqlservice,0.6567383761869522,0.8642874415205309,0.8391084872177862,0.8663747054715889
dgilland/cacheout,0.6598887090928253,0.8642874415205309,0.8087843220480444,0.8733826216387891
mrbean-bremen/pytest-order,0.3333662343529949,0.3903039357928998,0.4089895559148691,0.3903039357928998
soimort/you-get,0.6809148240415386,0.8420997417855768,0.811304543380448,0.8340677912769257
dokku/ansible-dokku,0.4832532384376492,0.7019353858904753,0.7063869911985072,0.7817785850954083
dassencio/mapgen,0.6882903844011201,0.7406395470151691,0.8542662777096811,0.897254665244716
dpgaspar/flask-appbuilder,0.4727615912513193,0.6566903888260845,0.4361189197536001,0.3990614270395466
pylons/pyramid_debugtoolbar,0.5076463732266274,0.7649642296366573,0.6459727148017308,0.5785256425146221
django/daphne,0.5383591835458222,0.7984654280378816,0.7866468916907445,0.7108355828240599
ome/omero-web,0.6699317872313235,0.7826590560544763,0.8250340208379183,0.8569472035133298
tigge/openant,0.752485154779762,0.8833678664270762,0.8471224014811015,0.8312354508684502
rust-lang/homu,0.5820870897951538,0.5978115961373277,0.6297750004328599,0.6711671674226521
bbc2/shuffled,0.4828396030628868,0.612503852054121,0.5912833030757209,0.6024143656835595
dabapps/django-enforce-host,0.6907106308626165,0.9002671123429028,0.8274603441737624,0.8640535866380228
dabapps/django-zen-queries,0.5872172177714876,0.7959327387943579,0.6792059771878698,0.5918555458881578
filestack/filestack-python,0.685561378848822,0.8815381234021321,0.7555719510163341,0.8298289667715637
apache/fluo-muchos,0.7381725459597095,0.8436396685583889,0.8436396685583889,0.8362885614304879
anexia-it/django-rest-multitokenauth,0.5252149707901168,0.5405086719385,0.7135102543007701,0.7493149468616543
anexia/drf-multitokenauth,0.5832290383068641,0.6146112588936661,0.8331009464358068,0.8471238968383726
provinzkraut/cologne_phonetics,0.6705656379034043,0.6808359327910029,0.6428566766068169,0.7177540703200299
benbarth/hacktoberfest-swag,0.312296265461657,0.1156299740101893,0.3971060338769467,0.3993362095381823
konikvranik/pycec,0.6101720359121366,0.8039648240523722,0.8186650657185741,0.8284003920077152
kislyuk/argcomplete,0.463858753110261,0.7340380134557185,0.7533894686028365,0.7665424999013764
eliben/pss,0.7489650826754468,0.7261249926063393,0.8034057646072733,0.7896747264658651
regebro/tzlocal,0.6111313013307457,0.6787252142812871,0.6672589468492808,0.6876039443472802
xmatthias/pywnedpasswords,0.7250910773955976,0.9129789494147768,0.8973578501254263,0.9041077332911946
mpolden/jarvis2,0.7146894056092451,0.8235624306118344,0.8365878610954164,0.821365019557414
gpiozero/gpiozero,0.575978153949711,0.8644340061302832,0.8593624359618189,0.8506519393221612
kristianoellegaard/django-health-check,0.4714818073064185,0.7053462910956596,0.6801814442499938,0.6729785222200404
revsys/django-health-check,0.4714818073064185,0.6881957539129204,0.641736802478925,0.5408689570130668
piwheels/piwheels,0.3527055771251279,0.5855491213967755,0.559002220117393,0.5568179932464645
openxbox/xbox-webapi-python,0.6754544211419609,0.8319280938022677,0.8600330117842891,0.8441693145548884
circus-tent/circus,0.4909036764745933,0.737044354367407,0.749761338172528,0.7721079233475735
charmed-kubernetes/jenkins,0.6264739132861675,0.7980719213131723,0.7894824755962888,0.8331747647981533
hypothesis/bouncer,0.6462313300802018,0.6015555067683951,0.8847823520799968,0.8365043864934173
quantumlib/openfermion-pyscf,0.6363343522428377,0.7458398310083507,0.6918308602715352,0.6905469077497696
nmigen/nmigen-soc,0.6753632000400938,0.790164747093203,0.7739188866849621,0.8606344146666743
amaranth-lang/amaranth-soc,0.6753632000400938,0.808750702010681,0.7946654137515665,0.8606344146666743
uptick/pymyob,0.3491024907898281,0.6143059472078706,0.4688613144151923,0.4239573715189385
samuelcolvin/harrier,0.6604796126189028,0.80910021303077,0.8521613064248008,0.8757064304063815
graalvm/mx,0.8768847148063847,0.8173985659829475,0.769476364114065,0.7853169417446542
cesnet/libyang-python,0.5813814358611289,0.7312261227844185,0.711082837569081,0.5790961229756398
drivendataorg/deon,0.6410125581381603,0.9045679982422652,0.9467170275323332,0.9662151177262218
whatwg/misc-server,0.6986029375010712,0.5906014946427941,0.5814530945891723,0.6707236797388983
picterra/picterra-python,0.8125997321049411,0.9421694934769468,0.9176508357628468,0.912278613097634
aiidateam/kiwipy,0.5605175175026454,0.6099186866538546,0.6224557393817423,0.6895678518987113
cfstacks/stacks,0.520616212255866,0.7347659788051303,0.7185522593675527,0.7566526453439903
lki/chinese-calendar,0.6936548793916315,0.8106423574370539,0.7978210749309618,0.7992391620860895
colcon/colcon.readthedocs.org,0.8108436454568216,0.8685752446210612,0.8447243451486278,0.9282743461854932
amancevice/influxalchemy,0.3160885107642002,0.3874442699776668,0.443810989118376,0.4666696295976512
zac-hd/hypothesis-jsonschema,0.8421618204779032,0.8732618906977209,0.9357307007671208,0.926807932316972
mahjongrepository/mahjong,0.7535367518843648,0.8153958295252443,0.8483286095337903,0.853525924484879
wncc/instiapp-api,0.6449759258424737,0.7489811952167776,0.8529703901412747,0.8023592759034199
remcohaszing/pywakeonlan,0.456037120483456,0.5996143079522169,0.705392342101828,0.6941208413234456
eth-brownie/brownie,0.3911409703481737,0.555833254289765,0.5402466574722847,0.577932916254979
iamdefinitelyahuman/py-solc-x,0.4327762123123366,0.7059219239586165,0.5258196425289626,0.6956228281836329
daffidwilde/matching,0.6853284696592865,0.772564423823769,0.7769345536430046,0.7747933364132583
rt-net/crane_x7_ros,0.3611896145678496,0.1840273838786572,0.3253826593580612,0.3526784504619195
wemake-services/docker-image-size-limit,0.162910191068869,0.9746925823112742,0.9903514561394822,0.9984030779956612
djc/rnc2rng,0.5918886124064662,0.7043655311622885,0.6803705024548191,0.7035642990709883
ppinard/matplotlib-scalebar,0.8236166343759287,0.7595685181891343,0.7226254375223806,0.7595685181891342
kanboard/python-api-client,0.7472329257342571,0.8365686376999432,0.8478768973850654,0.8583689938381691
tramcar/tramcar,0.8398347872075524,0.9293965304099276,0.9074243193598118,0.9229782923460488
damnever/pigar,0.652932301838987,0.8200032991564361,0.8117592523673195,0.7745471430632197
treasure-data/td-client-python,0.7357202915841207,0.8542228656474948,0.7920633523746837,0.8932582339228445
yaph/logya,0.7114760489922521,0.8201921345871487,0.765448268946339,0.8085310820837373
netbox-community/go-netbox,0.7309832133318505,0.8091250388312142,0.908544821379582,0.9282019391297436
horizonrobotics/alf,0.5163497925360978,0.3453764351401987,0.6167701669876985,0.5458855876523455
pjuu/pjuu,0.4262192403328846,0.7032074213391437,0.6090639489738133,0.6220591812278105
fkie/catkin_lint,0.7543509448107972,0.8320927338552241,0.8020338748018455,0.8145342075347883
owasp/cheatsheetseries,0.4033273613684809,0.4571838767619275,0.6437314652599581,0.6047617742057718
jack1142/jackcogs,0.6440228203272713,0.6583638468730897,0.6877392553089307,0.7264921871477134
trailofbits/manticore-examples,0.4727257928453011,0.6164327357265247,0.6035784002875875,0.6164327357265247
hexlet/hexlet-friends,0.7334599358273972,0.7046027214232272,0.8760595151268085,0.7500884008958393
codingpirates/forenings_medlemmer,0.2520051705956644,0.8909193280025798,0.8909193280025798,0.8646140810589453
drvinceknight/nashpy,0.5467165747661629,0.8305594380772776,0.6264320791251489,0.6796289100225165
tanghaibao/goatools,0.2825180441697946,0.5064958535971384,0.4901842099608595,0.5171977999547603
tanghaibao/jcvi,0.3376750220720362,0.7918388878814004,0.7817761562117165,0.4890302593144904
roclark/sportsipy,0.1714576945508547,0.5329106858718987,0.5329106858718987,0.535196531147857
siddhantgoel/beancount-ing,0.8564389904380357,0.9428815682958208,0.9107746798867808,0.9528774477697414
siddhantgoel/beancount-dkb,0.8436850207962425,0.902052158177608,0.9361564454894944,0.9667270384964888
siddhantgoel/flask-filealchemy,0.8447046441553746,0.9484792795211912,0.9118485120024644,0.9389879184005872
georgeyk/belogging,0.5856675715543636,0.6340836178321694,0.6558220790384672,0.5511677567858961
